tipo,url,orientador,avaliador1,avaliador2,avaliador3,avaliador4,avaliador5,avaliador6,orientador_filiação,row_idx,orientador_nome,orientador_país,avaliador2_filiação,avaliador1_nome,avaliador1_país,avaliador2_nome,avaliador2_país,avaliador2_keyword_1,avaliador2_keyword_2,orientador_keyword_1,orientador_keyword_2,orientador_keyword_3,orientador_keyword_4,avaliador1_filiação,avaliador4_filiação,avaliador5_filiação,avaliador3_nome,avaliador3_país,avaliador6_nome,avaliador6_país,avaliador5_nome,avaliador5_país,avaliador3_filiação,avaliador4_nome,avaliador4_país,avaliador6_filiação,avaliador2_keyword_3,avaliador2_keyword_4,avaliador1_keyword_1,avaliador1_keyword_2,avaliador1_keyword_3,avaliador1_keyword_4,avaliador1_keyword_5,avaliador2_keyword_5,avaliador3_keyword_1,avaliador3_keyword_2,avaliador3_keyword_3,avaliador4_keyword_1,avaliador4_keyword_2,avaliador4_keyword_3,avaliador4_keyword_4,avaliador4_keyword_5,ano,orientador_keyword_5,orientador_keyword_6,avaliador6_keyword_1,avaliador6_keyword_2,avaliador6_keyword_3,avaliador6_keyword_4,avaliador3_keyword_4,avaliador3_keyword_5,avaliador1_keyword_6,avaliador4_keyword_6,avaliador2_keyword_6,avaliador2_keyword_7,avaliador2_keyword_8,avaliador2_keyword_9,avaliador2_keyword_10,avaliador2_keyword_11,avaliador2_keyword_12,avaliador2_keyword_13,avaliador1_keyword_7,avaliador6_keyword_5,avaliador1_keyword_8,avaliador1_keyword_9,avaliador1_keyword_10,avaliador1_keyword_11,avaliador3_keyword_6,avaliador4_keyword_7,avaliador3_keyword_7,avaliador5_keyword_1,avaliador5_keyword_2,avaliador5_keyword_3,avaliador5_keyword_4,avaliador3_keyword_8,avaliador3_keyword_9,avaliador3_keyword_10,avaliador3_keyword_11,avaliador3_keyword_12,avaliador3_keyword_13,orientador_genero,avaliador1_genero,avaliador2_genero,avaliador3_genero,avaliador4_genero,avaliador5_genero,avaliador6_genero
MESTRADO,https://repositorio.unicamp.br/acervo/detalhe/420825?guid=1651936552381&returnUrl=%2fresultado%2flistar%3fguid%3d1651936552381%26quantidadePaginas%3d1%26codigoRegistro%3d420825%23420825&i=1,orcid.org/0000-0002-6540-8686,sem orcid,orcid.org/0000-0002-8803-0401,,,,,University of Campinas,0,Paulo de Geus,Brazil,UNICAMP,sem orcid,sem orcid,Rodolfo Azevedo,Brazil,,,Computer Security,,,,sem orcid,,,,,,,,,,,,,,,,,,,,,,,,,,,,,2006,,,,,,,,,,,,,,,,,,,,,,,,,,,,,,,,,,,,,,Masculino,sem orcid,Masculino,não anotado,não anotado,não anotado,não anotado
MESTRADO,https://repositorio.unicamp.br/acervo/detalhe/364402?guid=1651936595480&returnUrl=%2fresultado%2flistar%3fguid%3d1651936595480%26quantidadePaginas%3d1%26codigoRegistro%3d364402%23364402&i=1,orcid.org/0000-0002-6540-8686,sem orcid,orcid.org/0000-0002-7002-875X,,,,,University of Campinas,1,Paulo de Geus,Brazil,University of Campinas,sem orcid,sem orcid,Ricardo Dahab,Brazil,Cryptography, Graph Theory,Computer Security,,,,sem orcid,,,,,,,,,,,,,,,,,,,,,,,,,,,,,2006,,,,,,,,,,,,,,,,,,,,,,,,,,,,,,,,,,,,,,Masculino,sem orcid,Masculino,não anotado,não anotado,não anotado,não anotado
MESTRADO,https://repositorio.unicamp.br/acervo/detalhe/378058?guid=1651936635269&returnUrl=%2fresultado%2flistar%3fguid%3d1651936635269%26quantidadePaginas%3d1%26codigoRegistro%3d378058%23378058&i=1,orcid.org/0000-0003-4869-5190,orcid.org/0000-0002-8803-0401,orcid.org/0000-0003-1574-0362,,,,,Universidade Estadual de Campinas,2,Guido Araujo,no info,Instituto Tecnológico de Aeronáutica,Rodolfo Azevedo,Brazil,Cesar Marcondes,Brazil,,,,,,,UNICAMP,,,,,,,,,,,,,,,,,,,,,,,,,,,,,2006,,,,,,,,,,,,,,,,,,,,,,,,,,,,,,,,,,,,,,Masculino,Masculino,Masculino,não anotado,não anotado,não anotado,não anotado
MESTRADO,https://repositorio.unicamp.br/acervo/detalhe/364404?guid=1651936703650&returnUrl=%2fresultado%2flistar%3fguid%3d1651936703650%26quantidadePaginas%3d1%26codigoRegistro%3d364404%23364404&i=1,orcid.org/0000-0001-5685-8004,sem orcid,orcid.org/0000-0002-7002-875X,,,,,no info,3,Siome Goldenstein,no info,University of Campinas,sem orcid,sem orcid,Ricardo Dahab,Brazil,Cryptography, Graph Theory,,,,,sem orcid,,,,,,,,,,,,,,,,,,,,,,,,,,,,,2006,,,,,,,,,,,,,,,,,,,,,,,,,,,,,,,,,,,,,,Masculino,sem orcid,Masculino,não anotado,não anotado,não anotado,não anotado
MESTRADO,https://repositorio.unicamp.br/acervo/detalhe/365332?guid=1651936734921&returnUrl=%2fresultado%2flistar%3fguid%3d1651936734921%26quantidadePaginas%3d1%26codigoRegistro%3d365332%23365332&i=1,orcid.org/0000-0001-5685-8004,orcid.org/0000-0001-5489-4909,orcid.org/0000-0002-9554-1381,orcid.org/0000-0002-3159-4839,,,,no info,4,Siome Goldenstein,no info,State University of Campinas,Luiz Velho,no info,Ricardo Machado Leite de Barros,Brazil,Biomecânica,Cinesiologia,,,,,IMPA,,,Jorge Stolfi,no info,,,,,State University of Campinas,,,,Educação Física Desportiva,Biomecânica do Movimento Humano Aplicada aos Esportes,,,,,,,,,,,,,,,2006,,,,,,,,,,,,,,,,,,,,,,,,,,,,,,,,,,,,,,Masculino,Masculino,Masculino,Masculino,não anotado,não anotado,não anotado
MESTRADO,https://repositorio.unicamp.br/acervo/detalhe/364377?guid=1651936782089&returnUrl=%2fresultado%2flistar%3fguid%3d1651936782089%26quantidadePaginas%3d1%26codigoRegistro%3d364377%23364377&i=1,orcid.org/0000-0002-2914-5380,sem orcid,orcid.org/0000-0001-5685-8004,,,,,Universidade Estadual de Campinas,5,Alexandre Falcao,Brazil,no info,sem orcid,sem orcid,Siome Goldenstein,no info,,,image processing, visualization, and analysis, (interactive) machine learning ,sem orcid,,,,,,,,,,,,,,,,,,,,,,,,,,,,,2006,,,,,,,,,,,,,,,,,,,,,,,,,,,,,,,,,,,,,,Masculino,sem orcid,Masculino,não anotado,não anotado,não anotado,não anotado
MESTRADO,https://repositorio.unicamp.br/acervo/detalhe/364410?guid=1651936837446&returnUrl=%2fresultado%2flistar%3fguid%3d1651936837446%26quantidadePaginas%3d1%26codigoRegistro%3d364410%23364410&i=1,orcid.org/0000-0001-5201-1244,sem orcid,orcid.org/0000-0002-9554-1381,,,,,no info,6,Jacques Wainer,Brazil,State University of Campinas,sem orcid,sem orcid,Ricardo Machado Leite de Barros,Brazil,Biomecânica,Cinesiologia,,,,,sem orcid,,,,,,,,,,,,,Educação Física Desportiva,Biomecânica do Movimento Humano Aplicada aos Esportes,,,,,,,,,,,,,,,2006,,,,,,,,,,,,,,,,,,,,,,,,,,,,,,,,,,,,,,Masculino,sem orcid,Masculino,não anotado,não anotado,não anotado,não anotado
MESTRADO,https://repositorio.unicamp.br/acervo/detalhe/396675?guid=1651936873851&returnUrl=%2fresultado%2flistar%3fguid%3d1651936873851%26quantidadePaginas%3d1%26codigoRegistro%3d396675%23396675&i=1,orcid.org/0000-0003-2046-602X,orcid.org/0000-0002-7959-6569,orcid.org/0000-0002-6023-5982,,,,,Universidade Estadual de Campinas,7,Nelson L. S. da Fonseca,no info,University of Campinas,Célio Albuquerque,Brazil,Islene Calciolari Garcia,no info,,,,,,,Universidade Federal Fluminense,,,,,,,,,,,,,,,,,,,,,,,,,,,,,2006,,,,,,,,,,,,,,,,,,,,,,,,,,,,,,,,,,,,,,Masculino,Masculino,Feminino,não anotado,não anotado,não anotado,não anotado
MESTRADO,https://repositorio.unicamp.br/acervo/detalhe/364420?guid=1651936924104&returnUrl=%2fresultado%2flistar%3fguid%3d1651936924104%26quantidadePaginas%3d1%26codigoRegistro%3d364420%23364420&i=1,sem orcid,sem orcid,orcid.org/0000-0002-8856-194X,,,,,sem orcid,8,sem orcid,sem orcid,University of Campinas,sem orcid,sem orcid,Ricardo Anido,Brazil,,,,,,,sem orcid,,,,,,,,,,,,,,,,,,,,,,,,,,,,,2006,,,,,,,,,,,,,,,,,,,,,,,,,,,,,,,,,,,,,,sem orcid,sem orcid,Masculino,não anotado,não anotado,não anotado,não anotado
MESTRADO,https://repositorio.unicamp.br/acervo/detalhe/367432?guid=1651936952104&returnUrl=%2fresultado%2flistar%3fguid%3d1651936952104%26quantidadePaginas%3d1%26codigoRegistro%3d367432%23367432&i=1,orcid.org/0000-0002-8856-194X,orcid.org/0000-0001-5015-2131,orcid.org/0000-0001-8522-2056,orcid.org/0000-0001-5685-8004,,,,University of Campinas,9,Ricardo Anido,Brazil,Pontifícia Universidade Católica de Minas Gerais,Neucimar Leite,no info,Silvio GUIMARAES,Brazil,,,,,,,no info,,,Siome Goldenstein,no info,,,,,no info,,,,,,,,,,,,,,,,,,,,2006,,,,,,,,,,,,,,,,,,,,,,,,,,,,,,,,,,,,,,Masculino,Masculino,Masculino,Masculino,não anotado,não anotado,não anotado
MESTRADO,https://repositorio.unicamp.br/acervo/detalhe/400629?guid=1651936990184&returnUrl=%2fresultado%2flistar%3fguid%3d1651936990184%26quantidadePaginas%3d1%26codigoRegistro%3d400629%23400629&i=1,orcid.org/0000-0002-1067-6421,sem orcid,orcid.org/0000-0003-4462-3325,,,,,no info,10,Flávio K. Miyazawa,no info,University of Campinas,sem orcid,sem orcid,Orlando Lee,no info,,,,,,,sem orcid,,,,,,,,,,,,,,,,,,,,,,,,,,,,,2006,,,,,,,,,,,,,,,,,,,,,,,,,,,,,,,,,,,,,,Masculino,sem orcid,Masculino,não anotado,não anotado,não anotado,não anotado
MESTRADO,https://repositorio.unicamp.br/acervo/detalhe/367434?guid=1651937033207&returnUrl=%2fresultado%2flistar%3fguid%3d1651937033207%26quantidadePaginas%3d1%26codigoRegistro%3d367434%23367434&i=3,orcid.org/0000-0002-1180-2637,orcid.org/0000-0002-3823-8941,sem orcid,orcid.org/0000-0001-5746-4154,orcid.org/0000-0002-8856-194X,,,UNICAMP - University of Campinas,11,Edmundo Madeira,no info,sem orcid,Luiz Eduardo Buzato,Brazil,sem orcid,sem orcid,,,,,,,University of Campinas,University of Campinas,,Alfredo Goldman,no info,,,,,no info,Ricardo Anido,Brazil,,,,distributed systems,distributed algorithms,fault tolerance,,,,,,,,,,,,2006,,,,,,,,,,,,,,,,,,,,,,,,,,,,,,,,,,,,,,Masculino,Masculino,sem orcid,Masculino,Masculino,não anotado,não anotado
MESTRADO,https://repositorio.unicamp.br/acervo/detalhe/375175?guid=1651937074158&returnUrl=%2fresultado%2flistar%3fguid%3d1651937074158%26quantidadePaginas%3d1%26codigoRegistro%3d375175%23375175&i=1,sem orcid,orcid.org/0000-0001-9892-740X,orcid.org/0000-0002-8856-194X,,,,,sem orcid,12,sem orcid,sem orcid,University of Campinas,Eleri Cardozo,Brazil,Ricardo Anido,Brazil,,,,,,,University of Campinas,,,,,,,,,,,,,,,Unicamp, Poli/USP, ITA,,,,,,,,,,,,2006,,,,,,,,,,,,,,,,,,,,,,,,,,,,,,,,,,,,,,sem orcid,Masculino,Masculino,não anotado,não anotado,não anotado,não anotado
MESTRADO,https://repositorio.unicamp.br/acervo/detalhe/398427?guid=1651937109565&returnUrl=%2fresultado%2flistar%3fguid%3d1651937109565%26quantidadePaginas%3d1%26codigoRegistro%3d398427%23398427&i=1,orcid.org/0000-0003-2046-602X,sem orcid,orcid.org/0000-0002-1180-2637,,,,,Universidade Estadual de Campinas,13,Nelson L. S. da Fonseca,no info,UNICAMP - University of Campinas,sem orcid,sem orcid,Edmundo Madeira,no info,,,,,,,sem orcid,,,,,,,,,,,,,,,,,,,,,,,,,,,,,2006,,,,,,,,,,,,,,,,,,,,,,,,,,,,,,,,,,,,,,Masculino,sem orcid,Masculino,não anotado,não anotado,não anotado,não anotado
MESTRADO,https://repositorio.unicamp.br/acervo/detalhe/372963?guid=1651937152571&returnUrl=%2fresultado%2flistar%3fguid%3d1651937152571%26quantidadePaginas%3d1%26codigoRegistro%3d372963%23372963&i=1,orcid.org/0000-0002-6540-8686,orcid.org/0000-0003-2592-3664,sem orcid,,,,,University of Campinas,14,Paulo de Geus,Brazil,sem orcid,Carlos Maziero,Brazil,sem orcid,sem orcid,,,Computer Security,,,,Universidade Tecnológica Federal do Paraná,,,,,,,,,,,,,,,Operating Systems,Computer Security,Distributed Systems,,,,,,,,,,,,2006,,,,,,,,,,,,,,,,,,,,,,,,,,,,,,,,,,,,,,Masculino,Masculino,sem orcid,não anotado,não anotado,não anotado,não anotado
MESTRADO,https://repositorio.unicamp.br/acervo/detalhe/380579?guid=1651937719340&returnUrl=%2fresultado%2flistar%3fguid%3d1651937719340%26quantidadePaginas%3d1%26codigoRegistro%3d380579%23380579&i=2,orcid.org/0000-0002-4830-5298,,,,,,,Universidade Estadual de Campinas,15,Maria Cecilia Calani Baranauskas,Brazil,,,,,,,,HCI,Socially Aware Design,Organizational Semiotics,Participatory Design,,,,,,,,,,,,,,,,,,,,,,,,,,,,,,2006,,,,,,,,,,,,,,,,,,,,,,,,,,,,,,,,,,,,,,Feminino,não anotado,não anotado,não anotado,não anotado,não anotado,não anotado
MESTRADO,https://repositorio.unicamp.br/acervo/detalhe/465184?guid=1651937742954&returnUrl=%2fresultado%2flistar%3fguid%3d1651937742954%26quantidadePaginas%3d1%26codigoRegistro%3d465184%23465184&i=1,orcid.org/0000-0002-1180-2637,sem orcid,orcid.org/0000-0003-2046-602X,,,,,UNICAMP - University of Campinas,16,Edmundo Madeira,no info,Universidade Estadual de Campinas,sem orcid,sem orcid,Nelson L. S. da Fonseca,no info,,,,,,,sem orcid,,,,,,,,,,,,,,,,,,,,,,,,,,,,,2006,,,,,,,,,,,,,,,,,,,,,,,,,,,,,,,,,,,,,,Masculino,sem orcid,Masculino,não anotado,não anotado,não anotado,não anotado
MESTRADO,https://repositorio.unicamp.br/acervo/detalhe/377487?guid=1651937789246&returnUrl=%2fresultado%2flistar%3fguid%3d1651937789246%26quantidadePaginas%3d1%26codigoRegistro%3d377487%23377487&i=1,orcid.org/0000-0003-4549-7105,orcid.org/0000-0001-9625-5259,orcid.org/0000-0003-4290-6508,,,,,no info,17,Cecilia Mary Fischer Rubira Rubira,no info,no info,Itana Gimenes,Brazil,Eliane Martins,no info,,,,,,,Universidade Estadual de Maringá,,,,,,,,,,,,,,,,,,,,,,,,,,,,,2006,,,,,,,,,,,,,,,,,,,,,,,,,,,,,,,,,,,,,,Feminino,Feminino,Feminino,não anotado,não anotado,não anotado,não anotado
MESTRADO,https://repositorio.unicamp.br/acervo/detalhe/375289?guid=1651937818994&returnUrl=%2fresultado%2flistar%3fguid%3d1651937818994%26quantidadePaginas%3d1%26codigoRegistro%3d375289%23375289&i=1,sem orcid,sem orcid,orcid.org/0000-0003-4462-3325,,,,,sem orcid,18,sem orcid,sem orcid,University of Campinas,sem orcid,sem orcid,Orlando Lee,no info,,,,,,,sem orcid,,,,,,,,,,,,,,,,,,,,,,,,,,,,,2006,,,,,,,,,,,,,,,,,,,,,,,,,,,,,,,,,,,,,,sem orcid,sem orcid,Masculino,não anotado,não anotado,não anotado,não anotado
MESTRADO,https://repositorio.unicamp.br/acervo/detalhe/377477?guid=1651937856140&returnUrl=%2fresultado%2flistar%3fguid%3d1651937856140%26quantidadePaginas%3d1%26codigoRegistro%3d377477%23377477&i=1,orcid.org/0000-0003-4869-5190,sem orcid,orcid.org/0000-0002-7002-875X,,,,,Universidade Estadual de Campinas,19,Guido Araujo,no info,University of Campinas,sem orcid,sem orcid,Ricardo Dahab,Brazil,Cryptography, Graph Theory,,,,,sem orcid,,,,,,,,,,,,,,,,,,,,,,,,,,,,,2006,,,,,,,,,,,,,,,,,,,,,,,,,,,,,,,,,,,,,,Masculino,sem orcid,Masculino,não anotado,não anotado,não anotado,não anotado
MESTRADO,https://repositorio.unicamp.br/acervo/detalhe/398426?guid=1651937916219&returnUrl=%2fresultado%2flistar%3fguid%3d1651937916219%26quantidadePaginas%3d1%26codigoRegistro%3d398426%23398426&i=4,orcid.org/0000-0003-4290-6508,orcid.org/0000-0003-3139-6266,orcid.org/0000-0002-8856-194X,,,,,no info,20,Eliane Martins,no info,University of Campinas,Silvia Vergilio,no info,Ricardo Anido,Brazil,,,,,,,no info,,,,,,,,,,,,,,,,,,,,,,,,,,,,,2006,,,,,,,,,,,,,,,,,,,,,,,,,,,,,,,,,,,,,,Feminino,Feminino,Masculino,não anotado,não anotado,não anotado,não anotado
MESTRADO,https://repositorio.unicamp.br/acervo/detalhe/396976?guid=1651937947579&returnUrl=%2fresultado%2flistar%3fguid%3d1651937947579%26quantidadePaginas%3d1%26codigoRegistro%3d396976%23396976&i=1,orcid.org/0000-0002-1180-2637,orcid.org/0000-0001-5378-4732,orcid.org/0000-0003-2046-602X,,,,,UNICAMP - University of Campinas,21,Edmundo Madeira,no info,Universidade Estadual de Campinas,Djamel F Hadj Sadok,Brazil,Nelson L. S. da Fonseca,no info,,,,,,,Universidade Federal de Pernambuco,,,,,,,,,,,,,,,Computer Networks,Communication Systems,Protocols,Security,Cloud Computing,,,,,,,,,,2006,,,,,,,,,,,,,,,,,,,,,,,,,,,,,,,,,,,,,,Masculino,Masculino,Masculino,não anotado,não anotado,não anotado,não anotado
MESTRADO,https://repositorio.unicamp.br/acervo/detalhe/376808?guid=1651937999151&returnUrl=%2fresultado%2flistar%3fguid%3d1651937999151%26quantidadePaginas%3d1%26codigoRegistro%3d376808%23376808&i=8,orcid.org/0000-0002-1067-6421,orcid.org/0000-0003-4804-5788,orcid.org/0000-0002-5945-0845,,,,,no info,22,Flávio K. Miyazawa,no info,Universidade Estadual de Campinas,Carlos Ferreira,no info,Cid de Souza,Brazil,Integer Programming,Combinatorial Optimization,,,,,University of São Paulo,,,,,,,,,,,,,Algorithms (design and analysis),Operations Research,,,,,,,,,,,,,,,2006,,,,,,,,,,,,,,,,,,,,,,,,,,,,,,,,,,,,,,Masculino,Masculino,Masculino,não anotado,não anotado,não anotado,não anotado
MESTRADO,https://repositorio.unicamp.br/acervo/detalhe/444613?guid=1651938027757&returnUrl=%2fresultado%2flistar%3fguid%3d1651938027757%26quantidadePaginas%3d1%26codigoRegistro%3d444613%23444613&i=2,orcid.org/0000-0003-2046-602X,sem orcid,orcid.org/0000-0002-4961-3428,orcid.org/0000-0002-1180-2637,,,,Universidade Estadual de Campinas,23,Nelson L. S. da Fonseca,no info,University of Campinas School of Electrical and Computer Engineering,sem orcid,sem orcid,José C. Geromel,no info,,,,,,,sem orcid,,,Edmundo Madeira,no info,,,,,UNICAMP - University of Campinas,,,,,,,,,,,,,,,,,,,,2006,,,,,,,,,,,,,,,,,,,,,,,,,,,,,,,,,,,,,,Masculino,sem orcid,Masculino,Masculino,não anotado,não anotado,não anotado
MESTRADO,https://repositorio.unicamp.br/acervo/detalhe/393814?guid=1651938057235&returnUrl=%2fresultado%2flistar%3fguid%3d1651938057235%26quantidadePaginas%3d1%26codigoRegistro%3d393814%23393814&i=1,orcid.org/0000-0003-3333-6822,orcid.org/0000-0003-2608-4807,orcid.org/0000-0001-7878-4990,,,,,University of Campinas,24,Zanoni Dias,Brazil,State University of Campinas,Guilherme P. Telles,Brazil,Joao Meidanis,no info,,,,,,,Universidade Estadual de Campinas,,,,,,,,,,,,,,,,,,,,,,,,,,,,,2006,,,,,,,,,,,,,,,,,,,,,,,,,,,,,,,,,,,,,,Masculino,Masculino,Masculino,não anotado,não anotado,não anotado,não anotado
MESTRADO,https://repositorio.unicamp.br/acervo/detalhe/396633?guid=1651938122685&returnUrl=%2fresultado%2flistar%3fguid%3d1651938122685%26quantidadePaginas%3d1%26codigoRegistro%3d396633%23396633&i=8,orcid.org/0000-0003-3333-6822,orcid.org/0000-0003-2608-4807,orcid.org/0000-0001-7878-4990,,,,,University of Campinas,25,Zanoni Dias,Brazil,State University of Campinas,Guilherme P. Telles,Brazil,Joao Meidanis,no info,,,,,,,Universidade Estadual de Campinas,,,,,,,,,,,,,,,,,,,,,,,,,,,,,2006,,,,,,,,,,,,,,,,,,,,,,,,,,,,,,,,,,,,,,Masculino,Masculino,Masculino,não anotado,não anotado,não anotado,não anotado
MESTRADO,https://repositorio.unicamp.br/acervo/detalhe/416896?guid=1651938150403&returnUrl=%2fresultado%2flistar%3fguid%3d1651938150403%26quantidadePaginas%3d1%26codigoRegistro%3d416896%23416896&i=1,orcid.org/0000-0002-8856-194X,sem orcid,orcid.org/0000-0003-4290-6508,,,,,University of Campinas,26,Ricardo Anido,Brazil,no info,sem orcid,sem orcid,Eliane Martins,no info,,,,,,,sem orcid,,,,,,,,,,,,,,,,,,,,,,,,,,,,,2006,,,,,,,,,,,,,,,,,,,,,,,,,,,,,,,,,,,,,,Masculino,sem orcid,Feminino,não anotado,não anotado,não anotado,não anotado
MESTRADO,https://repositorio.unicamp.br/acervo/detalhe/393832?guid=1651938179019&returnUrl=%2fresultado%2flistar%3fguid%3d1651938179019%26quantidadePaginas%3d1%26codigoRegistro%3d393832%23393832&i=1,orcid.org/0000-0003-1908-4753,orcid.org/0000-0003-4344-1263,orcid.org/0000-0001-9772-263X,,,,,Universidade Estadual de Campinas Instituto de Computação,27,Claudia Medeiros,Brazil,Universidade Estadual de Campinas,Rubens Augusto Camargo Lamparelli,no info,Ricardo Torres,Netherlands,multimedia retrieval,multimedia classification,Scientific data management, Data interoperability, Open Science,,Universidade Estadual de Campinas,,,,,,,,,,,,,machine learning,information visualization,,,,,,data science,,,,,,,,,2006,,,,,,,,,,,,,,,,,,,,,,,,,,,,,,,,,,,,,,Feminino,Masculino,Masculino,não anotado,não anotado,não anotado,não anotado
MESTRADO,https://repositorio.unicamp.br/acervo/detalhe/430403?guid=1651938214348&returnUrl=%2fresultado%2flistar%3fguid%3d1651938214348%26quantidadePaginas%3d1%26codigoRegistro%3d430403%23430403&i=2,orcid.org/0000-0002-6023-5982,orcid.org/0000-0002-1756-4852,orcid.org/0000-0002-1180-2637,,,,,University of Campinas,28,Islene Calciolari Garcia,no info,UNICAMP - University of Campinas,André Santanchè,no info,Edmundo Madeira,no info,,,,,,,Universidade Estadual de Campinas,,,,,,,,,,,,,,,,,,,,,,,,,,,,,2006,,,,,,,,,,,,,,,,,,,,,,,,,,,,,,,,,,,,,,Feminino,Masculino,Masculino,não anotado,não anotado,não anotado,não anotado
MESTRADO,https://repositorio.unicamp.br/acervo/detalhe/397009?guid=1651938297064&returnUrl=%2fresultado%2flistar%3fguid%3d1651938297064%26quantidadePaginas%3d1%26codigoRegistro%3d397009%23397009&i=4,sem orcid,orcid.org/0000-0002-1180-2637,sem orcid,,,,,sem orcid,29,sem orcid,sem orcid,sem orcid,Edmundo Madeira,no info,sem orcid,sem orcid,,,,,,,UNICAMP - University of Campinas,,,,,,,,,,,,,,,,,,,,,,,,,,,,,2006,,,,,,,,,,,,,,,,,,,,,,,,,,,,,,,,,,,,,,sem orcid,Masculino,sem orcid,não anotado,não anotado,não anotado,não anotado
MESTRADO,https://repositorio.unicamp.br/acervo/detalhe/397013?guid=1651938319668&returnUrl=%2fresultado%2flistar%3fguid%3d1651938319668%26quantidadePaginas%3d1%26codigoRegistro%3d397013%23397013&i=1,orcid.org/0000-0002-5945-0845,sem orcid,orcid.org/0000-0003-4462-3325,,,,,Universidade Estadual de Campinas,30,Cid de Souza,Brazil,University of Campinas,sem orcid,sem orcid,Orlando Lee,no info,,,Integer Programming,Combinatorial Optimization,Algorithms (design and analysis),Operations Research,sem orcid,,,,,,,,,,,,,,,,,,,,,,,,,,,,,2006,,,,,,,,,,,,,,,,,,,,,,,,,,,,,,,,,,,,,,Masculino,sem orcid,Masculino,não anotado,não anotado,não anotado,não anotado
MESTRADO PROFISSIONAL,https://repositorio.unicamp.br/acervo/detalhe/415450?guid=1651938369433&returnUrl=%2fresultado%2flistar%3fguid%3d1651938369433%26quantidadePaginas%3d1%26codigoRegistro%3d415450%23415450&i=2,orcid.org/0000-0003-2046-602X,orcid.org/0000-0002-5193-8643,orcid.org/0000-0002-6023-5982,,,,,Universidade Estadual de Campinas,31,Nelson L. S. da Fonseca,no info,University of Campinas,Omar Branquinho,no info,Islene Calciolari Garcia,no info,,,,,,,Pontifícia Universidade Católica de Campinas,,,,,,,,,,,,,,,,,,,,,,,,,,,,,2006,,,,,,,,,,,,,,,,,,,,,,,,,,,,,,,,,,,,,,Masculino,Masculino,Feminino,não anotado,não anotado,não anotado,não anotado
MESTRADO PROFISSIONAL,https://repositorio.unicamp.br/acervo/detalhe/408757?guid=1651938415629&returnUrl=%2fresultado%2flistar%3fguid%3d1651938415629%26quantidadePaginas%3d1%26codigoRegistro%3d408757%23408757&i=1,orcid.org/0000-0003-4290-6508,sem orcid,orcid.org/0000-0002-4830-5298,,,,,no info,32,Eliane Martins,no info,Universidade Estadual de Campinas,sem orcid,sem orcid,Maria Cecilia Calani Baranauskas,Brazil,HCI,Socially Aware Design,,,,,sem orcid,,,,,,,,,,,,,Organizational Semiotics,Participatory Design,,,,,,,,,,,,,,,2006,,,,,,,,,,,,,,,,,,,,,,,,,,,,,,,,,,,,,,Feminino,sem orcid,Feminino,não anotado,não anotado,não anotado,não anotado
MESTRADO PROFISSIONAL,https://repositorio.unicamp.br/acervo/detalhe/378303?guid=1651938459700&returnUrl=%2fresultado%2flistar%3fguid%3d1651938459700%26quantidadePaginas%3d1%26codigoRegistro%3d378303%23378303&i=12,orcid.org/0000-0003-4290-6508,orcid.org/0000-0003-4549-7105,orcid.org/0000-0002-1914-5790,,,,,no info,33,Eliane Martins,no info,no info,Cecilia Mary Fischer Rubira Rubira,no info,Mario Jino,no info,,,,,,,no info,,,,,,,,,,,,,,,,,,,,,,,,,,,,,2006,,,,,,,,,,,,,,,,,,,,,,,,,,,,,,,,,,,,,,Feminino,Feminino,Masculino,não anotado,não anotado,não anotado,não anotado
MESTRADO PROFISSIONAL,https://repositorio.unicamp.br/acervo/detalhe/430019?guid=1651938513625&returnUrl=%2fresultado%2flistar%3fguid%3d1651938513625%26quantidadePaginas%3d1%26codigoRegistro%3d430019%23430019&i=1,orcid.org/0000-0003-2046-602X,orcid.org/0000-0002-1180-2637,sem orcid,,,,,Universidade Estadual de Campinas,34,Nelson L. S. da Fonseca,no info,sem orcid,Edmundo Madeira,no info,sem orcid,sem orcid,,,,,,,UNICAMP - University of Campinas,,,,,,,,,,,,,,,,,,,,,,,,,,,,,2006,,,,,,,,,,,,,,,,,,,,,,,,,,,,,,,,,,,,,,Masculino,Masculino,sem orcid,não anotado,não anotado,não anotado,não anotado
MESTRADO PROFISSIONAL,https://repositorio.unicamp.br/acervo/detalhe/400713?guid=1651938555601&returnUrl=%2fresultado%2flistar%3fguid%3d1651938555601%26quantidadePaginas%3d1%26codigoRegistro%3d400713%23400713&i=1,orcid.org/0000-0002-7002-875X,orcid.org/0000-0002-6731-1482,orcid.org/0000-0001-9241-2229,sem orcid,,,,University of Campinas,35,Ricardo Dahab,Brazil,University of Campinas,Julio Cesar Lopez Hernandez,Mexico,Marco A. Amaral Henriques,no info,,,Cryptography, Graph Theory,,,no info,,,sem orcid,sem orcid,,,,,sem orcid,,,,,,,,,,,,,,,,,,,,2006,,,,,,,,,,,,,,,,,,,,,,,,,,,,,,,,,,,,,,Masculino,Masculino,Masculino,sem orcid,não anotado,não anotado,não anotado
MESTRADO PROFISSIONAL,https://repositorio.unicamp.br/acervo/detalhe/372982?guid=1651938587721&returnUrl=%2fresultado%2flistar%3fguid%3d1651938587721%26quantidadePaginas%3d1%26codigoRegistro%3d372982%23372982&i=3,orcid.org/0000-0002-1914-5790,sem orcid,sem orcid,,,,,no info,36,Mario Jino,no info,sem orcid,sem orcid,sem orcid,sem orcid,sem orcid,,,,,,,sem orcid,,,,,,,,,,,,,,,,,,,,,,,,,,,,,2006,,,,,,,,,,,,,,,,,,,,,,,,,,,,,,,,,,,,,,Masculino,sem orcid,sem orcid,não anotado,não anotado,não anotado,não anotado
MESTRADO PROFISSIONAL,https://repositorio.unicamp.br/acervo/detalhe/407780?guid=1651938619851&returnUrl=%2fresultado%2flistar%3fguid%3d1651938619851%26quantidadePaginas%3d1%26codigoRegistro%3d407780%23407780&i=1,orcid.org/0000-0002-4830-5298,sem orcid,sem orcid,,,,,Universidade Estadual de Campinas,37,Maria Cecilia Calani Baranauskas,Brazil,sem orcid,sem orcid,sem orcid,sem orcid,sem orcid,,,HCI,Socially Aware Design,Organizational Semiotics,Participatory Design,sem orcid,,,,,,,,,,,,,,,,,,,,,,,,,,,,,2006,,,,,,,,,,,,,,,,,,,,,,,,,,,,,,,,,,,,,,Feminino,sem orcid,sem orcid,não anotado,não anotado,não anotado,não anotado
MESTRADO PROFISSIONAL,https://repositorio.unicamp.br/acervo/detalhe/378337?guid=1651938650335&returnUrl=%2fresultado%2flistar%3fguid%3d1651938650335%26quantidadePaginas%3d1%26codigoRegistro%3d378337%23378337&i=1,orcid.org/0000-0002-4830-5298,orcid.org/0000-0003-4290-6508,orcid.org/0000-0003-3441-0887,,,,,Universidade Estadual de Campinas,38,Maria Cecilia Calani Baranauskas,Brazil,Centro de Tecnologia da Informação Renato Archer,Eliane Martins,no info,Rodrigo Bonacin,no info,,,HCI,Socially Aware Design,Organizational Semiotics,Participatory Design,no info,,,,,,,,,,,,,,,,,,,,,,,,,,,,,2006,,,,,,,,,,,,,,,,,,,,,,,,,,,,,,,,,,,,,,Feminino,Feminino,Masculino,não anotado,não anotado,não anotado,não anotado
MESTRADO PROFISSIONAL,https://repositorio.unicamp.br/acervo/detalhe/372842?guid=1651938684168&returnUrl=%2fresultado%2flistar%3fguid%3d1651938684168%26quantidadePaginas%3d1%26codigoRegistro%3d372842%23372842&i=1,sem orcid,sem orcid,sem orcid,,,,,sem orcid,39,sem orcid,sem orcid,sem orcid,sem orcid,sem orcid,sem orcid,sem orcid,,,,,,,sem orcid,,,,,,,,,,,,,,,,,,,,,,,,,,,,,2006,,,,,,,,,,,,,,,,,,,,,,,,,,,,,,,,,,,,,,sem orcid,sem orcid,sem orcid,não anotado,não anotado,não anotado,não anotado
MESTRADO PROFISSIONAL,https://repositorio.unicamp.br/acervo/detalhe/407860?guid=1651938710095&returnUrl=%2fresultado%2flistar%3fguid%3d1651938710095%26quantidadePaginas%3d1%26codigoRegistro%3d407860%23407860&i=1,orcid.org/0000-0003-4290-6508,sem orcid,orcid.org/0000-0002-3891-1593,,,,,no info,40,Eliane Martins,no info,Universidade Estadual de Campinas,sem orcid,sem orcid,mario cortes,no info,,,,,,,sem orcid,,,,,,,,,,,,,,,,,,,,,,,,,,,,,2006,,,,,,,,,,,,,,,,,,,,,,,,,,,,,,,,,,,,,,Feminino,sem orcid,Masculino,não anotado,não anotado,não anotado,não anotado
MESTRADO PROFISSIONAL,https://repositorio.unicamp.br/acervo/detalhe/372953?guid=1651938751144&returnUrl=%2fresultado%2flistar%3fguid%3d1651938751144%26quantidadePaginas%3d1%26codigoRegistro%3d372953%23372953&i=3,sem orcid,sem orcid,orcid.org/0000-0001-8309-6367,,,,,sem orcid,41,sem orcid,sem orcid,Universidade Estadual de Campinas,sem orcid,sem orcid,Ariadne Carvalho,no info,,,,,,,sem orcid,,,,,,,,,,,,,,,,,,,,,,,,,,,,,2006,,,,,,,,,,,,,,,,,,,,,,,,,,,,,,,,,,,,,,sem orcid,sem orcid,Feminino,não anotado,não anotado,não anotado,não anotado
MESTRADO PROFISSIONAL,https://repositorio.unicamp.br/acervo/detalhe/373710?guid=1651938800294&returnUrl=%2fresultado%2flistar%3fguid%3d1651938800294%26quantidadePaginas%3d1%26codigoRegistro%3d373710%23373710&i=1,orcid.org/0000-0003-4290-6508,sem orcid,orcid.org/0000-0002-8856-194X,,,,,no info,42,Eliane Martins,no info,University of Campinas,sem orcid,sem orcid,Ricardo Anido,Brazil,,,,,,,sem orcid,,,,,,,,,,,,,,,,,,,,,,,,,,,,,2006,,,,,,,,,,,,,,,,,,,,,,,,,,,,,,,,,,,,,,Feminino,sem orcid,Masculino,não anotado,não anotado,não anotado,não anotado
MESTRADO PROFISSIONAL,https://repositorio.unicamp.br/acervo/detalhe/372885?guid=1651938848272&returnUrl=%2fresultado%2flistar%3fguid%3d1651938848272%26quantidadePaginas%3d1%26codigoRegistro%3d372885%23372885&i=2,orcid.org/0000-0002-7002-875X,orcid.org/0000-0002-6951-7150,orcid.org/0000-0002-1733-0087,orcid.org/0000-0002-6731-1482,,,,University of Campinas,43,Ricardo Dahab,Brazil,Universidad de Cádiz,Leo Magalhaes,no info,Antonio Montes Herrera,no info,,,Cryptography, Graph Theory,,,State University of Campinas,,,Julio Cesar Lopez Hernandez,Mexico,,,,,no info,,,,,,,,,,,,,,,,,,,,2006,,,,,,,,,,,,,,,,,,,,,,,,,,,,,,,,,,,,,,Masculino,Masculino,Masculino,Masculino,não anotado,não anotado,não anotado
MESTRADO PROFISSIONAL,https://repositorio.unicamp.br/acervo/detalhe/398434?guid=1651938892997&returnUrl=%2fresultado%2flistar%3fguid%3d1651938892997%26quantidadePaginas%3d1%26codigoRegistro%3d398434%23398434&i=1,orcid.org/0000-0003-4549-7105,sem orcid,orcid.org/0000-0001-8309-6367,,,,,no info,44,Cecilia Mary Fischer Rubira Rubira,no info,Universidade Estadual de Campinas,sem orcid,sem orcid,Ariadne Carvalho,no info,,,,,,,sem orcid,,,,,,,,,,,,,,,,,,,,,,,,,,,,,2006,,,,,,,,,,,,,,,,,,,,,,,,,,,,,,,,,,,,,,Feminino,sem orcid,Feminino,não anotado,não anotado,não anotado,não anotado
MESTRADO PROFISSIONAL,https://repositorio.unicamp.br/acervo/detalhe/420752?guid=1651938917737&returnUrl=%2fresultado%2flistar%3fguid%3d1651938917737%26quantidadePaginas%3d1%26codigoRegistro%3d420752%23420752&i=1,sem orcid,orcid.org/0000-0003-4549-7105,orcid.org/0000-0001-5493-4560,,,,,sem orcid,45,sem orcid,sem orcid,Universidade Estadual de Campinas,Cecilia Mary Fischer Rubira Rubira,no info,Plinio Vilela,no info,,,,,,,no info,,,,,,,,,,,,,,,,,,,,,,,,,,,,,2006,,,,,,,,,,,,,,,,,,,,,,,,,,,,,,,,,,,,,,sem orcid,Feminino,Masculino,não anotado,não anotado,não anotado,não anotado
MESTRADO PROFISSIONAL,https://repositorio.unicamp.br/acervo/detalhe/372959?guid=1651938995137&returnUrl=%2fresultado%2flistar%3fguid%3d1651938995137%26quantidadePaginas%3d1%26codigoRegistro%3d372959%23372959&i=5,orcid.org/0000-0003-4549-7105,sem orcid,orcid.org/0000-0003-4290-6508,,,,,no info,46,Cecilia Mary Fischer Rubira Rubira,no info,no info,sem orcid,sem orcid,Eliane Martins,no info,,,,,,,sem orcid,,,,,,,,,,,,,,,,,,,,,,,,,,,,,2006,,,,,,,,,,,,,,,,,,,,,,,,,,,,,,,,,,,,,,Feminino,sem orcid,Feminino,não anotado,não anotado,não anotado,não anotado
MESTRADO PROFISSIONAL,https://repositorio.unicamp.br/acervo/detalhe/378324?guid=1651939062163&returnUrl=%2fresultado%2flistar%3fguid%3d1651939062163%26quantidadePaginas%3d1%26codigoRegistro%3d378324%23378324&i=4,orcid.org/0000-0002-3891-1593,orcid.org/0000-0003-4549-7105,sem orcid,,,,,Universidade Estadual de Campinas,47,mario cortes,no info,sem orcid,Cecilia Mary Fischer Rubira Rubira,no info,sem orcid,sem orcid,,,,,,,no info,,,,,,,,,,,,,,,,,,,,,,,,,,,,,2006,,,,,,,,,,,,,,,,,,,,,,,,,,,,,,,,,,,,,,Masculino,Feminino,sem orcid,não anotado,não anotado,não anotado,não anotado
MESTRADO PROFISSIONAL,https://repositorio.unicamp.br/acervo/detalhe/373192?guid=1651939118932&returnUrl=%2fresultado%2flistar%3fguid%3d1651939118932%26quantidadePaginas%3d1%26codigoRegistro%3d373192%23373192&i=1,sem orcid,orcid.org/0000-0002-8055-0680,sem orcid,,,,,sem orcid,48,sem orcid,sem orcid,sem orcid,Silvia Maria Fonseca Silveira Massruhá,Brazil,sem orcid,sem orcid,,,,,,,Embrapa Agricultura Digital,,,,,,,,,,,,,,,agricultura digital,Inteligência artificial,sistemas inteligentes,lógica fuzzy,internet das coisas,,,,,,,,,,2006,,,,,,,,,,,,,,,,,,,,,,,,,,,,,,,,,,,,,,sem orcid,Feminino,sem orcid,não anotado,não anotado,não anotado,não anotado
MESTRADO PROFISSIONAL,https://repositorio.unicamp.br/acervo/detalhe/385776?guid=1651939147615&returnUrl=%2fresultado%2flistar%3fguid%3d1651939147615%26quantidadePaginas%3d1%26codigoRegistro%3d385776%23385776&i=2,sem orcid,orcid.org/0000-0002-8055-0680,orcid.org/0000-0002-3891-1593,,,,,sem orcid,49,sem orcid,sem orcid,Universidade Estadual de Campinas,Silvia Maria Fonseca Silveira Massruhá,Brazil,mario cortes,no info,,,,,,,Embrapa Agricultura Digital,,,,,,,,,,,,,,,agricultura digital,Inteligência artificial,sistemas inteligentes,lógica fuzzy,internet das coisas,,,,,,,,,,2006,,,,,,,,,,,,,,,,,,,,,,,,,,,,,,,,,,,,,,sem orcid,Feminino,Masculino,não anotado,não anotado,não anotado,não anotado
MESTRADO PROFISSIONAL,https://repositorio.unicamp.br/acervo/detalhe/404987?guid=1651939313402&returnUrl=%2fresultado%2flistar%3fguid%3d1651939313402%26quantidadePaginas%3d1%26codigoRegistro%3d404987%23404987&i=2,orcid.org/0000-0002-7002-875X,sem orcid,orcid.org/0000-0002-1180-2637,,,,,University of Campinas,50,Ricardo Dahab,Brazil,UNICAMP - University of Campinas,sem orcid,sem orcid,Edmundo Madeira,no info,,,Cryptography, Graph Theory,,,sem orcid,,,,,,,,,,,,,,,,,,,,,,,,,,,,,2006,,,,,,,,,,,,,,,,,,,,,,,,,,,,,,,,,,,,,,Masculino,sem orcid,Masculino,não anotado,não anotado,não anotado,não anotado
MESTRADO PROFISSIONAL,https://repositorio.unicamp.br/acervo/detalhe/398431?guid=1651939358788&returnUrl=%2fresultado%2flistar%3fguid%3d1651939358788%26quantidadePaginas%3d1%26codigoRegistro%3d398431%23398431&i=1,orcid.org/0000-0002-7002-875X,sem orcid,orcid.org/0000-0002-3823-8941,,,,,University of Campinas,51,Ricardo Dahab,Brazil,University of Campinas,sem orcid,sem orcid,Luiz Eduardo Buzato,Brazil,distributed systems,distributed algorithms,Cryptography, Graph Theory,,,sem orcid,,,,,,,,,,,,,fault tolerance,,,,,,,,,,,,,,,,2006,,,,,,,,,,,,,,,,,,,,,,,,,,,,,,,,,,,,,,Masculino,sem orcid,Masculino,não anotado,não anotado,não anotado,não anotado
MESTRADO PROFISSIONAL,https://repositorio.unicamp.br/acervo/detalhe/399615?guid=1651939407209&returnUrl=%2fresultado%2flistar%3fguid%3d1651939407209%26quantidadePaginas%3d1%26codigoRegistro%3d399615%23399615&i=1,orcid.org/0000-0002-1914-5790,sem orcid,orcid.org/0000-0001-9772-263X,,,,,no info,52,Mario Jino,no info,Universidade Estadual de Campinas,sem orcid,sem orcid,Ricardo Torres,Netherlands,multimedia retrieval,multimedia classification,,,,,sem orcid,,,,,,,,,,,,,machine learning,information visualization,,,,,,data science,,,,,,,,,2006,,,,,,,,,,,,,,,,,,,,,,,,,,,,,,,,,,,,,,Masculino,sem orcid,Masculino,não anotado,não anotado,não anotado,não anotado
MESTRADO PROFISSIONAL,https://repositorio.unicamp.br/acervo/detalhe/423883?guid=1651939446476&returnUrl=%2fresultado%2flistar%3fguid%3d1651939446476%26quantidadePaginas%3d1%26codigoRegistro%3d423883%23423883&i=1,orcid.org/0000-0002-7002-875X,orcid.org/0000-0002-6731-1482,orcid.org/0000-0001-9241-2229,,,,,University of Campinas,53,Ricardo Dahab,Brazil,University of Campinas,Julio Cesar Lopez Hernandez,Mexico,Marco A. Amaral Henriques,no info,,,Cryptography, Graph Theory,,,no info,,,,,,,,,,,,,,,,,,,,,,,,,,,,,2006,,,,,,,,,,,,,,,,,,,,,,,,,,,,,,,,,,,,,,Masculino,Masculino,Masculino,não anotado,não anotado,não anotado,não anotado
MESTRADO PROFISSIONAL,https://repositorio.unicamp.br/acervo/detalhe/380178?guid=1651939483755&returnUrl=%2fresultado%2flistar%3fguid%3d1651939483755%26quantidadePaginas%3d1%26codigoRegistro%3d380178%23380178&i=1,orcid.org/0000-0002-4830-5298,sem orcid,orcid.org/0000-0003-3441-0887,,,,,Universidade Estadual de Campinas,54,Maria Cecilia Calani Baranauskas,Brazil,Centro de Tecnologia da Informação Renato Archer,sem orcid,sem orcid,Rodrigo Bonacin,no info,,,HCI,Socially Aware Design,Organizational Semiotics,Participatory Design,sem orcid,,,,,,,,,,,,,,,,,,,,,,,,,,,,,2006,,,,,,,,,,,,,,,,,,,,,,,,,,,,,,,,,,,,,,Feminino,sem orcid,Masculino,não anotado,não anotado,não anotado,não anotado
MESTRADO PROFISSIONAL,https://repositorio.unicamp.br/acervo/detalhe/385604?guid=1651939516749&returnUrl=%2fresultado%2flistar%3fguid%3d1651939516749%26quantidadePaginas%3d1%26codigoRegistro%3d385604%23385604&i=1,orcid.org/0000-0002-3823-8941,orcid.org/0000-0003-2314-5117,sem orcid,,,,,University of Campinas,55,Luiz Eduardo Buzato,Brazil,sem orcid,Alcides Calsavara,no info,sem orcid,sem orcid,,,distributed systems,distributed algorithms,fault tolerance,,no info,,,,,,,,,,,,,,,,,,,,,,,,,,,,,2006,,,,,,,,,,,,,,,,,,,,,,,,,,,,,,,,,,,,,,Masculino,Masculino,sem orcid,não anotado,não anotado,não anotado,não anotado
MESTRADO PROFISSIONAL,https://repositorio.unicamp.br/acervo/detalhe/385706?guid=1651939538745&returnUrl=%2fresultado%2flistar%3fguid%3d1651939538745%26quantidadePaginas%3d1%26codigoRegistro%3d385706%23385706&i=1,sem orcid,sem orcid,sem orcid,,,,,sem orcid,56,sem orcid,sem orcid,sem orcid,sem orcid,sem orcid,sem orcid,sem orcid,,,,,,,sem orcid,,,,,,,,,,,,,,,,,,,,,,,,,,,,,2006,,,,,,,,,,,,,,,,,,,,,,,,,,,,,,,,,,,,,,sem orcid,sem orcid,sem orcid,não anotado,não anotado,não anotado,não anotado
MESTRADO PROFISSIONAL,https://repositorio.unicamp.br/acervo/detalhe/385660?guid=1651939585588&returnUrl=%2fresultado%2flistar%3fguid%3d1651939585588%26quantidadePaginas%3d1%26codigoRegistro%3d385660%23385660&i=1,orcid.org/0000-0002-8803-0401,sem orcid,orcid.org/0000-0002-9539-6874,,,,,UNICAMP,57,Rodolfo Azevedo,Brazil,Universidade Estadual de Campinas,sem orcid,sem orcid,Sandro Rigo,Brazil,Computer Architecture,Compilers,,,,,sem orcid,,,,,,,,,,,,,Code Optimization,High-Performance Computing,,,,,,,,,,,,,,,2006,,,,,,,,,,,,,,,,,,,,,,,,,,,,,,,,,,,,,,Masculino,sem orcid,Masculino,não anotado,não anotado,não anotado,não anotado
MESTRADO PROFISSIONAL,https://repositorio.unicamp.br/acervo/detalhe/385673?guid=1651939622636&returnUrl=%2fresultado%2flistar%3fguid%3d1651939622636%26quantidadePaginas%3d1%26codigoRegistro%3d385673%23385673&i=1,sem orcid,sem orcid,orcid.org/0000-0001-5015-2131,,,,,sem orcid,58,sem orcid,sem orcid,no info,sem orcid,sem orcid,Neucimar Leite,no info,,,,,,,sem orcid,,,,,,,,,,,,,,,,,,,,,,,,,,,,,2006,,,,,,,,,,,,,,,,,,,,,,,,,,,,,,,,,,,,,,sem orcid,sem orcid,Masculino,não anotado,não anotado,não anotado,não anotado
DOUTORADO,https://repositorio.unicamp.br/acervo/detalhe/367419?guid=1651939656621&returnUrl=%2fresultado%2flistar%3fguid%3d1651939656621%26quantidadePaginas%3d1%26codigoRegistro%3d367419%23367419&i=1,sem orcid,orcid.org/0000-0002-6393-0876,orcid.org/0000-0002-8229-3139,orcid.org/0000-0001-7878-4990,orcid.org/0000-0002-1067-6421,,,sem orcid,59,sem orcid,sem orcid,Universidade de São Paulo,Celina Miraglia Herrera de Figueiredo,Brazil,Yoshiko Wakabayashi,Brazil,,,,,,,no info,no info,,Joao Meidanis,no info,,,,,State University of Campinas,Flávio K. Miyazawa,no info,,,,,,,,,,,,,,,,,,2006,,,,,,,,,,,,,,,,,,,,,,,,,,,,,,,,,,,,,,sem orcid,Feminino,Feminino,Masculino,Masculino,não anotado,não anotado
DOUTORADO,https://repositorio.unicamp.br/acervo/detalhe/377490?guid=1651939695537&returnUrl=%2fresultado%2flistar%3fguid%3d1651939695537%26quantidadePaginas%3d1%26codigoRegistro%3d377490%23377490&i=1,orcid.org/0000-0002-6540-8686,sem orcid,orcid.org/0000-0001-6049-4573,orcid.org/0000-0002-7002-875X,orcid.org/0000-0001-5201-1244,,,University of Campinas,60,Paulo de Geus,Brazil,no info,sem orcid,sem orcid,Edgard Jamhour,no info,,,Computer Security,,,,sem orcid,no info,,Ricardo Dahab,Brazil,,,,,University of Campinas,Jacques Wainer,Brazil,,,,,,,,,,Cryptography, Graph Theory,,,,,,,2006,,,,,,,,,,,,,,,,,,,,,,,,,,,,,,,,,,,,,,Masculino,sem orcid,Masculino,Masculino,Masculino,não anotado,não anotado
DOUTORADO,https://repositorio.unicamp.br/acervo/detalhe/396767?guid=1651939820260&returnUrl=%2fresultado%2flistar%3fguid%3d1651939820260%26quantidadePaginas%3d1%26codigoRegistro%3d396767%23396767&i=1,orcid.org/0000-0001-5201-1244,sem orcid,orcid.org/0000-0002-5760-8426,orcid.org/0000-0001-5685-8004,sem orcid,,,no info,61,Jacques Wainer,Brazil,no info,sem orcid,sem orcid,Carlos Ribeiro,no info,,,,,,,sem orcid,sem orcid,,Siome Goldenstein,no info,,,,,no info,sem orcid,sem orcid,,,,,,,,,,,,,,,,,,2006,,,,,,,,,,,,,,,,,,,,,,,,,,,,,,,,,,,,,,Masculino,sem orcid,Masculino,Masculino,sem orcid,não anotado,não anotado
DOUTORADO,https://repositorio.unicamp.br/acervo/detalhe/374341?guid=1651939866609&returnUrl=%2fresultado%2flistar%3fguid%3d1651939866609%26quantidadePaginas%3d1%26codigoRegistro%3d374341%23374341&i=2,orcid.org/0000-0003-1908-4753,orcid.org/0000-0001-9669-2352,sem orcid,orcid.org/0000-0003-4549-7105,orcid.org/0000-0001-9772-263X,,,Universidade Estadual de Campinas Instituto de Computação,62,Claudia Medeiros,Brazil,sem orcid,Carlos Lucena,Brazil,sem orcid,sem orcid,,,Scientific data management, Data interoperability, Open Science,,Pontifícia Universidade Católica do Rio de Janeiro,Universidade Estadual de Campinas,,Cecilia Mary Fischer Rubira Rubira,no info,,,,,no info,Ricardo Torres,Netherlands,,,,Multi agent systems,,,,,,,,,multimedia retrieval,multimedia classification,machine learning,information visualization,data science,2006,,,,,,,,,,,,,,,,,,,,,,,,,,,,,,,,,,,,,,Feminino,Masculino,sem orcid,Feminino,Masculino,não anotado,não anotado
DOUTORADO,https://repositorio.unicamp.br/acervo/detalhe/373679?guid=1651939930574&returnUrl=%2fresultado%2flistar%3fguid%3d1651939930574%26quantidadePaginas%3d1%26codigoRegistro%3d373679%23373679&i=5,sem orcid,sem orcid,orcid.org/0000-0002-6951-7150,orcid.org/0000-0003-4832-9318,orcid.org/0000-0002-4830-5298,orcid.org/0000-0003-0683-7672,orcid.org/0000-0001-5201-1244,sem orcid,63,sem orcid,sem orcid,State University of Campinas,sem orcid,sem orcid,Leo Magalhaes,no info,,,,,,,sem orcid,Universidade Estadual de Campinas,no info,Ivan Luiz Marques Ricarte,Brazil,Jacques Wainer,Brazil,Anamaria Gomide,no info,Universidade Estadual de Campinas,Maria Cecilia Calani Baranauskas,Brazil,no info,,,,,,,,,,,,HCI,Socially Aware Design,Organizational Semiotics,Participatory Design,,2006,,,,,,,,,,,,,,,,,,,,,,,,,,,,,,,,,,,,,,sem orcid,sem orcid,Masculino,Masculino,Feminino,Feminino,Masculino
DOUTORADO,https://repositorio.unicamp.br/acervo/detalhe/377504?guid=1651939990187&returnUrl=%2fresultado%2flistar%3fguid%3d1651939990187%26quantidadePaginas%3d1%26codigoRegistro%3d377504%23377504&i=1,orcid.org/0000-0002-4830-5298,sem orcid,orcid.org/0000-0003-4344-1263,sem orcid,orcid.org/0000-0003-4290-6508,orcid.org/0000-0003-0683-7672,,Universidade Estadual de Campinas,64,Maria Cecilia Calani Baranauskas,Brazil,Universidade Estadual de Campinas,sem orcid,sem orcid,Rubens Augusto Camargo Lamparelli,no info,,,HCI,Socially Aware Design,Organizational Semiotics,Participatory Design,sem orcid,no info,no info,sem orcid,sem orcid,,,Anamaria Gomide,no info,sem orcid,Eliane Martins,no info,,,,,,,,,,,,,,,,,,2006,,,,,,,,,,,,,,,,,,,,,,,,,,,,,,,,,,,,,,Feminino,sem orcid,Masculino,sem orcid,Feminino,Feminino,não anotado
DOUTORADO,https://repositorio.unicamp.br/acervo/detalhe/378387?guid=1651940046351&returnUrl=%2fresultado%2flistar%3fguid%3d1651940046351%26quantidadePaginas%3d1%26codigoRegistro%3d378387%23378387&i=2,orcid.org/0000-0002-1180-2637,sem orcid,sem orcid,orcid.org/0000-0002-3823-8941,orcid.org/0000-0002-6023-5982,,,UNICAMP - University of Campinas,65,Edmundo Madeira,no info,sem orcid,sem orcid,sem orcid,sem orcid,sem orcid,,,,,,,sem orcid,University of Campinas,,Luiz Eduardo Buzato,Brazil,,,,,University of Campinas,Islene Calciolari Garcia,no info,,,,,,,,,,distributed systems,distributed algorithms,fault tolerance,,,,,,2006,,,,,,,,,,,,,,,,,,,,,,,,,,,,,,,,,,,,,,Masculino,sem orcid,sem orcid,Masculino,Feminino,não anotado,não anotado
DOUTORADO,https://repositorio.unicamp.br/acervo/detalhe/415406?guid=1651940084003&returnUrl=%2fresultado%2flistar%3fguid%3d1651940084003%26quantidadePaginas%3d1%26codigoRegistro%3d415406%23415406&i=1,orcid.org/0000-0003-4549-7105,sem orcid,sem orcid,orcid.org/0000-0002-3823-8941,orcid.org/0000-0003-4290-6508,,,no info,66,Cecilia Mary Fischer Rubira Rubira,no info,sem orcid,sem orcid,sem orcid,sem orcid,sem orcid,,,,,,,sem orcid,no info,,Luiz Eduardo Buzato,Brazil,,,,,University of Campinas,Eliane Martins,no info,,,,,,,,,,distributed systems,distributed algorithms,fault tolerance,,,,,,2006,,,,,,,,,,,,,,,,,,,,,,,,,,,,,,,,,,,,,,Feminino,sem orcid,sem orcid,Masculino,Feminino,não anotado,não anotado
DOUTORADO,https://repositorio.unicamp.br/acervo/detalhe/385280?guid=1651940200965&returnUrl=%2fresultado%2flistar%3fguid%3d1651940200965%26quantidadePaginas%3d1%26codigoRegistro%3d385280%23385280&i=1,orcid.org/0000-0002-1067-6421,orcid.org/0000-0002-8229-3139,orcid.org/0000-0002-5945-0845,orcid.org/0000-0003-4462-3325,orcid.org/0000-0002-6946-9670,,,no info,67,Flávio K. Miyazawa,no info,Universidade Estadual de Campinas,Yoshiko Wakabayashi,Brazil,Cid de Souza,Brazil,Integer Programming,Combinatorial Optimization,,,,,Universidade de São Paulo,Universidade Federal de São Paulo,,Orlando Lee,no info,,,,,University of Campinas,"Yanasse, H.H.",Brazil,,Algorithms (design and analysis),Operations Research,,,,,,,,,,,,,,,2006,,,,,,,,,,,,,,,,,,,,,,,,,,,,,,,,,,,,,,Masculino,Feminino,Masculino,Masculino,Masculino,não anotado,não anotado
DOUTORADO,https://repositorio.unicamp.br/acervo/detalhe/397843?guid=1651940374712&returnUrl=%2fresultado%2flistar%3fguid%3d1651940374712%26quantidadePaginas%3d1%26codigoRegistro%3d397843%23397843&i=1,orcid.org/0000-0003-4290-6508,orcid.org/0000-0003-4549-7105,orcid.org/0000-0002-8803-0401,sem orcid,sem orcid,orcid.org/0000-0002-1914-5790,sem orcid,no info,68,Eliane Martins,no info,UNICAMP,Cecilia Mary Fischer Rubira Rubira,no info,Rodolfo Azevedo,Brazil,,,,,,,no info,sem orcid,no info,sem orcid,sem orcid,sem orcid,sem orcid,Mario Jino,no info,sem orcid,sem orcid,sem orcid,sem orcid,,,,,,,,,,,,,,,,,2006,,,,,,,,,,,,,,,,,,,,,,,,,,,,,,,,,,,,,,Feminino,Feminino,Masculino,sem orcid,sem orcid,Masculino,sem orcid
DOUTORADO,https://repositorio.unicamp.br/acervo/detalhe/396757?guid=1651940448400&returnUrl=%2fresultado%2flistar%3fguid%3d1651940448400%26quantidadePaginas%3d1%26codigoRegistro%3d396757%23396757&i=1,sem orcid,orcid.org/0000-0003-3692-2202,sem orcid,orcid.org/0000-0003-0683-7672,orcid.org/0000-0001-9772-263X,,,sem orcid,69,sem orcid,sem orcid,sem orcid,Delano Beder,no info,sem orcid,sem orcid,,,,,,,no info,Universidade Estadual de Campinas,,Anamaria Gomide,no info,,,,,no info,Ricardo Torres,Netherlands,,,,,,,,,,,,,multimedia retrieval,multimedia classification,machine learning,information visualization,data science,2006,,,,,,,,,,,,,,,,,,,,,,,,,,,,,,,,,,,,,,sem orcid,Masculino,sem orcid,Feminino,Masculino,não anotado,não anotado
DOUTORADO,https://repositorio.unicamp.br/acervo/detalhe/393852?guid=1651940495029&returnUrl=%2fresultado%2flistar%3fguid%3d1651940495029%26quantidadePaginas%3d1%26codigoRegistro%3d393852%23393852&i=1,orcid.org/0000-0002-6023-5982,sem orcid,sem orcid,orcid.org/0000-0002-8856-194X,orcid.org/0000-0002-1180-2637,,,University of Campinas,70,Islene Calciolari Garcia,no info,sem orcid,sem orcid,sem orcid,sem orcid,sem orcid,,,,,,,sem orcid,UNICAMP - University of Campinas,,Ricardo Anido,Brazil,,,,,University of Campinas,Edmundo Madeira,no info,,,,,,,,,,,,,,,,,,2006,,,,,,,,,,,,,,,,,,,,,,,,,,,,,,,,,,,,,,Feminino,sem orcid,sem orcid,Masculino,Masculino,não anotado,não anotado
MESTRADO,https://repositorio.unicamp.br/acervo/detalhe/396681?guid=1651940590949&returnUrl=%2fresultado%2flistar%3fguid%3d1651940590949%26quantidadePaginas%3d1%26codigoRegistro%3d396681%23396681&i=1,orcid.org/0000-0001-7878-4990,orcid.org/0000-0001-6822-931X,orcid.org/0000-0003-3333-6822,,,,,State University of Campinas,0,Joao Meidanis,no info,University of Campinas,Maria Emilia Walter,Brazil,Zanoni Dias,Brazil,,,,,,,University of Brasilia,,,,,,,,,,,,,,,bioinformatics, non-coding RNAs, genomics, transcriptomics, genome rearrangements,,,,,,,,,,2007,,,,,,,,,,,,,,,,,,,,,,,,,,,,,,,,,,,,,,Masculino,Feminino,Masculino,não anotado,não anotado,não anotado,não anotado
MESTRADO,https://repositorio.unicamp.br/acervo/detalhe/411919?guid=1651940655926&returnUrl=%2fresultado%2flistar%3fguid%3d1651940655926%26quantidadePaginas%3d1%26codigoRegistro%3d411919%23411919&i=1,orcid.org/0000-0003-4549-7105,sem orcid,sem orcid,,,,,no info,1,Cecilia Mary Fischer Rubira Rubira,no info,sem orcid,sem orcid,sem orcid,sem orcid,sem orcid,,,,,,,sem orcid,,,,,,,,,,,,,,,,,,,,,,,,,,,,,2007,,,,,,,,,,,,,,,,,,,,,,,,,,,,,,,,,,,,,,Feminino,sem orcid,sem orcid,não anotado,não anotado,não anotado,não anotado
MESTRADO,https://repositorio.unicamp.br/acervo/detalhe/404753?guid=1651940685971&returnUrl=%2fresultado%2flistar%3fguid%3d1651940685971%26quantidadePaginas%3d1%26codigoRegistro%3d404753%23404753&i=2,orcid.org/0000-0002-1180-2637,sem orcid,sem orcid,,,,,UNICAMP - University of Campinas,2,Edmundo Madeira,no info,sem orcid,sem orcid,sem orcid,sem orcid,sem orcid,,,,,,,sem orcid,,,,,,,,,,,,,,,,,,,,,,,,,,,,,2007,,,,,,,,,,,,,,,,,,,,,,,,,,,,,,,,,,,,,,Masculino,sem orcid,sem orcid,não anotado,não anotado,não anotado,não anotado
MESTRADO,https://repositorio.unicamp.br/acervo/detalhe/396699?guid=1651940778773&returnUrl=%2fresultado%2flistar%3fguid%3d1651940778773%26quantidadePaginas%3d1%26codigoRegistro%3d396699%23396699&i=5,orcid.org/0000-0002-2914-5380,sem orcid,orcid.org/0000-0001-9772-263X,,,,,Universidade Estadual de Campinas,3,Alexandre Falcao,Brazil,Universidade Estadual de Campinas,sem orcid,sem orcid,Ricardo Torres,Netherlands,multimedia retrieval,multimedia classification,image processing, visualization, and analysis, (interactive) machine learning ,sem orcid,,,,,,,,,,,,,machine learning,information visualization,,,,,,data science,,,,,,,,,2007,,,,,,,,,,,,,,,,,,,,,,,,,,,,,,,,,,,,,,Masculino,sem orcid,Masculino,não anotado,não anotado,não anotado,não anotado
MESTRADO,https://repositorio.unicamp.br/acervo/detalhe/416663?guid=1651941473895&returnUrl=%2fresultado%2flistar%3fguid%3d1651941473895%26quantidadePaginas%3d1%26codigoRegistro%3d416663%23416663&i=1,orcid.org/0000-0002-8803-0401,sem orcid,orcid.org/0000-0002-8856-194X,,,,,UNICAMP,4,Rodolfo Azevedo,Brazil,University of Campinas,sem orcid,sem orcid,Ricardo Anido,Brazil,,,,,,,sem orcid,,,,,,,,,,,,,,,,,,,,,,,,,,,,,2007,,,,,,,,,,,,,,,,,,,,,,,,,,,,,,,,,,,,,,Masculino,sem orcid,Masculino,não anotado,não anotado,não anotado,não anotado
MESTRADO,https://repositorio.unicamp.br/acervo/detalhe/403868?guid=1651941499789&returnUrl=%2fresultado%2flistar%3fguid%3d1651941499789%26quantidadePaginas%3d1%26codigoRegistro%3d403868%23403868&i=1,orcid.org/0000-0001-9772-263X,orcid.org/0000-0003-1574-0362,orcid.org/0000-0001-5015-2131,,,,,Universidade Estadual de Campinas,5,Ricardo Torres,Netherlands,no info,Cesar Marcondes,Brazil,Neucimar Leite,no info,,,multimedia retrieval,multimedia classification,machine learning,information visualization,Instituto Tecnológico de Aeronáutica,,,,,,,,,,,,,,,,,,,,,,,,,,,,,2007,data science,,,,,,,,,,,,,,,,,,,,,,,,,,,,,,,,,,,,,Masculino,Masculino,Masculino,não anotado,não anotado,não anotado,não anotado
MESTRADO,https://repositorio.unicamp.br/acervo/detalhe/398863?guid=1651941539125&returnUrl=%2fresultado%2flistar%3fguid%3d1651941539125%26quantidadePaginas%3d1%26codigoRegistro%3d398863%23398863&i=1,orcid.org/0000-0003-4549-7105,sem orcid,orcid.org/0000-0002-3823-8941,,,,,no info,6,Cecilia Mary Fischer Rubira Rubira,no info,University of Campinas,sem orcid,sem orcid,Luiz Eduardo Buzato,Brazil,distributed systems,distributed algorithms,,,,,sem orcid,,,,,,,,,,,,,fault tolerance,,,,,,,,,,,,,,,,2007,,,,,,,,,,,,,,,,,,,,,,,,,,,,,,,,,,,,,,Feminino,sem orcid,Masculino,não anotado,não anotado,não anotado,não anotado
MESTRADO,https://repositorio.unicamp.br/acervo/detalhe/415555?guid=1651941570286&returnUrl=%2fresultado%2flistar%3fguid%3d1651941570286%26quantidadePaginas%3d1%26codigoRegistro%3d415555%23415555&i=1,orcid.org/0000-0002-3159-4839,orcid.org/0000-0002-8757-4124,orcid.org/0000-0003-4462-3325,,,,,State University of Campinas,7,Jorge Stolfi,no info,University of Campinas,Sostenes Lins,no info,Orlando Lee,no info,,,,,,,no info,,,,,,,,,,,,,,,,,,,,,,,,,,,,,2007,,,,,,,,,,,,,,,,,,,,,,,,,,,,,,,,,,,,,,Masculino,Masculino,Masculino,não anotado,não anotado,não anotado,não anotado
MESTRADO,https://repositorio.unicamp.br/acervo/detalhe/396694?guid=1651941601568&returnUrl=%2fresultado%2flistar%3fguid%3d1651941601568%26quantidadePaginas%3d1%26codigoRegistro%3d396694%23396694&i=1,sem orcid,orcid.org/0000-0001-9892-740X,sem orcid,,,,,sem orcid,8,sem orcid,sem orcid,sem orcid,Eleri Cardozo,Brazil,sem orcid,sem orcid,,,,,,,University of Campinas,,,,,,,,,,,,,,,Unicamp, Poli/USP, ITA,,,,,,,,,,,,2007,,,,,,,,,,,,,,,,,,,,,,,,,,,,,,,,,,,,,,sem orcid,Masculino,sem orcid,não anotado,não anotado,não anotado,não anotado
MESTRADO,https://repositorio.unicamp.br/acervo/detalhe/398841?guid=1651941634644&returnUrl=%2fresultado%2flistar%3fguid%3d1651941634644%26quantidadePaginas%3d1%26codigoRegistro%3d398841%23398841&i=1,sem orcid,sem orcid,sem orcid,,,,,sem orcid,9,sem orcid,sem orcid,sem orcid,sem orcid,sem orcid,sem orcid,sem orcid,,,,,,,sem orcid,,,,,,,,,,,,,,,,,,,,,,,,,,,,,2007,,,,,,,,,,,,,,,,,,,,,,,,,,,,,,,,,,,,,,sem orcid,sem orcid,sem orcid,não anotado,não anotado,não anotado,não anotado
MESTRADO,https://repositorio.unicamp.br/acervo/detalhe/399298?guid=1651941674774&returnUrl=%2fresultado%2flistar%3fguid%3d1651941674774%26quantidadePaginas%3d1%26codigoRegistro%3d399298%23399298&i=1,sem orcid,sem orcid,orcid.org/0000-0003-4462-3325,orcid.org/0000-0003-4237-4281,,,,sem orcid,10,sem orcid,sem orcid,University of Campinas,sem orcid,sem orcid,Orlando Lee,no info,,,,,,,sem orcid,,,C. N. Campos,Brazil,,,,,University of Campinas,,,,,,,,,,,,,,,,,,,,2007,,,,,,,,,,,,,,,,,,,,,,,,,,,,,,,,,,,,,,sem orcid,sem orcid,Masculino,Feminino,não anotado,não anotado,não anotado
MESTRADO,https://repositorio.unicamp.br/acervo/detalhe/399484?guid=1652138121247&returnUrl=%2fresultado%2flistar%3fguid%3d1652138121247%26quantidadePaginas%3d1%26codigoRegistro%3d399484%23399484&i=1,orcid.org/0000-0002-6731-1482,sem orcid,orcid.org/0000-0003-2046-602X,orcid.org/0000-0002-7002-875X,,,,no info,11,Julio Cesar Lopez Hernandez,Mexico,Universidade Estadual de Campinas,sem orcid,sem orcid,Nelson L. S. da Fonseca,no info,,,,,,,sem orcid,,,Ricardo Dahab,Brazil,,,,,University of Campinas,,,,,,,,,,,,Cryptography, Graph Theory,,,,,,,2007,,,,,,,,,,,,,,,,,,,,,,,,,,,,,,,,,,,,,,Masculino,sem orcid,Masculino,Masculino,não anotado,não anotado,não anotado
MESTRADO,https://repositorio.unicamp.br/acervo/detalhe/402391?guid=1652138158992&returnUrl=%2fresultado%2flistar%3fguid%3d1652138158992%26quantidadePaginas%3d1%26codigoRegistro%3d402391%23402391&i=1,orcid.org/0000-0002-1180-2637,orcid.org/0000-0001-9892-740X,orcid.org/0000-0002-3823-8941,,,,,UNICAMP - University of Campinas,12,Edmundo Madeira,no info,University of Campinas,Eleri Cardozo,Brazil,Luiz Eduardo Buzato,Brazil,distributed systems,distributed algorithms,,,,,University of Campinas,,,,,,,,,,,,,fault tolerance,,Unicamp, Poli/USP, ITA,,,,,,,,,,,,2007,,,,,,,,,,,,,,,,,,,,,,,,,,,,,,,,,,,,,,Masculino,Masculino,Masculino,não anotado,não anotado,não anotado,não anotado
MESTRADO,https://repositorio.unicamp.br/acervo/detalhe/403718?guid=1652138238149&returnUrl=%2fresultado%2flistar%3fguid%3d1652138238149%26quantidadePaginas%3d1%26codigoRegistro%3d403718%23403718&i=1,orcid.org/0000-0002-9539-6874,sem orcid,orcid.org/0000-0002-0210-0908,,,,,Universidade Estadual de Campinas,13,Sandro Rigo,Brazil,Universidade Estadual de Campinas,sem orcid,sem orcid,Ricardo  Pannain,no info,,,Computer Architecture,Compilers,Code Optimization,High-Performance Computing,sem orcid,,,,,,,,,,,,,,,,,,,,,,,,,,,,,2007,,,,,,,,,,,,,,,,,,,,,,,,,,,,,,,,,,,,,,Masculino,sem orcid,Masculino,não anotado,não anotado,não anotado,não anotado
MESTRADO,https://repositorio.unicamp.br/acervo/detalhe/982505?guid=1652138291969&returnUrl=%2fresultado%2flistar%3fguid%3d1652138291969%26quantidadePaginas%3d1%26codigoRegistro%3d982505%23982505&i=1,orcid.org/0000-0002-7002-875X,sem orcid,orcid.org/0000-0002-6731-1482,,,,,University of Campinas,14,Ricardo Dahab,Brazil,no info,sem orcid,sem orcid,Julio Cesar Lopez Hernandez,Mexico,,,Cryptography, Graph Theory,,,sem orcid,,,,,,,,,,,,,,,,,,,,,,,,,,,,,2007,,,,,,,,,,,,,,,,,,,,,,,,,,,,,,,,,,,,,,Masculino,sem orcid,Masculino,não anotado,não anotado,não anotado,não anotado
MESTRADO,https://repositorio.unicamp.br/acervo/detalhe/398860?guid=1652138331902&returnUrl=%2fresultado%2flistar%3fguid%3d1652138331902%26quantidadePaginas%3d1%26codigoRegistro%3d398860%23398860&i=1,orcid.org/0000-0003-1908-4753,orcid.org/0000-0001-6471-3462,orcid.org/0000-0002-1180-2637,,,,,Universidade Estadual de Campinas Instituto de Computação,15,Claudia Medeiros,Brazil,UNICAMP - University of Campinas,Edson Norberto Caceres,no info,Edmundo Madeira,no info,,,Scientific data management, Data interoperability, Open Science,,no info,,,,,,,,,,,,,,,,,,,,,,,,,,,,,2007,,,,,,,,,,,,,,,,,,,,,,,,,,,,,,,,,,,,,,Feminino,Masculino,Masculino,não anotado,não anotado,não anotado,não anotado
MESTRADO,https://repositorio.unicamp.br/acervo/detalhe/398866?guid=1652138361774&returnUrl=%2fresultado%2flistar%3fguid%3d1652138361774%26quantidadePaginas%3d1%26codigoRegistro%3d398866%23398866&i=1,orcid.org/0000-0001-5201-1244,orcid.org/0000-0003-2592-3664,orcid.org/0000-0002-7002-875X,,,,,no info,16,Jacques Wainer,Brazil,University of Campinas,Carlos Maziero,Brazil,Ricardo Dahab,Brazil,Cryptography, Graph Theory,,,,,Universidade Tecnológica Federal do Paraná,,,,,,,,,,,,,,,Operating Systems,Computer Security,Distributed Systems,,,,,,,,,,,,2007,,,,,,,,,,,,,,,,,,,,,,,,,,,,,,,,,,,,,,Masculino,Masculino,Masculino,não anotado,não anotado,não anotado,não anotado
MESTRADO,https://repositorio.unicamp.br/acervo/detalhe/399313?guid=1652138404541&returnUrl=%2fresultado%2flistar%3fguid%3d1652138404541%26quantidadePaginas%3d1%26codigoRegistro%3d399313%23399313&i=1,orcid.org/0000-0003-1908-4753,orcid.org/0000-0002-2075-3363,sem orcid,orcid.org/0000-0002-6023-5982,,,,Universidade Estadual de Campinas Instituto de Computação,17,Claudia Medeiros,Brazil,sem orcid,Marcos André Gonçalves,no info,sem orcid,sem orcid,,,Scientific data management, Data interoperability, Open Science,,Universidade Federal de Minas Gerais,,,Islene Calciolari Garcia,no info,,,,,University of Campinas,,,,,,,,,,,,,,,,,,,,2007,,,,,,,,,,,,,,,,,,,,,,,,,,,,,,,,,,,,,,Feminino,Masculino,sem orcid,Feminino,não anotado,não anotado,não anotado
MESTRADO,https://repositorio.unicamp.br/acervo/detalhe/404786?guid=1652138448801&returnUrl=%2fresultado%2flistar%3fguid%3d1652138448801%26quantidadePaginas%3d1%26codigoRegistro%3d404786%23404786&i=1,orcid.org/0000-0001-8923-0432,sem orcid,orcid.org/0000-0003-2608-4807,orcid.org/0000-0002-8856-194X,,,,no info,18,Tomasz Kowaltowski,no info,Universidade Estadual de Campinas,sem orcid,sem orcid,Guilherme P. Telles,Brazil,,,,,,,sem orcid,,,Ricardo Anido,Brazil,,,,,University of Campinas,,,,,,,,,,,,,,,,,,,,2007,,,,,,,,,,,,,,,,,,,,,,,,,,,,,,,,,,,,,,Masculino,sem orcid,Masculino,Masculino,não anotado,não anotado,não anotado
MESTRADO,https://repositorio.unicamp.br/acervo/detalhe/399557?guid=1652138508143&returnUrl=%2fresultado%2flistar%3fguid%3d1652138508143%26quantidadePaginas%3d1%26codigoRegistro%3d399557%23399557&i=6,orcid.org/0000-0001-9772-263X,sem orcid,orcid.org/0000-0002-2075-3363,orcid.org/0000-0001-5015-2131,,,,Universidade Estadual de Campinas,19,Ricardo Torres,Netherlands,Universidade Federal de Minas Gerais,sem orcid,sem orcid,Marcos André Gonçalves,no info,,,multimedia retrieval,multimedia classification,machine learning,information visualization,sem orcid,,,Neucimar Leite,no info,,,,,no info,,,,,,,,,,,,,,,,,,,,2007,data science,,,,,,,,,,,,,,,,,,,,,,,,,,,,,,,,,,,,,Masculino,sem orcid,Masculino,Masculino,não anotado,não anotado,não anotado
MESTRADO,https://repositorio.unicamp.br/acervo/detalhe/410052?guid=1652138551701&returnUrl=%2fresultado%2flistar%3fguid%3d1652138551701%26quantidadePaginas%3d1%26codigoRegistro%3d410052%23410052&i=1,orcid.org/0000-0001-5685-8004,orcid.org/0000-0003-4929-7258,orcid.org/0000-0002-3159-4839,,,,,no info,20,Siome Goldenstein,no info,State University of Campinas,Agma Traina,no info,Jorge Stolfi,no info,,,,,,,Universidade de São Paulo Instituto de Ciências Matemáticas e de Computação,,,,,,,,,,,,,,,,,,,,,,,,,,,,,2007,,,,,,,,,,,,,,,,,,,,,,,,,,,,,,,,,,,,,,Masculino,Feminino,Masculino,não anotado,não anotado,não anotado,não anotado
MESTRADO,https://repositorio.unicamp.br/acervo/detalhe/410168?guid=1652138596423&returnUrl=%2fresultado%2flistar%3fguid%3d1652138596423%26quantidadePaginas%3d1%26codigoRegistro%3d410168%23410168&i=1,sem orcid,sem orcid,orcid.org/0000-0001-7878-4990,,,,,sem orcid,21,sem orcid,sem orcid,State University of Campinas,sem orcid,sem orcid,Joao Meidanis,no info,,,,,,,sem orcid,,,,,,,,,,,,,,,,,,,,,,,,,,,,,2007,,,,,,,,,,,,,,,,,,,,,,,,,,,,,,,,,,,,,,sem orcid,sem orcid,Masculino,não anotado,não anotado,não anotado,não anotado
MESTRADO,https://repositorio.unicamp.br/acervo/detalhe/408727?guid=1652138619058&returnUrl=%2fresultado%2flistar%3fguid%3d1652138619058%26quantidadePaginas%3d1%26codigoRegistro%3d408727%23408727&i=1,orcid.org/0000-0003-4462-3325,sem orcid,orcid.org/0000-0002-1067-6421,,,,,University of Campinas,22,Orlando Lee,no info,no info,sem orcid,sem orcid,Flávio K. Miyazawa,no info,,,,,,,sem orcid,,,,,,,,,,,,,,,,,,,,,,,,,,,,,2007,,,,,,,,,,,,,,,,,,,,,,,,,,,,,,,,,,,,,,Masculino,sem orcid,Masculino,não anotado,não anotado,não anotado,não anotado
MESTRADO,https://repositorio.unicamp.br/acervo/detalhe/471978?guid=1652138656837&returnUrl=%2fresultado%2flistar%3fguid%3d1652138656837%26quantidadePaginas%3d1%26codigoRegistro%3d471978%23471978&i=1,orcid.org/0000-0002-7002-875X,sem orcid,orcid.org/0000-0002-6540-8686,,,,,University of Campinas,23,Ricardo Dahab,Brazil,University of Campinas,sem orcid,sem orcid,Paulo de Geus,Brazil,Computer Security,,Cryptography, Graph Theory,,,sem orcid,,,,,,,,,,,,,,,,,,,,,,,,,,,,,2007,,,,,,,,,,,,,,,,,,,,,,,,,,,,,,,,,,,,,,Masculino,sem orcid,Masculino,não anotado,não anotado,não anotado,não anotado
MESTRADO,https://repositorio.unicamp.br/acervo/detalhe/410063?guid=1652138696247&returnUrl=%2fresultado%2flistar%3fguid%3d1652138696247%26quantidadePaginas%3d1%26codigoRegistro%3d410063%23410063&i=1,orcid.org/0000-0001-5015-2131,orcid.org/0000-0001-8522-2056,orcid.org/0000-0002-2914-5380,,,,,no info,24,Neucimar Leite,no info,Universidade Estadual de Campinas,Silvio GUIMARAES,Brazil,Alexandre Falcao,Brazil,image processing, visualization,,,,,Pontifícia Universidade Católica de Minas Gerais,,,,,,,,,,,,, and analysis, (interactive) machine learning ,,,,,,,,,,,,,,,2007,,,,,,,,,,,,,,,,,,,,,,,,,,,,,,,,,,,,,,Masculino,Masculino,Masculino,não anotado,não anotado,não anotado,não anotado
MESTRADO,https://repositorio.unicamp.br/acervo/detalhe/399530?guid=1652138740096&returnUrl=%2fresultado%2flistar%3fguid%3d1652138740096%26quantidadePaginas%3d1%26codigoRegistro%3d399530%23399530&i=1,orcid.org/0000-0003-1908-4753,sem orcid,orcid.org/0000-0001-9772-263X,orcid.org/0000-0002-1180-2637,,,,Universidade Estadual de Campinas Instituto de Computação,25,Claudia Medeiros,Brazil,Universidade Estadual de Campinas,sem orcid,sem orcid,Ricardo Torres,Netherlands,multimedia retrieval,multimedia classification,Scientific data management, Data interoperability, Open Science,,sem orcid,,,Edmundo Madeira,no info,,,,,UNICAMP - University of Campinas,,,,machine learning,information visualization,,,,,,data science,,,,,,,,,2007,,,,,,,,,,,,,,,,,,,,,,,,,,,,,,,,,,,,,,Feminino,sem orcid,Masculino,Masculino,não anotado,não anotado,não anotado
MESTRADO,https://repositorio.unicamp.br/acervo/detalhe/423609?guid=1652138784772&returnUrl=%2fresultado%2flistar%3fguid%3d1652138784772%26quantidadePaginas%3d1%26codigoRegistro%3d423609%23423609&i=1,sem orcid,sem orcid,orcid.org/0000-0002-3823-8941,,,,,sem orcid,26,sem orcid,sem orcid,University of Campinas,sem orcid,sem orcid,Luiz Eduardo Buzato,Brazil,distributed systems,distributed algorithms,,,,,sem orcid,,,,,,,,,,,,,fault tolerance,,,,,,,,,,,,,,,,2007,,,,,,,,,,,,,,,,,,,,,,,,,,,,,,,,,,,,,,sem orcid,sem orcid,Masculino,não anotado,não anotado,não anotado,não anotado
MESTRADO,https://repositorio.unicamp.br/acervo/detalhe/420185?guid=1652138815371&returnUrl=%2fresultado%2flistar%3fguid%3d1652138815371%26quantidadePaginas%3d1%26codigoRegistro%3d420185%23420185&i=1,orcid.org/0000-0002-8803-0401,sem orcid,sem orcid,,,,,UNICAMP,27,Rodolfo Azevedo,Brazil,sem orcid,sem orcid,sem orcid,sem orcid,sem orcid,,,,,,,sem orcid,,,,,,,,,,,,,,,,,,,,,,,,,,,,,2007,,,,,,,,,,,,,,,,,,,,,,,,,,,,,,,,,,,,,,Masculino,sem orcid,sem orcid,não anotado,não anotado,não anotado,não anotado
MESTRADO,https://repositorio.unicamp.br/acervo/detalhe/420767?guid=1652138847436&returnUrl=%2fresultado%2flistar%3fguid%3d1652138847436%26quantidadePaginas%3d1%26codigoRegistro%3d420767%23420767&i=1,orcid.org/0000-0003-1908-4753,sem orcid,sem orcid,,,,,Universidade Estadual de Campinas Instituto de Computação,28,Claudia Medeiros,Brazil,sem orcid,sem orcid,sem orcid,sem orcid,sem orcid,,,Scientific data management, Data interoperability, Open Science,,sem orcid,,,,,,,,,,,,,,,,,,,,,,,,,,,,,2007,,,,,,,,,,,,,,,,,,,,,,,,,,,,,,,,,,,,,,Feminino,sem orcid,sem orcid,não anotado,não anotado,não anotado,não anotado
MESTRADO,https://repositorio.unicamp.br/acervo/detalhe/429546?guid=1652138884373&returnUrl=%2fresultado%2flistar%3fguid%3d1652138884373%26quantidadePaginas%3d1%26codigoRegistro%3d429546%23429546&i=1,orcid.org/0000-0001-5015-2131,orcid.org/0000-0003-4929-7258,orcid.org/0000-0001-5685-8004,,,,,no info,29,Neucimar Leite,no info,no info,Agma Traina,no info,Siome Goldenstein,no info,,,,,,,Universidade de São Paulo Instituto de Ciências Matemáticas e de Computação,,,,,,,,,,,,,,,,,,,,,,,,,,,,,2007,,,,,,,,,,,,,,,,,,,,,,,,,,,,,,,,,,,,,,Masculino,Feminino,Masculino,não anotado,não anotado,não anotado,não anotado
MESTRADO PROFISSIONAL,https://repositorio.unicamp.br/acervo/detalhe/415402?guid=1652138907496&returnUrl=%2fresultado%2flistar%3fguid%3d1652138907496%26quantidadePaginas%3d1%26codigoRegistro%3d415402%23415402&i=1,orcid.org/0000-0002-1180-2637,sem orcid,orcid.org/0000-0002-3823-8941,,,,,UNICAMP - University of Campinas,30,Edmundo Madeira,no info,University of Campinas,sem orcid,sem orcid,Luiz Eduardo Buzato,Brazil,distributed systems,distributed algorithms,,,,,sem orcid,,,,,,,,,,,,,fault tolerance,,,,,,,,,,,,,,,,2007,,,,,,,,,,,,,,,,,,,,,,,,,,,,,,,,,,,,,,Masculino,sem orcid,Masculino,não anotado,não anotado,não anotado,não anotado
DOUTORADO,https://repositorio.unicamp.br/acervo/detalhe/399604?guid=1652139058315&returnUrl=%2fresultado%2flistar%3fguid%3d1652139058315%26quantidadePaginas%3d1%26codigoRegistro%3d399604%23399604&i=1,orcid.org/0000-0003-4869-5190,sem orcid,orcid.org/0000-0003-1752-6255,sem orcid,orcid.org/0000-0002-8803-0401,orcid.org/0000-0002-9384-8347,orcid.org/0000-0002-9539-6874,Universidade Estadual de Campinas,31,Guido Araujo,no info,Advanced Micro Devices,sem orcid,sem orcid,Mauricio Breternitz,no info,,,,,,,sem orcid,UNICAMP,Universidade Federal de Santa Catarina,sem orcid,sem orcid,Sandro Rigo,Brazil,Luiz C. V. dos Santos,Brazil,sem orcid,Rodolfo Azevedo,Brazil,Universidade Estadual de Campinas,,,,,,,,,,,,,,,,,2007,,,Computer Architecture,Compilers,Code Optimization,High-Performance Computing,,,,,,,,,,,,,,,,,,,,,,,,,,,,,,,,Masculino,sem orcid,Masculino,sem orcid,Masculino,Masculino,Masculino
DOUTORADO,https://repositorio.unicamp.br/acervo/detalhe/399466?guid=1652139104366&returnUrl=%2fresultado%2flistar%3fguid%3d1652139104366%26quantidadePaginas%3d1%26codigoRegistro%3d399466%23399466&i=1,orcid.org/0000-0002-8803-0401,orcid.org/0000-0003-1561-8447,orcid.org/0000-0002-1163-9980,orcid.org/0000-0002-3891-1593,sem orcid,,,UNICAMP,32,Rodolfo Azevedo,Brazil,Universidade de São Paulo,Alberto Ferreira De Souza,Brazil,Liria Sato,no info,,,,,,,Universidade Federal do Espírito Santo,sem orcid,,mario cortes,no info,,,,,Universidade Estadual de Campinas,sem orcid,sem orcid,,,,Self-Driving Cars, Artificial Intelligence, Robotics,,,,,,,,,,,,2007,,,,,,,,,,,,,,,,,,,,,,,,,,,,,,,,,,,,,,Masculino,Masculino,Feminino,Masculino,sem orcid,não anotado,não anotado
DOUTORADO,https://repositorio.unicamp.br/acervo/detalhe/399489?guid=1652139159772&returnUrl=%2fresultado%2flistar%3fguid%3d1652139159772%26quantidadePaginas%3d1%26codigoRegistro%3d399489%23399489&i=1,orcid.org/0000-0001-8309-6367,sem orcid,sem orcid,orcid.org/0000-0002-7270-1477,orcid.org/0000-0001-5685-8004,,,Universidade Estadual de Campinas,33,Ariadne Carvalho,no info,sem orcid,sem orcid,sem orcid,sem orcid,sem orcid,,,,,,,sem orcid,no info,,Ivandré Paraboni,no info,,,,,no info,Siome Goldenstein,no info,,,,,,,,,,,,,,,,,,2007,,,,,,,,,,,,,,,,,,,,,,,,,,,,,,,,,,,,,,Feminino,sem orcid,sem orcid,Masculino,Masculino,não anotado,não anotado
DOUTORADO,https://repositorio.unicamp.br/acervo/detalhe/399410?guid=1652139213124&returnUrl=%2fresultado%2flistar%3fguid%3d1652139213124%26quantidadePaginas%3d1%26codigoRegistro%3d399410%23399410&i=2,orcid.org/0000-0001-9174-2816,sem orcid,sem orcid,sem orcid,orcid.org/0000-0001-9772-263X,,,Universidade de Sao Paulo,34,Joao C. Setubal,no info,sem orcid,sem orcid,sem orcid,sem orcid,sem orcid,,,Bioinformatics, Genomics, Metagenomics, Microbiomes,sem orcid,Universidade Estadual de Campinas,,sem orcid,sem orcid,,,,,sem orcid,Ricardo Torres,Netherlands,,,,,,,,,,,,,multimedia retrieval,multimedia classification,machine learning,information visualization,data science,2007, Transcriptomics, Computational Biology,,,,,,,,,,,,,,,,,,,,,,,,,,,,,,,,,,,,Masculino,sem orcid,sem orcid,sem orcid,Masculino,não anotado,não anotado
DOUTORADO,https://repositorio.unicamp.br/acervo/detalhe/423614?guid=1652139260360&returnUrl=%2fresultado%2flistar%3fguid%3d1652139260360%26quantidadePaginas%3d1%26codigoRegistro%3d423614%23423614&i=1,orcid.org/0000-0001-7878-4990,orcid.org/0000-0001-6822-931X,orcid.org/0000-0002-6393-0876,orcid.org/0000-0003-3333-6822,orcid.org/0000-0002-5945-0845,,,State University of Campinas,35,Joao Meidanis,no info,no info,Maria Emilia Walter,Brazil,Celina Miraglia Herrera de Figueiredo,Brazil,,,,,,,University of Brasilia,Universidade Estadual de Campinas,,Zanoni Dias,Brazil,,,,,University of Campinas,Cid de Souza,Brazil,,,,bioinformatics, non-coding RNAs, genomics, transcriptomics, genome rearrangements,,,,,Integer Programming,Combinatorial Optimization,Algorithms (design and analysis),Operations Research,,2007,,,,,,,,,,,,,,,,,,,,,,,,,,,,,,,,,,,,,,Masculino,Feminino,Feminino,Masculino,Masculino,não anotado,não anotado
DOUTORADO,https://repositorio.unicamp.br/acervo/detalhe/410324?guid=1652139290690&returnUrl=%2fresultado%2flistar%3fguid%3d1652139290690%26quantidadePaginas%3d1%26codigoRegistro%3d410324%23410324&i=1,orcid.org/0000-0001-5201-1244,sem orcid,sem orcid,orcid.org/0000-0001-5685-8004,orcid.org/0000-0001-8309-6367,,,no info,36,Jacques Wainer,Brazil,sem orcid,sem orcid,sem orcid,sem orcid,sem orcid,,,,,,,sem orcid,Universidade Estadual de Campinas,,Siome Goldenstein,no info,,,,,no info,Ariadne Carvalho,no info,,,,,,,,,,,,,,,,,,2007,,,,,,,,,,,,,,,,,,,,,,,,,,,,,,,,,,,,,,Masculino,sem orcid,sem orcid,Masculino,Feminino,não anotado,não anotado
DOUTORADO,https://repositorio.unicamp.br/acervo/detalhe/776458?guid=1652139430354&returnUrl=%2fresultado%2flistar%3fguid%3d1652139430354%26quantidadePaginas%3d1%26codigoRegistro%3d776458%23776458&i=1,orcid.org/0000-0002-3823-8941,sem orcid,orcid.org/0000-0003-3692-2202,orcid.org/0000-0002-5591-3750,sem orcid,,,University of Campinas,37,Luiz Eduardo Buzato,Brazil,no info,sem orcid,sem orcid,Delano Beder,no info,,,distributed systems,distributed algorithms,fault tolerance,,sem orcid,sem orcid,,Jo Ueyama,no info,,,,,Universidade de São Paulo Instituto de Ciências Matemáticas e de Computação,sem orcid,sem orcid,,,,,,,,,,,,,,,,,,2007,,,,,,,,,,,,,,,,,,,,,,,,,,,,,,,,,,,,,,Masculino,sem orcid,Masculino,Masculino,sem orcid,não anotado,não anotado
DOUTORADO,https://repositorio.unicamp.br/acervo/detalhe/422907?guid=1652139522605&returnUrl=%2fresultado%2flistar%3fguid%3d1652139522605%26quantidadePaginas%3d1%26codigoRegistro%3d422907%23422907&i=1,orcid.org/0000-0002-4830-5298,sem orcid,orcid.org/0000-0002-4607-9880,sem orcid,orcid.org/0000-0003-0683-7672,orcid.org/0000-0001-8309-6367,orcid.org/0000-0003-1908-4753,Universidade Estadual de Campinas,38,Maria Cecilia Calani Baranauskas,Brazil,Universidade Estadual de Campinas,sem orcid,sem orcid,Maria Teresa Eglér Mantoan,Brazil,Docência e extensão,Direito incondicional de todos os alunos à educação escolar de nível básico e superior de ensino,HCI,Socially Aware Design,Organizational Semiotics,Participatory Design,sem orcid,no info,Universidade Estadual de Campinas,sem orcid,sem orcid,Claudia Medeiros,Brazil,Ariadne Carvalho,no info,sem orcid,Anamaria Gomide,no info,Universidade Estadual de Campinas Instituto de Computação,,,,,,,,,,,,,,,,,2007,,,Scientific data management, Data interoperability, Open Science,,,,,,,,,,,,,,,,,,,,,,,,,,,,,,,,,Feminino,sem orcid,Feminino,sem orcid,Feminino,Feminino,Feminino
DOUTORADO,https://repositorio.unicamp.br/acervo/detalhe/409260?guid=1652139610764&returnUrl=%2fresultado%2flistar%3fguid%3d1652139610764%26quantidadePaginas%3d1%26codigoRegistro%3d409260%23409260&i=1,sem orcid,orcid.org/0000-0002-2992-3429,orcid.org/0000-0002-4888-0778,orcid.org/0000-0002-1180-2637,orcid.org/0000-0002-6023-5982,,,sem orcid,39,sem orcid,sem orcid,Universidade Federal de Juiz de Fora,Marcos Borges,Brazil,Regina Braga,no info,,,,,,,Universidade Federal do Rio de Janeiro,University of Campinas,,Edmundo Madeira,no info,,,,,UNICAMP - University of Campinas,Islene Calciolari Garcia,no info,,,,CSCW,Emergency Management,Human-Computer Interaction,,,,,,,,,,,,2007,,,,,,,,,,,,,,,,,,,,,,,,,,,,,,,,,,,,,,sem orcid,Masculino,Feminino,Masculino,Feminino,não anotado,não anotado
DOUTORADO,https://repositorio.unicamp.br/acervo/detalhe/432282?guid=1652139662272&returnUrl=%2fresultado%2flistar%3fguid%3d1652139662272%26quantidadePaginas%3d1%26codigoRegistro%3d432282%23432282&i=1,orcid.org/0000-0002-1067-6421,orcid.org/0000-0001-9924-0079,orcid.org/0000-0002-5945-0845,orcid.org/0000-0003-4462-3325,orcid.org/0000-0002-5259-2859,,,no info,40,Flávio K. Miyazawa,no info,Universidade Estadual de Campinas,Fabio Protti,no info,Cid de Souza,Brazil,Integer Programming,Combinatorial Optimization,,,,,no info,University of Sao Paulo,,Orlando Lee,no info,,,,,University of Campinas,Cristina G. Fernandes,no info,,Algorithms (design and analysis),Operations Research,,,,,,,,,,approximation algorithms,,,,,2007,,,,,,,,,,,,,,,,,,,,,,,,,,,,,,,,,,,,,,Masculino,Masculino,Masculino,Masculino,Feminino,não anotado,não anotado
MESTRADO,https://repositorio.unicamp.br/acervo/detalhe/429068?guid=1652139756913&returnUrl=%2fresultado%2flistar%3fguid%3d1652139756913%26quantidadePaginas%3d1%26codigoRegistro%3d429068%23429068&i=3,sem orcid,orcid.org/0000-0003-1690-1201,orcid.org/0000-0002-4830-5298,,,,,sem orcid,0,sem orcid,sem orcid,Universidade Estadual de Campinas,Hugo do Nascimento,Brazil,Maria Cecilia Calani Baranauskas,Brazil,HCI,Socially Aware Design,,,,,Universidade Federal de Goiás,,,,,,,,,,,,,Organizational Semiotics,Participatory Design,Interactive optimization,Information Visualization,Software Engineering,,,,,,,,,,,,2008,,,,,,,,,,,,,,,,,,,,,,,,,,,,,,,,,,,,,,sem orcid,Masculino,Feminino,não anotado,não anotado,não anotado,não anotado
MESTRADO,https://repositorio.unicamp.br/acervo/detalhe/444291?guid=1652139836195&returnUrl=%2fresultado%2flistar%3fguid%3d1652139836195%26quantidadePaginas%3d1%26codigoRegistro%3d444291%23444291&i=1,orcid.org/0000-0003-4290-6508,sem orcid,orcid.org/0000-0003-4549-7105,,,,,no info,1,Eliane Martins,no info,no info,sem orcid,sem orcid,Cecilia Mary Fischer Rubira Rubira,no info,,,,,,,sem orcid,,,,,,,,,,,,,,,,,,,,,,,,,,,,,2008,,,,,,,,,,,,,,,,,,,,,,,,,,,,,,,,,,,,,,Feminino,sem orcid,Feminino,não anotado,não anotado,não anotado,não anotado
MESTRADO,https://repositorio.unicamp.br/acervo/detalhe/426733?guid=1652139865692&returnUrl=%2fresultado%2flistar%3fguid%3d1652139865692%26quantidadePaginas%3d1%26codigoRegistro%3d426733%23426733&i=1,orcid.org/0000-0002-1180-2637,sem orcid,orcid.org/0000-0003-2046-602X,,,,,UNICAMP - University of Campinas,2,Edmundo Madeira,no info,Universidade Estadual de Campinas,sem orcid,sem orcid,Nelson L. S. da Fonseca,no info,,,,,,,sem orcid,,,,,,,,,,,,,,,,,,,,,,,,,,,,,2008,,,,,,,,,,,,,,,,,,,,,,,,,,,,,,,,,,,,,,Masculino,sem orcid,Masculino,não anotado,não anotado,não anotado,não anotado
MESTRADO,https://repositorio.unicamp.br/acervo/detalhe/444557?guid=1652139937249&returnUrl=%2fresultado%2flistar%3fguid%3d1652139937249%26quantidadePaginas%3d1%26codigoRegistro%3d444557%23444557&i=1,orcid.org/0000-0003-2046-602X,orcid.org/0000-0002-4961-3428,orcid.org/0000-0002-1180-2637,,,,,Universidade Estadual de Campinas,3,Nelson L. S. da Fonseca,no info,UNICAMP - University of Campinas,José C. Geromel,no info,Edmundo Madeira,no info,,,,,,,University of Campinas School of Electrical and Computer Engineering,,,,,,,,,,,,,,,,,,,,,,,,,,,,,2008,,,,,,,,,,,,,,,,,,,,,,,,,,,,,,,,,,,,,,Masculino,Masculino,Masculino,não anotado,não anotado,não anotado,não anotado
MESTRADO,https://repositorio.unicamp.br/acervo/detalhe/423602?guid=1652139993583&returnUrl=%2fresultado%2flistar%3fguid%3d1652139993583%26quantidadePaginas%3d1%26codigoRegistro%3d423602%23423602&i=1,orcid.org/0000-0002-8803-0401,sem orcid,sem orcid,,,,,UNICAMP,4,Rodolfo Azevedo,Brazil,sem orcid,sem orcid,sem orcid,sem orcid,sem orcid,,,,,,,sem orcid,,,,,,,,,,,,,,,,,,,,,,,,,,,,,2008,,,,,,,,,,,,,,,,,,,,,,,,,,,,,,,,,,,,,,Masculino,sem orcid,sem orcid,não anotado,não anotado,não anotado,não anotado
MESTRADO,https://repositorio.unicamp.br/acervo/detalhe/426745?guid=1652140029390&returnUrl=%2fresultado%2flistar%3fguid%3d1652140029390%26quantidadePaginas%3d1%26codigoRegistro%3d426745%23426745&i=2,orcid.org/0000-0002-8803-0401,sem orcid,orcid.org/0000-0003-4869-5190,,,,,UNICAMP,5,Rodolfo Azevedo,Brazil,Universidade Estadual de Campinas,sem orcid,sem orcid,Guido Araujo,no info,,,,,,,sem orcid,,,,,,,,,,,,,,,,,,,,,,,,,,,,,2008,,,,,,,,,,,,,,,,,,,,,,,,,,,,,,,,,,,,,,Masculino,sem orcid,Masculino,não anotado,não anotado,não anotado,não anotado
MESTRADO,https://repositorio.unicamp.br/acervo/detalhe/423566?guid=1652140127319&returnUrl=%2fresultado%2flistar%3fguid%3d1652140127319%26quantidadePaginas%3d1%26codigoRegistro%3d423566%23423566&i=1,orcid.org/0000-0003-4869-5190,sem orcid,orcid.org/0000-0002-9539-6874,,,,,Universidade Estadual de Campinas,6,Guido Araujo,no info,Universidade Estadual de Campinas,sem orcid,sem orcid,Sandro Rigo,Brazil,Computer Architecture,Compilers,,,,,sem orcid,,,,,,,,,,,,,Code Optimization,High-Performance Computing,,,,,,,,,,,,,,,2008,,,,,,,,,,,,,,,,,,,,,,,,,,,,,,,,,,,,,,Masculino,sem orcid,Masculino,não anotado,não anotado,não anotado,não anotado
MESTRADO,https://repositorio.unicamp.br/acervo/detalhe/430441?guid=1652140168623&returnUrl=%2fresultado%2flistar%3fguid%3d1652140168623%26quantidadePaginas%3d1%26codigoRegistro%3d430441%23430441&i=1,orcid.org/0000-0002-1180-2637,orcid.org/0000-0002-7561-5582,orcid.org/0000-0002-8856-194X,,,,,UNICAMP - University of Campinas,7,Edmundo Madeira,no info,University of Campinas,Luciano Gaspary,Brazil,Ricardo Anido,Brazil,,,,,,,no info,,,,,,,,,,,,,,,,,,,,,,,,,,,,,2008,,,,,,,,,,,,,,,,,,,,,,,,,,,,,,,,,,,,,,Masculino,Masculino,Masculino,não anotado,não anotado,não anotado,não anotado
MESTRADO,https://repositorio.unicamp.br/acervo/detalhe/423613?guid=1652140212386&returnUrl=%2fresultado%2flistar%3fguid%3d1652140212386%26quantidadePaginas%3d1%26codigoRegistro%3d423613%23423613&i=1,orcid.org/0000-0001-9772-263X,orcid.org/0000-0002-7941-6281,orcid.org/0000-0002-6023-5982,,,,,Universidade Estadual de Campinas,8,Ricardo Torres,Netherlands,University of Campinas,Renato Fileto,no info,Islene Calciolari Garcia,no info,,,multimedia retrieval,multimedia classification,machine learning,information visualization,Universidade Federal de Santa Catarina,,,,,,,,,,,,,,,,,,,,,,,,,,,,,2008,data science,,,,,,,,,,,,,,,,,,,,,,,,,,,,,,,,,,,,,Masculino,Masculino,Feminino,não anotado,não anotado,não anotado,não anotado
MESTRADO,https://repositorio.unicamp.br/acervo/detalhe/425656?guid=1652140280619&returnUrl=%2fresultado%2flistar%3fguid%3d1652140280619%26quantidadePaginas%3d1%26codigoRegistro%3d425656%23425656&i=1,orcid.org/0000-0001-7878-4990,orcid.org/0000-0001-6822-931X,orcid.org/0000-0001-5201-1244,,,,,State University of Campinas,9,Joao Meidanis,no info,no info,Maria Emilia Walter,Brazil,Jacques Wainer,Brazil,,,,,,,University of Brasilia,,,,,,,,,,,,,,,bioinformatics, non-coding RNAs, genomics, transcriptomics, genome rearrangements,,,,,,,,,,2008,,,,,,,,,,,,,,,,,,,,,,,,,,,,,,,,,,,,,,Masculino,Feminino,Masculino,não anotado,não anotado,não anotado,não anotado
MESTRADO,https://repositorio.unicamp.br/acervo/detalhe/423606?guid=1652140357980&returnUrl=%2fresultado%2flistar%3fguid%3d1652140357980%26quantidadePaginas%3d1%26codigoRegistro%3d423606%23423606&i=1,orcid.org/0000-0001-5015-2131,orcid.org/0000-0002-9554-1381,orcid.org/0000-0001-9772-263X,,,,,no info,10,Neucimar Leite,no info,Universidade Estadual de Campinas,Ricardo Machado Leite de Barros,Brazil,Ricardo Torres,Netherlands,multimedia retrieval,multimedia classification,,,,,State University of Campinas,,,,,,,,,,,,,machine learning,information visualization,Biomecânica,Cinesiologia,Educação Física Desportiva,Biomecânica do Movimento Humano Aplicada aos Esportes,,data science,,,,,,,,,2008,,,,,,,,,,,,,,,,,,,,,,,,,,,,,,,,,,,,,,Masculino,Masculino,Masculino,não anotado,não anotado,não anotado,não anotado
MESTRADO,https://repositorio.unicamp.br/acervo/detalhe/430423?guid=1652140427764&returnUrl=%2fresultado%2flistar%3fguid%3d1652140427764%26quantidadePaginas%3d1%26codigoRegistro%3d430423%23430423&i=1,orcid.org/0000-0003-1908-4753,orcid.org/0000-0001-5944-8246,orcid.org/0000-0001-9772-263X,,,,,Universidade Estadual de Campinas Instituto de Computação,11,Claudia Medeiros,Brazil,Universidade Estadual de Campinas,Ricardo Ciferri,no info,Ricardo Torres,Netherlands,multimedia retrieval,multimedia classification,Scientific data management, Data interoperability, Open Science,,no info,,,,,,,,,,,,,machine learning,information visualization,,,,,,data science,,,,,,,,,2008,,,,,,,,,,,,,,,,,,,,,,,,,,,,,,,,,,,,,,Feminino,Masculino,Masculino,não anotado,não anotado,não anotado,não anotado
MESTRADO,https://repositorio.unicamp.br/acervo/detalhe/426741?guid=1652140592815&returnUrl=%2fresultado%2flistar%3fguid%3d1652140592815%26quantidadePaginas%3d1%26codigoRegistro%3d426741%23426741&i=1,orcid.org/0000-0002-4830-5298,sem orcid,sem orcid,,,,,Universidade Estadual de Campinas,12,Maria Cecilia Calani Baranauskas,Brazil,sem orcid,sem orcid,sem orcid,sem orcid,sem orcid,,,HCI,Socially Aware Design,Organizational Semiotics,Participatory Design,sem orcid,,,,,,,,,,,,,,,,,,,,,,,,,,,,,2008,,,,,,,,,,,,,,,,,,,,,,,,,,,,,,,,,,,,,,Feminino,sem orcid,sem orcid,não anotado,não anotado,não anotado,não anotado
MESTRADO,https://repositorio.unicamp.br/acervo/detalhe/431264?guid=1652140645846&returnUrl=%2fresultado%2flistar%3fguid%3d1652140645846%26quantidadePaginas%3d1%26codigoRegistro%3d431264%23431264&i=1,orcid.org/0000-0001-8309-6367,sem orcid,orcid.org/0000-0001-8923-0432,,,,,Universidade Estadual de Campinas,13,Ariadne Carvalho,no info,no info,sem orcid,sem orcid,Tomasz Kowaltowski,no info,,,,,,,sem orcid,,,,,,,,,,,,,,,,,,,,,,,,,,,,,2008,,,,,,,,,,,,,,,,,,,,,,,,,,,,,,,,,,,,,,Feminino,sem orcid,Masculino,não anotado,não anotado,não anotado,não anotado
MESTRADO,https://repositorio.unicamp.br/acervo/detalhe/434042?guid=1652140684537&returnUrl=%2fresultado%2flistar%3fguid%3d1652140684537%26quantidadePaginas%3d1%26codigoRegistro%3d434042%23434042&i=1,orcid.org/0000-0001-5201-1244,orcid.org/0000-0001-8309-6367,sem orcid,,,,,no info,14,Jacques Wainer,Brazil,sem orcid,Ariadne Carvalho,no info,sem orcid,sem orcid,,,,,,,Universidade Estadual de Campinas,,,,,,,,,,,,,,,,,,,,,,,,,,,,,2008,,,,,,,,,,,,,,,,,,,,,,,,,,,,,,,,,,,,,,Masculino,Feminino,sem orcid,não anotado,não anotado,não anotado,não anotado
MESTRADO,https://repositorio.unicamp.br/acervo/detalhe/434057?guid=1652140712558&returnUrl=%2fresultado%2flistar%3fguid%3d1652140712558%26quantidadePaginas%3d1%26codigoRegistro%3d434057%23434057&i=1,sem orcid,sem orcid,orcid.org/0000-0001-7878-4990,,,,,sem orcid,15,sem orcid,sem orcid,State University of Campinas,sem orcid,sem orcid,Joao Meidanis,no info,,,,,,,sem orcid,,,,,,,,,,,,,,,,,,,,,,,,,,,,,2008,,,,,,,,,,,,,,,,,,,,,,,,,,,,,,,,,,,,,,sem orcid,sem orcid,Masculino,não anotado,não anotado,não anotado,não anotado
MESTRADO,https://repositorio.unicamp.br/acervo/detalhe/445476?guid=1652140741177&returnUrl=%2fresultado%2flistar%3fguid%3d1652140741177%26quantidadePaginas%3d1%26codigoRegistro%3d445476%23445476&i=1,orcid.org/0000-0002-9539-6874,sem orcid,orcid.org/0000-0002-8803-0401,,,,,Universidade Estadual de Campinas,16,Sandro Rigo,Brazil,UNICAMP,sem orcid,sem orcid,Rodolfo Azevedo,Brazil,,,Computer Architecture,Compilers,Code Optimization,High-Performance Computing,sem orcid,,,,,,,,,,,,,,,,,,,,,,,,,,,,,2008,,,,,,,,,,,,,,,,,,,,,,,,,,,,,,,,,,,,,,Masculino,sem orcid,Masculino,não anotado,não anotado,não anotado,não anotado
MESTRADO,https://repositorio.unicamp.br/acervo/detalhe/434428?guid=1652140797517&returnUrl=%2fresultado%2flistar%3fguid%3d1652140797517%26quantidadePaginas%3d1%26codigoRegistro%3d434428%23434428&i=1,sem orcid,orcid.org/0000-0003-3333-6822,orcid.org/0000-0002-0236-0689,,,,,sem orcid,17,sem orcid,sem orcid,Universidade Federal de Santa Catarina,Zanoni Dias,Brazil,Eduardo Camponogara,no info,,,,,,,University of Campinas,,,,,,,,,,,,,,,,,,,,,,,,,,,,,2008,,,,,,,,,,,,,,,,,,,,,,,,,,,,,,,,,,,,,,sem orcid,Masculino,Masculino,não anotado,não anotado,não anotado,não anotado
MESTRADO,https://repositorio.unicamp.br/acervo/detalhe/434549?guid=1652140865321&returnUrl=%2fresultado%2flistar%3fguid%3d1652140865321%26quantidadePaginas%3d1%26codigoRegistro%3d434549%23434549&i=1,orcid.org/0000-0002-4830-5298,orcid.org/0000-0002-1347-186X,orcid.org/0000-0003-0683-7672,,,,,Universidade Estadual de Campinas,18,Maria Cecilia Calani Baranauskas,Brazil,no info,Jose Armando Valente,no info,Anamaria Gomide,no info,,,HCI,Socially Aware Design,Organizational Semiotics,Participatory Design,no info,,,,,,,,,,,,,,,,,,,,,,,,,,,,,2008,,,,,,,,,,,,,,,,,,,,,,,,,,,,,,,,,,,,,,Feminino,Masculino,Feminino,não anotado,não anotado,não anotado,não anotado
MESTRADO,https://repositorio.unicamp.br/acervo/detalhe/444561?guid=1652140909260&returnUrl=%2fresultado%2flistar%3fguid%3d1652140909260%26quantidadePaginas%3d1%26codigoRegistro%3d444561%23444561&i=4,orcid.org/0000-0001-5201-1244,sem orcid,orcid.org/0000-0002-1067-6421,,,,,no info,19,Jacques Wainer,Brazil,no info,sem orcid,sem orcid,Flávio K. Miyazawa,no info,,,,,,,sem orcid,,,,,,,,,,,,,,,,,,,,,,,,,,,,,2008,,,,,,,,,,,,,,,,,,,,,,,,,,,,,,,,,,,,,,Masculino,sem orcid,Masculino,não anotado,não anotado,não anotado,não anotado
MESTRADO,https://repositorio.unicamp.br/acervo/detalhe/445002?guid=1652140945148&returnUrl=%2fresultado%2flistar%3fguid%3d1652140945148%26quantidadePaginas%3d1%26codigoRegistro%3d445002%23445002&i=1,orcid.org/0000-0001-5685-8004,orcid.org/0000-0001-7309-4528,orcid.org/0000-0002-3159-4839,,,,,no info,20,Siome Goldenstein,no info,State University of Campinas,Anna H Reali Costa,Brazil,Jorge Stolfi,no info,,,,,,,Universidade de São Paulo,,,,,,,,,,,,,,,,,,,,,,,,,,,,,2008,,,,,,,,,,,,,,,,,,,,,,,,,,,,,,,,,,,,,,Masculino,Feminino,Masculino,não anotado,não anotado,não anotado,não anotado
MESTRADO,https://repositorio.unicamp.br/acervo/detalhe/444596?guid=1652140977591&returnUrl=%2fresultado%2flistar%3fguid%3d1652140977591%26quantidadePaginas%3d1%26codigoRegistro%3d444596%23444596&i=1,orcid.org/0000-0002-9539-6874,orcid.org/0000-0002-9384-8347,sem orcid,,,,,Universidade Estadual de Campinas,21,Sandro Rigo,Brazil,sem orcid,Luiz C. V. dos Santos,Brazil,sem orcid,sem orcid,,,Computer Architecture,Compilers,Code Optimization,High-Performance Computing,Universidade Federal de Santa Catarina,,,,,,,,,,,,,,,,,,,,,,,,,,,,,2008,,,,,,,,,,,,,,,,,,,,,,,,,,,,,,,,,,,,,,Masculino,Masculino,sem orcid,não anotado,não anotado,não anotado,não anotado
MESTRADO,https://repositorio.unicamp.br/acervo/detalhe/448998?guid=1652141105665&returnUrl=%2fresultado%2flistar%3fguid%3d1652141105665%26quantidadePaginas%3d1%26codigoRegistro%3d448998%23448998&i=1,orcid.org/0000-0003-2046-602X,orcid.org/0000-0002-7789-3359,orcid.org/0000-0002-8856-194X,,,,,Universidade Estadual de Campinas,22,Nelson L. S. da Fonseca,no info,University of Campinas,Luís Henrique M. K. Costa,no info,Ricardo Anido,Brazil,,,,,,,Universidade Federal do Rio de Janeiro,,,,,,,,,,,,,,,,,,,,,,,,,,,,,2008,,,,,,,,,,,,,,,,,,,,,,,,,,,,,,,,,,,,,,Masculino,Masculino,Masculino,não anotado,não anotado,não anotado,não anotado
MESTRADO,https://repositorio.unicamp.br/acervo/detalhe/445488?guid=1652141140205&returnUrl=%2fresultado%2flistar%3fguid%3d1652141140205%26quantidadePaginas%3d1%26codigoRegistro%3d445488%23445488&i=1,orcid.org/0000-0002-2914-5380,sem orcid,orcid.org/0000-0001-5015-2131,,,,,Universidade Estadual de Campinas,23,Alexandre Falcao,Brazil,no info,sem orcid,sem orcid,Neucimar Leite,no info,,,image processing, visualization, and analysis, (interactive) machine learning ,sem orcid,,,,,,,,,,,,,,,,,,,,,,,,,,,,,2008,,,,,,,,,,,,,,,,,,,,,,,,,,,,,,,,,,,,,,Masculino,sem orcid,Masculino,não anotado,não anotado,não anotado,não anotado
MESTRADO,https://repositorio.unicamp.br/acervo/detalhe/777586?guid=1652141223027&returnUrl=%2fresultado%2flistar%3fguid%3d1652141223027%26quantidadePaginas%3d1%26codigoRegistro%3d777586%23777586&i=1,orcid.org/0000-0002-7002-875X,sem orcid,orcid.org/0000-0002-6731-1482,,,,,University of Campinas,24,Ricardo Dahab,Brazil,no info,sem orcid,sem orcid,Julio Cesar Lopez Hernandez,Mexico,,,Cryptography, Graph Theory,,,sem orcid,,,,,,,,,,,,,,,,,,,,,,,,,,,,,2008,,,,,,,,,,,,,,,,,,,,,,,,,,,,,,,,,,,,,,Masculino,sem orcid,Masculino,não anotado,não anotado,não anotado,não anotado
DOUTORADO,https://repositorio.unicamp.br/acervo/detalhe/423615?guid=1652141366077&returnUrl=%2fresultado%2flistar%3fguid%3d1652141366077%26quantidadePaginas%3d1%26codigoRegistro%3d423615%23423615&i=1,orcid.org/0000-0002-2914-5380,sem orcid,orcid.org/0000-0003-4929-7258,orcid.org/0000-0001-9336-9568,orcid.org/0000-0002-5652-0852,,,Universidade Estadual de Campinas,25,Alexandre Falcao,Brazil,Universidade de São Paulo Instituto de Ciências Matemáticas e de Computação,sem orcid,sem orcid,Agma Traina,no info,,,image processing, visualization, and analysis, (interactive) machine learning ,sem orcid,Universidade Estadual de Campinas,,"Cendes, Fernando",no info,,,,,Universidade Estadual de Campinas,Roberto Lotufo,no info,,,,,,,,,,Epilepsy, Neuroimaging, Neuroscience,,,,,,2008,,,,,,,,,,,,,,,,,,,,,,,,,,,,,,,,,,,,,,Masculino,sem orcid,Feminino,Masculino,Masculino,não anotado,não anotado
DOUTORADO,https://repositorio.unicamp.br/acervo/detalhe/426748?guid=1652141415940&returnUrl=%2fresultado%2flistar%3fguid%3d1652141415940%26quantidadePaginas%3d1%26codigoRegistro%3d426748%23426748&i=2,sem orcid,orcid.org/0000-0003-3233-0314,sem orcid,orcid.org/0000-0002-8803-0401,orcid.org/0000-0003-0683-7672,,,sem orcid,26,sem orcid,sem orcid,sem orcid,Joice Lee Otsuka,Brazil,sem orcid,sem orcid,,,,,,,Federal University of São Carlos,no info,,Rodolfo Azevedo,Brazil,,,,,UNICAMP,Anamaria Gomide,no info,,,,educational game,accessibility,inclusive design,serious game,,,,,,,,,,,2008,,,,,,,,,,,,,,,,,,,,,,,,,,,,,,,,,,,,,,sem orcid,Feminino,sem orcid,Masculino,Feminino,não anotado,não anotado
DOUTORADO,https://repositorio.unicamp.br/acervo/detalhe/434044?guid=1652141510349&returnUrl=%2fresultado%2flistar%3fguid%3d1652141510349%26quantidadePaginas%3d1%26codigoRegistro%3d434044%23434044&i=1,orcid.org/0000-0002-5945-0845,orcid.org/0000-0001-6627-7692,orcid.org/0000-0001-8175-8320,sem orcid,orcid.org/0000-0002-1067-6421,,,Universidade Estadual de Campinas,27,Cid de Souza,Brazil,Federal University of Rio de Janeiro,Abilio Lucena,Brazil,Laura Bahiense,no info,,,Integer Programming,Combinatorial Optimization,Algorithms (design and analysis),Operations Research,Universidade Federal do Rio de Janeiro,no info,,sem orcid,sem orcid,,,,,sem orcid,Flávio K. Miyazawa,no info,,,,,,,,,,,,,,,,,,2008,,,,,,,,,,,,,,,,,,,,,,,,,,,,,,,,,,,,,,Masculino,Masculino,Feminino,sem orcid,Masculino,não anotado,não anotado
DOUTORADO,https://repositorio.unicamp.br/acervo/detalhe/440984?guid=1652141552839&returnUrl=%2fresultado%2flistar%3fguid%3d1652141552839%26quantidadePaginas%3d1%26codigoRegistro%3d440984%23440984&i=1,sem orcid,orcid.org/0000-0002-8007-9817,orcid.org/0000-0001-9625-5259,orcid.org/0000-0002-1180-2637,orcid.org/0000-0002-6023-5982,,,sem orcid,28,sem orcid,sem orcid,Universidade Estadual de Maringá,Markus Endler,Brazil,Itana Gimenes,Brazil,,,,,,,PUC-Rio,University of Campinas,,Edmundo Madeira,no info,,,,,UNICAMP - University of Campinas,Islene Calciolari Garcia,no info,,,,,,,,,,,,,,,,,,2008,,,,,,,,,,,,,,,,,,,,,,,,,,,,,,,,,,,,,,sem orcid,Masculino,Feminino,Masculino,Feminino,não anotado,não anotado
DOUTORADO,https://repositorio.unicamp.br/acervo/detalhe/436920?guid=1652141612271&returnUrl=%2fresultado%2flistar%3fguid%3d1652141612271%26quantidadePaginas%3d1%26codigoRegistro%3d436920%23436920&i=1,orcid.org/0000-0002-7002-875X,sem orcid,sem orcid,orcid.org/0000-0002-6731-1482,orcid.org/0000-0003-2046-602X,,,University of Campinas,29,Ricardo Dahab,Brazil,sem orcid,sem orcid,sem orcid,sem orcid,sem orcid,,,Cryptography, Graph Theory,,,sem orcid,Universidade Estadual de Campinas,,Julio Cesar Lopez Hernandez,Mexico,,,,,no info,Nelson L. S. da Fonseca,no info,,,,,,,,,,,,,,,,,,2008,,,,,,,,,,,,,,,,,,,,,,,,,,,,,,,,,,,,,,Masculino,sem orcid,sem orcid,Masculino,Masculino,não anotado,não anotado
DOUTORADO,https://repositorio.unicamp.br/acervo/detalhe/437596?guid=1652141664867&returnUrl=%2fresultado%2flistar%3fguid%3d1652141664867%26quantidadePaginas%3d1%26codigoRegistro%3d437596%23437596&i=1,orcid.org/0000-0001-5201-1244,sem orcid,sem orcid,orcid.org/0000-0003-1908-4753,orcid.org/0000-0002-1067-6421,,,no info,30,Jacques Wainer,Brazil,sem orcid,sem orcid,sem orcid,sem orcid,sem orcid,,,,,,,sem orcid,no info,,Claudia Medeiros,Brazil,,,,,Universidade Estadual de Campinas Instituto de Computação,Flávio K. Miyazawa,no info,,,,,,,,,,Scientific data management, Data interoperability, Open Science,,,,,,2008,,,,,,,,,,,,,,,,,,,,,,,,,,,,,,,,,,,,,,Masculino,sem orcid,sem orcid,Feminino,Masculino,não anotado,não anotado
DOUTORADO,https://repositorio.unicamp.br/acervo/detalhe/438287?guid=1652141715831&returnUrl=%2fresultado%2flistar%3fguid%3d1652141715831%26quantidadePaginas%3d1%26codigoRegistro%3d438287%23438287&i=1,orcid.org/0000-0002-2914-5380,orcid.org/0000-0003-3861-7260,sem orcid,orcid.org/0000-0003-0125-630X,orcid.org/0000-0001-5201-1244,,,Universidade Estadual de Campinas,31,Alexandre Falcao,Brazil,sem orcid,Roberto Hirata Jr.,Brazil,sem orcid,sem orcid,,,image processing, visualization, and analysis, (interactive) machine learning ,Universidade de São Paulo,no info,,Helio Pedrini,Brazil,,,,,University of Campinas,Jacques Wainer,Brazil,,,,,,,,,,image and video processing; machine learning; computer vision,,,,,,,,2008,,,,,,,,,,,,,,,,,,,,,,,,,,,,,,,,,,,,,,Masculino,Masculino,sem orcid,Masculino,Masculino,não anotado,não anotado
DOUTORADO,https://repositorio.unicamp.br/acervo/detalhe/444356?guid=1652141762049&returnUrl=%2fresultado%2flistar%3fguid%3d1652141762049%26quantidadePaginas%3d1%26codigoRegistro%3d444356%23444356&i=1,orcid.org/0000-0002-1180-2637,sem orcid,sem orcid,orcid.org/0000-0002-8856-194X,orcid.org/0000-0002-6023-5982,,,UNICAMP - University of Campinas,32,Edmundo Madeira,no info,sem orcid,sem orcid,sem orcid,sem orcid,sem orcid,,,,,,,sem orcid,University of Campinas,,Ricardo Anido,Brazil,,,,,University of Campinas,Islene Calciolari Garcia,no info,,,,,,,,,,,,,,,,,,2008,,,,,,,,,,,,,,,,,,,,,,,,,,,,,,,,,,,,,,Masculino,sem orcid,sem orcid,Masculino,Feminino,não anotado,não anotado
DOUTORADO,https://repositorio.unicamp.br/acervo/detalhe/434357?guid=1652141814622&returnUrl=%2fresultado%2flistar%3fguid%3d1652141814622%26quantidadePaginas%3d1%26codigoRegistro%3d434357%23434357&i=1,orcid.org/0000-0003-4869-5190,sem orcid,orcid.org/0000-0002-9384-8347,orcid.org/0000-0002-9539-6874,orcid.org/0000-0002-8803-0401,,,Universidade Estadual de Campinas,33,Guido Araujo,no info,Universidade Federal de Santa Catarina,sem orcid,sem orcid,Luiz C. V. dos Santos,Brazil,,,,,,,sem orcid,UNICAMP,,Sandro Rigo,Brazil,,,,,Universidade Estadual de Campinas,Rodolfo Azevedo,Brazil,,,,,,,,,,Computer Architecture,Compilers,Code Optimization,,,,,,2008,,,,,,,High-Performance Computing,,,,,,,,,,,,,,,,,,,,,,,,,,,,,,,Masculino,sem orcid,Masculino,Masculino,Masculino,não anotado,não anotado
DOUTORADO,https://repositorio.unicamp.br/acervo/detalhe/444309?guid=1652141858107&returnUrl=%2fresultado%2flistar%3fguid%3d1652141858107%26quantidadePaginas%3d1%26codigoRegistro%3d444309%23444309&i=1,orcid.org/0000-0002-1180-2637,orcid.org/0000-0003-3888-7340,sem orcid,orcid.org/0000-0003-1908-4753,orcid.org/0000-0002-6023-5982,,,UNICAMP - University of Campinas,34,Edmundo Madeira,no info,sem orcid,Fabio Kon,Brazil,sem orcid,sem orcid,,,,,,,University of São Paulo,University of Campinas,,Claudia Medeiros,Brazil,,,,,Universidade Estadual de Campinas Instituto de Computação,Islene Calciolari Garcia,no info,,,,Smart Cities, Software Development, Open Source, Agile Development, Middleware,,Scientific data management, Data interoperability, Open Science,,,,,,2008,,,,,,,,,,,,,,,,,,,,,,,,,,,,,,,,,,,,,,Masculino,Masculino,sem orcid,Feminino,Feminino,não anotado,não anotado
DOUTORADO,https://repositorio.unicamp.br/acervo/detalhe/436932?guid=1652141911171&returnUrl=%2fresultado%2flistar%3fguid%3d1652141911171%26quantidadePaginas%3d1%26codigoRegistro%3d436932%23436932&i=1,orcid.org/0000-0003-1908-4753,sem orcid,orcid.org/0000-0002-5250-1785,orcid.org/0000-0002-1180-2637,orcid.org/0000-0002-9539-6874,,,Universidade Estadual de Campinas Instituto de Computação,35,Claudia Medeiros,Brazil,Universidade Federal de Minas Gerais,sem orcid,sem orcid,Antonio A. F. Loureiro,no info,,,Scientific data management, Data interoperability, Open Science,,sem orcid,Universidade Estadual de Campinas,,Edmundo Madeira,no info,,,,,UNICAMP - University of Campinas,Sandro Rigo,Brazil,,,,,,,,,,,,,Computer Architecture,Compilers,Code Optimization,High-Performance Computing,,2008,,,,,,,,,,,,,,,,,,,,,,,,,,,,,,,,,,,,,,Feminino,sem orcid,Masculino,Masculino,Masculino,não anotado,não anotado
MESTRADO,https://repositorio.unicamp.br/acervo/detalhe/467516?guid=1652142043121&returnUrl=%2fresultado%2flistar%3fguid%3d1652142043121%26quantidadePaginas%3d1%26codigoRegistro%3d467516%23467516&i=1,orcid.org/0000-0001-5015-2131,orcid.org/0000-0002-9554-1381,orcid.org/0000-0001-9772-263X,,,,,no info,0,Neucimar Leite,no info,Universidade Estadual de Campinas,Ricardo Machado Leite de Barros,Brazil,Ricardo Torres,Netherlands,multimedia retrieval,multimedia classification,,,,,State University of Campinas,,,,,,,,,,,,,machine learning,information visualization,Biomecânica,Cinesiologia,Educação Física Desportiva,Biomecânica do Movimento Humano Aplicada aos Esportes,,data science,,,,,,,,,2009,,,,,,,,,,,,,,,,,,,,,,,,,,,,,,,,,,,,,,Masculino,Masculino,Masculino,não anotado,não anotado,não anotado,não anotado
MESTRADO,https://repositorio.unicamp.br/acervo/detalhe/445242?guid=1652142073024&returnUrl=%2fresultado%2flistar%3fguid%3d1652142073024%26quantidadePaginas%3d1%26codigoRegistro%3d445242%23445242&i=1,orcid.org/0000-0002-6540-8686,sem orcid,orcid.org/0000-0002-6023-5982,,,,,University of Campinas,1,Paulo de Geus,Brazil,University of Campinas,sem orcid,sem orcid,Islene Calciolari Garcia,no info,,,Computer Security,,,,sem orcid,,,,,,,,,,,,,,,,,,,,,,,,,,,,,2009,,,,,,,,,,,,,,,,,,,,,,,,,,,,,,,,,,,,,,Masculino,sem orcid,Feminino,não anotado,não anotado,não anotado,não anotado
MESTRADO,https://repositorio.unicamp.br/acervo/detalhe/467433?guid=1652142198678&returnUrl=%2fresultado%2flistar%3fguid%3d1652142198678%26quantidadePaginas%3d1%26codigoRegistro%3d467433%23467433&i=13,orcid.org/0000-0002-7002-875X,orcid.org/0000-0002-6731-1482,,,,,,University of Campinas,2,Ricardo Dahab,Brazil,,Julio Cesar Lopez Hernandez,Mexico,,,,,Cryptography, Graph Theory,,,no info,,,,,,,,,,,,,,,,,,,,,,,,,,,,,2009,,,,,,,,,,,,,,,,,,,,,,,,,,,,,,,,,,,,,,Masculino,Masculino,não anotado,não anotado,não anotado,não anotado,não anotado
MESTRADO,https://repositorio.unicamp.br/acervo/detalhe/444627?guid=1652142260410&returnUrl=%2fresultado%2flistar%3fguid%3d1652142260410%26quantidadePaginas%3d1%26codigoRegistro%3d444627%23444627&i=1,orcid.org/0000-0001-9772-263X,sem orcid,orcid.org/0000-0003-0125-630X,,,,,Universidade Estadual de Campinas,3,Ricardo Torres,Netherlands,University of Campinas,sem orcid,sem orcid,Helio Pedrini,Brazil,image and video processing; machine learning; computer vision,,multimedia retrieval,multimedia classification,machine learning,information visualization,sem orcid,,,,,,,,,,,,,,,,,,,,,,,,,,,,,2009,data science,,,,,,,,,,,,,,,,,,,,,,,,,,,,,,,,,,,,,Masculino,sem orcid,Masculino,não anotado,não anotado,não anotado,não anotado
MESTRADO,https://repositorio.unicamp.br/acervo/detalhe/446556?guid=1652142326357&returnUrl=%2fresultado%2flistar%3fguid%3d1652142326357%26quantidadePaginas%3d1%26codigoRegistro%3d446556%23446556&i=1,sem orcid,orcid.org/0000-0001-6112-892X,sem orcid,,,,,sem orcid,4,sem orcid,sem orcid,sem orcid,Celmar Guimarães da Silva,Brazil,sem orcid,sem orcid,,,,,,,Universidade Estadual de Campinas,,,,,,,,,,,,,,,Information Visualization; Human-Computer Interaction,,,,,,,,,,,,,,2009,,,,,,,,,,,,,,,,,,,,,,,,,,,,,,,,,,,,,,sem orcid,Masculino,sem orcid,não anotado,não anotado,não anotado,não anotado
MESTRADO,https://repositorio.unicamp.br/acervo/detalhe/444849?guid=1652142366158&returnUrl=%2fresultado%2flistar%3fguid%3d1652142366158%26quantidadePaginas%3d1%26codigoRegistro%3d444849%23444849&i=1,orcid.org/0000-0002-7002-875X,sem orcid,orcid.org/0000-0001-5685-8004,,,,,University of Campinas,5,Ricardo Dahab,Brazil,no info,sem orcid,sem orcid,Siome Goldenstein,no info,,,Cryptography, Graph Theory,,,sem orcid,,,,,,,,,,,,,,,,,,,,,,,,,,,,,2009,,,,,,,,,,,,,,,,,,,,,,,,,,,,,,,,,,,,,,Masculino,sem orcid,Masculino,não anotado,não anotado,não anotado,não anotado
MESTRADO,https://repositorio.unicamp.br/acervo/detalhe/444929?guid=1652142409366&returnUrl=%2fresultado%2flistar%3fguid%3d1652142409366%26quantidadePaginas%3d1%26codigoRegistro%3d444929%23444929&i=1,orcid.org/0000-0001-9772-263X,sem orcid,orcid.org/0000-0002-2914-5380,,,,,Universidade Estadual de Campinas,6,Ricardo Torres,Netherlands,Universidade Estadual de Campinas,sem orcid,sem orcid,Alexandre Falcao,Brazil,image processing, visualization,multimedia retrieval,multimedia classification,machine learning,information visualization,sem orcid,,,,,,,,,,,,, and analysis, (interactive) machine learning ,,,,,,,,,,,,,,,2009,data science,,,,,,,,,,,,,,,,,,,,,,,,,,,,,,,,,,,,,Masculino,sem orcid,Masculino,não anotado,não anotado,não anotado,não anotado
MESTRADO,https://repositorio.unicamp.br/acervo/detalhe/444926?guid=1652142578185&returnUrl=%2fresultado%2flistar%3fguid%3d1652142578185%26quantidadePaginas%3d1%26codigoRegistro%3d444926%23444926&i=1,orcid.org/0000-0003-0683-7672,sem orcid,orcid.org/0000-0002-2914-5380,,,,,no info,7,Anamaria Gomide,no info,Universidade Estadual de Campinas,sem orcid,sem orcid,Alexandre Falcao,Brazil,image processing, visualization,,,,,sem orcid,,,,,,,,,,,,, and analysis, (interactive) machine learning ,,,,,,,,,,,,,,,2009,,,,,,,,,,,,,,,,,,,,,,,,,,,,,,,,,,,,,,Feminino,sem orcid,Masculino,não anotado,não anotado,não anotado,não anotado
MESTRADO,https://repositorio.unicamp.br/acervo/detalhe/444918?guid=1652142700927&returnUrl=%2fresultado%2flistar%3fguid%3d1652142700927%26quantidadePaginas%3d1%26codigoRegistro%3d444918%23444918&i=1,orcid.org/0000-0002-2914-5380,sem orcid,orcid.org/0000-0003-0125-630X,,,,,Universidade Estadual de Campinas,8,Alexandre Falcao,Brazil,University of Campinas,sem orcid,sem orcid,Helio Pedrini,Brazil,image and video processing; machine learning; computer vision,,image processing, visualization, and analysis, (interactive) machine learning ,sem orcid,,,,,,,,,,,,,,,,,,,,,,,,,,,,,2009,,,,,,,,,,,,,,,,,,,,,,,,,,,,,,,,,,,,,,Masculino,sem orcid,Masculino,não anotado,não anotado,não anotado,não anotado
MESTRADO,https://repositorio.unicamp.br/acervo/detalhe/444922?guid=1652142751653&returnUrl=%2fresultado%2flistar%3fguid%3d1652142751653%26quantidadePaginas%3d1%26codigoRegistro%3d444922%23444922&i=1,orcid.org/0000-0002-7002-875X,sem orcid,orcid.org/0000-0002-6731-1482,,,,,University of Campinas,9,Ricardo Dahab,Brazil,no info,sem orcid,sem orcid,Julio Cesar Lopez Hernandez,Mexico,,,Cryptography, Graph Theory,,,sem orcid,,,,,,,,,,,,,,,,,,,,,,,,,,,,,2009,,,,,,,,,,,,,,,,,,,,,,,,,,,,,,,,,,,,,,Masculino,sem orcid,Masculino,não anotado,não anotado,não anotado,não anotado
MESTRADO,https://repositorio.unicamp.br/acervo/detalhe/444843?guid=1652142806139&returnUrl=%2fresultado%2flistar%3fguid%3d1652142806139%26quantidadePaginas%3d1%26codigoRegistro%3d444843%23444843&i=1,orcid.org/0000-0001-5201-1244,orcid.org/0000-0001-7309-4528,orcid.org/0000-0001-5685-8004,,,,,no info,10,Jacques Wainer,Brazil,no info,Anna H Reali Costa,Brazil,Siome Goldenstein,no info,,,,,,,Universidade de São Paulo,,,,,,,,,,,,,,,,,,,,,,,,,,,,,2009,,,,,,,,,,,,,,,,,,,,,,,,,,,,,,,,,,,,,,Masculino,Feminino,Masculino,não anotado,não anotado,não anotado,não anotado
MESTRADO,https://repositorio.unicamp.br/acervo/detalhe/444531?guid=1652142858756&returnUrl=%2fresultado%2flistar%3fguid%3d1652142858756%26quantidadePaginas%3d1%26codigoRegistro%3d444531%23444531&i=1,orcid.org/0000-0002-4830-5298,sem orcid,orcid.org/0000-0003-0683-7672,,,,,Universidade Estadual de Campinas,11,Maria Cecilia Calani Baranauskas,Brazil,no info,sem orcid,sem orcid,Anamaria Gomide,no info,,,HCI,Socially Aware Design,Organizational Semiotics,Participatory Design,sem orcid,,,,,,,,,,,,,,,,,,,,,,,,,,,,,2009,,,,,,,,,,,,,,,,,,,,,,,,,,,,,,,,,,,,,,Feminino,sem orcid,Feminino,não anotado,não anotado,não anotado,não anotado
MESTRADO,https://repositorio.unicamp.br/acervo/detalhe/445010?guid=1652142922502&returnUrl=%2fresultado%2flistar%3fguid%3d1652142922502%26quantidadePaginas%3d1%26codigoRegistro%3d445010%23445010&i=1,orcid.org/0000-0002-4830-5298,sem orcid,sem orcid,,,,,Universidade Estadual de Campinas,12,Maria Cecilia Calani Baranauskas,Brazil,sem orcid,sem orcid,sem orcid,sem orcid,sem orcid,,,HCI,Socially Aware Design,Organizational Semiotics,Participatory Design,sem orcid,,,,,,,,,,,,,,,,,,,,,,,,,,,,,2009,,,,,,,,,,,,,,,,,,,,,,,,,,,,,,,,,,,,,,Feminino,sem orcid,sem orcid,não anotado,não anotado,não anotado,não anotado
MESTRADO,https://repositorio.unicamp.br/acervo/detalhe/448093?guid=1652143134631&returnUrl=%2fresultado%2flistar%3fguid%3d1652143134631%26quantidadePaginas%3d1%26codigoRegistro%3d448093%23448093&i=1,orcid.org/0000-0003-1908-4753,sem orcid,orcid.org/0000-0003-4290-6508,,,,,Universidade Estadual de Campinas Instituto de Computação,13,Claudia Medeiros,Brazil,no info,sem orcid,sem orcid,Eliane Martins,no info,,,Scientific data management, Data interoperability, Open Science,,sem orcid,,,,,,,,,,,,,,,,,,,,,,,,,,,,,2009,,,,,,,,,,,,,,,,,,,,,,,,,,,,,,,,,,,,,,Feminino,sem orcid,Feminino,não anotado,não anotado,não anotado,não anotado
MESTRADO,https://repositorio.unicamp.br/acervo/detalhe/467483?guid=1652143269242&returnUrl=%2fresultado%2flistar%3fguid%3d1652143269242%26quantidadePaginas%3d1%26codigoRegistro%3d467483%23467483&i=1,orcid.org/0000-0003-4290-6508,sem orcid,orcid.org/0000-0002-7002-875X,,,,,no info,14,Eliane Martins,no info,University of Campinas,sem orcid,sem orcid,Ricardo Dahab,Brazil,Cryptography, Graph Theory,,,,,sem orcid,,,,,,,,,,,,,,,,,,,,,,,,,,,,,2009,,,,,,,,,,,,,,,,,,,,,,,,,,,,,,,,,,,,,,Feminino,sem orcid,Masculino,não anotado,não anotado,não anotado,não anotado
MESTRADO,https://repositorio.unicamp.br/acervo/detalhe/467464?guid=1652145151925&returnUrl=%2fresultado%2flistar%3fguid%3d1652145151925%26quantidadePaginas%3d1%26codigoRegistro%3d467464%23467464&i=1,orcid.org/0000-0001-5201-1244,sem orcid,orcid.org/0000-0001-8309-6367,,,,,no info,15,Jacques Wainer,Brazil,Universidade Estadual de Campinas,sem orcid,sem orcid,Ariadne Carvalho,no info,,,,,,,sem orcid,,,,,,,,,,,,,,,,,,,,,,,,,,,,,2009,,,,,,,,,,,,,,,,,,,,,,,,,,,,,,,,,,,,,,Masculino,sem orcid,Feminino,não anotado,não anotado,não anotado,não anotado
MESTRADO,https://repositorio.unicamp.br/acervo/detalhe/448924?guid=1652145191220&returnUrl=%2fresultado%2flistar%3fguid%3d1652145191220%26quantidadePaginas%3d1%26codigoRegistro%3d448924%23448924&i=1,orcid.org/0000-0003-1908-4753,orcid.org/0000-0002-1756-4852,orcid.org/0000-0002-1180-2637,,,,,Universidade Estadual de Campinas Instituto de Computação,16,Claudia Medeiros,Brazil,UNICAMP - University of Campinas,André Santanchè,no info,Edmundo Madeira,no info,,,Scientific data management, Data interoperability, Open Science,,Universidade Estadual de Campinas,,,,,,,,,,,,,,,,,,,,,,,,,,,,,2009,,,,,,,,,,,,,,,,,,,,,,,,,,,,,,,,,,,,,,Feminino,Masculino,Masculino,não anotado,não anotado,não anotado,não anotado
MESTRADO,https://repositorio.unicamp.br/acervo/detalhe/467451?guid=1652145354940&returnUrl=%2fresultado%2flistar%3fguid%3d1652145354940%26quantidadePaginas%3d1%26codigoRegistro%3d467451%23467451&i=1,orcid.org/0000-0002-1180-2637,sem orcid,orcid.org/0000-0002-6023-5982,,,,,UNICAMP - University of Campinas,17,Edmundo Madeira,no info,University of Campinas,sem orcid,sem orcid,Islene Calciolari Garcia,no info,,,,,,,sem orcid,,,,,,,,,,,,,,,,,,,,,,,,,,,,,2009,,,,,,,,,,,,,,,,,,,,,,,,,,,,,,,,,,,,,,Masculino,sem orcid,Feminino,não anotado,não anotado,não anotado,não anotado
MESTRADO,https://repositorio.unicamp.br/acervo/detalhe/794398?guid=1652145397234&returnUrl=%2fresultado%2flistar%3fguid%3d1652145397234%26quantidadePaginas%3d1%26codigoRegistro%3d794398%23794398&i=1,orcid.org/0000-0003-1908-4753,orcid.org/0000-0003-4890-1548,sem orcid,,,,,Universidade Estadual de Campinas Instituto de Computação,18,Claudia Medeiros,Brazil,sem orcid,"Digiampietri, L.A. ; Digiampietri, L. ; Digiampietri, Luciano ; Digiampietri, Luciano Antonio",Brazil,sem orcid,sem orcid,,,Scientific data management, Data interoperability, Open Science,,Universidade de São Paulo,,,,,,,,,,,,,,, Bioinformatics, Workflow Management,Social Network Analysis,,,,,,,,,,,,2009,,,,,,,,,,,,,,,,,,,,,,,,,,,,,,,,,,,,,,Feminino,Masculino,sem orcid,não anotado,não anotado,não anotado,não anotado
MESTRADO,https://repositorio.unicamp.br/acervo/detalhe/466855?guid=1652145434510&returnUrl=%2fresultado%2flistar%3fguid%3d1652145434510%26quantidadePaginas%3d1%26codigoRegistro%3d466855%23466855&i=1,orcid.org/0000-0001-5685-8004,orcid.org/0000-0002-3159-4839,sem orcid,,,,,no info,19,Siome Goldenstein,no info,sem orcid,Jorge Stolfi,no info,sem orcid,sem orcid,,,,,,,State University of Campinas,,,,,,,,,,,,,,,,,,,,,,,,,,,,,2009,,,,,,,,,,,,,,,,,,,,,,,,,,,,,,,,,,,,,,Masculino,Masculino,sem orcid,não anotado,não anotado,não anotado,não anotado
MESTRADO,https://repositorio.unicamp.br/acervo/detalhe/474915?guid=1652145468783&returnUrl=%2fresultado%2flistar%3fguid%3d1652145468783%26quantidadePaginas%3d1%26codigoRegistro%3d474915%23474915&i=1,orcid.org/0000-0002-1180-2637,sem orcid,orcid.org/0000-0001-5201-1244,,,,,UNICAMP - University of Campinas,20,Edmundo Madeira,no info,no info,sem orcid,sem orcid,Jacques Wainer,Brazil,,,,,,,sem orcid,,,,,,,,,,,,,,,,,,,,,,,,,,,,,2009,,,,,,,,,,,,,,,,,,,,,,,,,,,,,,,,,,,,,,Masculino,sem orcid,Masculino,não anotado,não anotado,não anotado,não anotado
MESTRADO,https://repositorio.unicamp.br/acervo/detalhe/772061?guid=1652145495707&returnUrl=%2fresultado%2flistar%3fguid%3d1652145495707%26quantidadePaginas%3d1%26codigoRegistro%3d772061%23772061&i=1,sem orcid,sem orcid,orcid.org/0000-0002-6023-5982,,,,,sem orcid,21,sem orcid,sem orcid,University of Campinas,sem orcid,sem orcid,Islene Calciolari Garcia,no info,,,,,,,sem orcid,,,,,,,,,,,,,,,,,,,,,,,,,,,,,2009,,,,,,,,,,,,,,,,,,,,,,,,,,,,,,,,,,,,,,sem orcid,sem orcid,Feminino,não anotado,não anotado,não anotado,não anotado
MESTRADO,https://repositorio.unicamp.br/acervo/detalhe/477497?guid=1652145554072&returnUrl=%2fresultado%2flistar%3fguid%3d1652145554072%26quantidadePaginas%3d1%26codigoRegistro%3d477497%23477497&i=1,orcid.org/0000-0002-5945-0845,orcid.org/0000-0003-4804-5788,orcid.org/0000-0002-1067-6421,,,,,Universidade Estadual de Campinas,22,Cid de Souza,Brazil,no info,Carlos Ferreira,no info,Flávio K. Miyazawa,no info,,,Integer Programming,Combinatorial Optimization,Algorithms (design and analysis),Operations Research,University of São Paulo,,,,,,,,,,,,,,,,,,,,,,,,,,,,,2009,,,,,,,,,,,,,,,,,,,,,,,,,,,,,,,,,,,,,,Masculino,Masculino,Masculino,não anotado,não anotado,não anotado,não anotado
MESTRADO,https://repositorio.unicamp.br/acervo/detalhe/474868?guid=1652145643622&returnUrl=%2fresultado%2flistar%3fguid%3d1652145643622%26quantidadePaginas%3d1%26codigoRegistro%3d474868%23474868&i=1,orcid.org/0000-0003-1908-4753,sem orcid,orcid.org/0000-0002-8803-0401,,,,,Universidade Estadual de Campinas Instituto de Computação,23,Claudia Medeiros,Brazil,UNICAMP,sem orcid,sem orcid,Rodolfo Azevedo,Brazil,,,Scientific data management, Data interoperability, Open Science,,sem orcid,,,,,,,,,,,,,,,,,,,,,,,,,,,,,2009,,,,,,,,,,,,,,,,,,,,,,,,,,,,,,,,,,,,,,Feminino,sem orcid,Masculino,não anotado,não anotado,não anotado,não anotado
MESTRADO,https://repositorio.unicamp.br/acervo/detalhe/478297?guid=1652145698137&returnUrl=%2fresultado%2flistar%3fguid%3d1652145698137%26quantidadePaginas%3d1%26codigoRegistro%3d478297%23478297&i=1,orcid.org/0000-0003-4549-7105,orcid.org/0000-0003-3692-2202,orcid.org/0000-0003-1908-4753,,,,,no info,24,Cecilia Mary Fischer Rubira Rubira,no info,Universidade Estadual de Campinas Instituto de Computação,Delano Beder,no info,Claudia Medeiros,Brazil,Scientific data management, Data interoperability,,,,,no info,,,,,,,,,,,,, Open Science,,,,,,,,,,,,,,,,2009,,,,,,,,,,,,,,,,,,,,,,,,,,,,,,,,,,,,,,Feminino,Masculino,Feminino,não anotado,não anotado,não anotado,não anotado
MESTRADO,https://repositorio.unicamp.br/acervo/detalhe/477393?guid=1652145767368&returnUrl=%2fresultado%2flistar%3fguid%3d1652145767368%26quantidadePaginas%3d1%26codigoRegistro%3d477393%23477393&i=1,orcid.org/0000-0001-9772-263X,orcid.org/0000-0003-4890-1548,sem orcid,,,,,Universidade Estadual de Campinas,25,Ricardo Torres,Netherlands,sem orcid,"Digiampietri, L.A. ; Digiampietri, L. ; Digiampietri, Luciano ; Digiampietri, Luciano Antonio",Brazil,sem orcid,sem orcid,,,multimedia retrieval,multimedia classification,machine learning,information visualization,Universidade de São Paulo,,,,,,,,,,,,,,, Bioinformatics, Workflow Management,Social Network Analysis,,,,,,,,,,,,2009,data science,,,,,,,,,,,,,,,,,,,,,,,,,,,,,,,,,,,,,Masculino,Masculino,sem orcid,não anotado,não anotado,não anotado,não anotado
MESTRADO,https://repositorio.unicamp.br/acervo/detalhe/477491?guid=1652145910333&returnUrl=%2fresultado%2flistar%3fguid%3d1652145910333%26quantidadePaginas%3d1%26codigoRegistro%3d477491%23477491&i=1,orcid.org/0000-0002-8856-194X,orcid.org/0000-0001-5201-1244,sem orcid,,,,,University of Campinas,26,Ricardo Anido,Brazil,sem orcid,Jacques Wainer,Brazil,sem orcid,sem orcid,,,,,,,no info,,,,,,,,,,,,,,,,,,,,,,,,,,,,,2009,,,,,,,,,,,,,,,,,,,,,,,,,,,,,,,,,,,,,,Masculino,Masculino,sem orcid,não anotado,não anotado,não anotado,não anotado
MESTRADO,https://repositorio.unicamp.br/acervo/detalhe/477357?guid=1652145951375&returnUrl=%2fresultado%2flistar%3fguid%3d1652145951375%26quantidadePaginas%3d1%26codigoRegistro%3d477357%23477357&i=1,orcid.org/0000-0003-4869-5190,sem orcid,orcid.org/0000-0002-7002-875X,,,,,Universidade Estadual de Campinas,27,Guido Araujo,no info,University of Campinas,sem orcid,sem orcid,Ricardo Dahab,Brazil,Cryptography, Graph Theory,,,,,sem orcid,,,,,,,,,,,,,,,,,,,,,,,,,,,,,2009,,,,,,,,,,,,,,,,,,,,,,,,,,,,,,,,,,,,,,Masculino,sem orcid,Masculino,não anotado,não anotado,não anotado,não anotado
MESTRADO,https://repositorio.unicamp.br/acervo/detalhe/773938?guid=1652145994015&returnUrl=%2fresultado%2flistar%3fguid%3d1652145994015%26quantidadePaginas%3d1%26codigoRegistro%3d773938%23773938&i=1,orcid.org/0000-0002-1067-6421,orcid.org/0000-0003-4462-3325,sem orcid,,,,,no info,28,Flávio K. Miyazawa,no info,sem orcid,Orlando Lee,no info,sem orcid,sem orcid,,,,,,,University of Campinas,,,,,,,,,,,,,,,,,,,,,,,,,,,,,2009,,,,,,,,,,,,,,,,,,,,,,,,,,,,,,,,,,,,,,Masculino,Masculino,sem orcid,não anotado,não anotado,não anotado,não anotado
MESTRADO,https://repositorio.unicamp.br/acervo/detalhe/477324?guid=1652146041903&returnUrl=%2fresultado%2flistar%3fguid%3d1652146041903%26quantidadePaginas%3d1%26codigoRegistro%3d477324%23477324&i=1,orcid.org/0000-0002-8803-0401,sem orcid,orcid.org/0000-0002-9539-6874,,,,,UNICAMP,29,Rodolfo Azevedo,Brazil,Universidade Estadual de Campinas,sem orcid,sem orcid,Sandro Rigo,Brazil,Computer Architecture,Compilers,,,,,sem orcid,,,,,,,,,,,,,Code Optimization,High-Performance Computing,,,,,,,,,,,,,,,2009,,,,,,,,,,,,,,,,,,,,,,,,,,,,,,,,,,,,,,Masculino,sem orcid,Masculino,não anotado,não anotado,não anotado,não anotado
MESTRADO,https://repositorio.unicamp.br/acervo/detalhe/476755?guid=1652146084222&returnUrl=%2fresultado%2flistar%3fguid%3d1652146084222%26quantidadePaginas%3d1%26codigoRegistro%3d476755%23476755&i=4,orcid.org/0000-0002-6540-8686,orcid.org/0000-0002-5861-4414,orcid.org/0000-0002-1180-2637,,,,,University of Campinas,30,Paulo de Geus,Brazil,UNICAMP - University of Campinas,ALDRI LUIZ DOS SANTOS,Brazil,Edmundo Madeira,no info,,,Computer Security,,,,Federal University of Minas Gerais,,,,,,,,,,,,,,,Network Management,Network Security,Dependability,Networking,Intelligent Systems,,,,,,,,,,2009,,,,,,,,,,,,,,,,,,,,,,,,,,,,,,,,,,,,,,Masculino,Masculino,Masculino,não anotado,não anotado,não anotado,não anotado
MESTRADO,https://repositorio.unicamp.br/acervo/detalhe/477402?guid=1652146149005&returnUrl=%2fresultado%2flistar%3fguid%3d1652146149005%26quantidadePaginas%3d1%26codigoRegistro%3d477402%23477402&i=1,orcid.org/0000-0003-4549-7105,sem orcid,orcid.org/0000-0003-4290-6508,,,,,no info,31,Cecilia Mary Fischer Rubira Rubira,no info,no info,sem orcid,sem orcid,Eliane Martins,no info,,,,,,,sem orcid,,,,,,,,,,,,,,,,,,,,,,,,,,,,,2009,,,,,,,,,,,,,,,,,,,,,,,,,,,,,,,,,,,,,,Feminino,sem orcid,Feminino,não anotado,não anotado,não anotado,não anotado
DOUTORADO,https://repositorio.unicamp.br/acervo/detalhe/436270?guid=1652146188086&returnUrl=%2fresultado%2flistar%3fguid%3d1652146188086%26quantidadePaginas%3d1%26codigoRegistro%3d436270%23436270&i=1,orcid.org/0000-0001-5015-2131,orcid.org/0000-0003-4861-7061,orcid.org/0000-0003-3861-7260,orcid.org/0000-0002-2914-5380,orcid.org/0000-0003-0125-630X,,,no info,32,Neucimar Leite,no info,Universidade de São Paulo,Aparecido Nilceu Marana,no info,Roberto Hirata Jr.,Brazil,,,,,,,Universidade Estadual Paulista Júlio de Mesquita Filho,University of Campinas,,Alexandre Falcao,Brazil,,,,,Universidade Estadual de Campinas,Helio Pedrini,Brazil,,,,,,,,,,image processing, visualization, and analysis,image and video processing; machine learning; computer vision,,,,,2009,,,,,,, (interactive) machine learning ,,,,,,,,,,,,,,,,,,,,,,,,,,,,,,,Masculino,Masculino,Masculino,Masculino,Masculino,não anotado,não anotado
DOUTORADO,https://repositorio.unicamp.br/acervo/detalhe/437602?guid=1652146232865&returnUrl=%2fresultado%2flistar%3fguid%3d1652146232865%26quantidadePaginas%3d1%26codigoRegistro%3d437602%23437602&i=1,orcid.org/0000-0001-5685-8004,sem orcid,orcid.org/0000-0001-5203-4366,orcid.org/0000-0002-7002-875X,orcid.org/0000-0002-5652-0852,,,no info,33,Siome Goldenstein,no info,no info,sem orcid,sem orcid,Luciano da Fontoura Costa,no info,,,,,,,sem orcid,Universidade Estadual de Campinas,,Ricardo Dahab,Brazil,,,,,University of Campinas,Roberto Lotufo,no info,,,,,,,,,,Cryptography, Graph Theory,,,,,,,2009,,,,,,,,,,,,,,,,,,,,,,,,,,,,,,,,,,,,,,Masculino,sem orcid,Masculino,Masculino,Masculino,não anotado,não anotado
DOUTORADO,https://repositorio.unicamp.br/acervo/detalhe/774049?guid=1652146274036&returnUrl=%2fresultado%2flistar%3fguid%3d1652146274036%26quantidadePaginas%3d1%26codigoRegistro%3d774049%23774049&i=1,orcid.org/0000-0003-4549-7105,orcid.org/0000-0001-9625-5259,orcid.org/0000-0003-4290-6508,orcid.org/0000-0002-8856-194X,sem orcid,,,no info,34,Cecilia Mary Fischer Rubira Rubira,no info,no info,Itana Gimenes,Brazil,Eliane Martins,no info,,,,,,,Universidade Estadual de Maringá,sem orcid,,Ricardo Anido,Brazil,,,,,University of Campinas,sem orcid,sem orcid,,,,,,,,,,,,,,,,,,2009,,,,,,,,,,,,,,,,,,,,,,,,,,,,,,,,,,,,,,Feminino,Feminino,Feminino,Masculino,sem orcid,não anotado,não anotado
DOUTORADO,https://repositorio.unicamp.br/acervo/detalhe/777601?guid=1652146319647&returnUrl=%2fresultado%2flistar%3fguid%3d1652146319647%26quantidadePaginas%3d1%26codigoRegistro%3d777601%23777601&i=1,orcid.org/0000-0003-2046-602X,sem orcid,orcid.org/0000-0002-1180-2637,orcid.org/0000-0001-8515-0582,sem orcid,orcid.org/0000-0002-1067-6421,,Universidade Estadual de Campinas,35,Nelson L. S. da Fonseca,no info,UNICAMP - University of Campinas,sem orcid,sem orcid,Edmundo Madeira,no info,,,,,,,sem orcid,sem orcid,no info,Helio Waldman,no info,,,Flávio K. Miyazawa,no info,Universidade Estadual de Campinas,sem orcid,sem orcid,,,,,,,,,,,,,,,,,,2009,,,,,,,,,,,,,,,,,,,,,,,,,,,,,,,,,,,,,,Masculino,sem orcid,Masculino,Masculino,sem orcid,Masculino,não anotado
DOUTORADO,https://repositorio.unicamp.br/acervo/detalhe/479696?guid=1652146358471&returnUrl=%2fresultado%2flistar%3fguid%3d1652146358471%26quantidadePaginas%3d1%26codigoRegistro%3d479696%23479696&i=1,orcid.org/0000-0002-8803-0401,orcid.org/0000-0002-9384-8347,sem orcid,orcid.org/0000-0002-5178-3661,orcid.org/0000-0002-9539-6874,,,UNICAMP,36,Rodolfo Azevedo,Brazil,sem orcid,Luiz C. V. dos Santos,Brazil,sem orcid,sem orcid,,,,,,,Universidade Federal de Santa Catarina,Universidade Estadual de Campinas,,Reinaldo Bergamaschi,no info,,,,,no info,Sandro Rigo,Brazil,,,,,,,,,,,,,Computer Architecture,Compilers,Code Optimization,High-Performance Computing,,2009,,,,,,,,,,,,,,,,,,,,,,,,,,,,,,,,,,,,,,Masculino,Masculino,sem orcid,Masculino,Masculino,não anotado,não anotado
DOUTORADO,https://repositorio.unicamp.br/acervo/detalhe/477379?guid=1652146396551&returnUrl=%2fresultado%2flistar%3fguid%3d1652146396551%26quantidadePaginas%3d1%26codigoRegistro%3d477379%23477379&i=1,sem orcid,sem orcid,orcid.org/0000-0002-7538-7305,orcid.org/0000-0002-8229-3139,orcid.org/0000-0003-4462-3325,,,sem orcid,37,sem orcid,sem orcid,Universidade Federal do Rio de Janeiro,sem orcid,sem orcid,Jayme L Szwarcfiter,no info,,,,,,,sem orcid,University of Campinas,,Yoshiko Wakabayashi,Brazil,,,,,Universidade de São Paulo,Orlando Lee,no info,,,,,,,,,,,,,,,,,,2009,,,,,,,,,,,,,,,,,,,,,,,,,,,,,,,,,,,,,,sem orcid,sem orcid,Masculino,Feminino,Masculino,não anotado,não anotado
DOUTORADO,https://repositorio.unicamp.br/acervo/detalhe/474920?guid=1652146445375&returnUrl=%2fresultado%2flistar%3fguid%3d1652146445375%26quantidadePaginas%3d1%26codigoRegistro%3d474920%23474920&i=1,orcid.org/0000-0002-2914-5380,sem orcid,orcid.org/0000-0003-1574-0362,orcid.org/0000-0003-0125-630X,orcid.org/0000-0001-5685-8004,,,Universidade Estadual de Campinas,38,Alexandre Falcao,Brazil,Instituto Tecnológico de Aeronáutica,sem orcid,sem orcid,Cesar Marcondes,Brazil,,,image processing, visualization, and analysis, (interactive) machine learning ,sem orcid,no info,,Helio Pedrini,Brazil,,,,,University of Campinas,Siome Goldenstein,no info,,,,,,,,,,image and video processing; machine learning; computer vision,,,,,,,,2009,,,,,,,,,,,,,,,,,,,,,,,,,,,,,,,,,,,,,,Masculino,sem orcid,Masculino,Masculino,Masculino,não anotado,não anotado
DOUTORADO,https://repositorio.unicamp.br/acervo/detalhe/473417?guid=1652146497651&returnUrl=%2fresultado%2flistar%3fguid%3d1652146497651%26quantidadePaginas%3d1%26codigoRegistro%3d473417%23473417&i=1,sem orcid,sem orcid,sem orcid,sem orcid,orcid.org/0000-0002-7699-8677,orcid.org/0000-0003-4462-3325,,sem orcid,39,sem orcid,sem orcid,sem orcid,sem orcid,sem orcid,sem orcid,sem orcid,,,,,,,sem orcid,Universidade de São Paulo,University of Campinas,sem orcid,sem orcid,,,Orlando Lee,no info,sem orcid,P. Feofiloff,Brazil,,,,,,,,,,,,,combinatorial optimization, graph theory, algorithms,,,2009,,,,,,,,,,,,,,,,,,,,,,,,,,,,,,,,,,,,,,sem orcid,sem orcid,sem orcid,sem orcid,Masculino,Masculino,não anotado
DOUTORADO,https://repositorio.unicamp.br/acervo/detalhe/477065?guid=1652146535502&returnUrl=%2fresultado%2flistar%3fguid%3d1652146535502%26quantidadePaginas%3d1%26codigoRegistro%3d477065%23477065&i=1,sem orcid,sem orcid,sem orcid,orcid.org/0000-0002-3823-8941,orcid.org/0000-0003-4290-6508,,,sem orcid,40,sem orcid,sem orcid,sem orcid,sem orcid,sem orcid,sem orcid,sem orcid,,,,,,,sem orcid,no info,,Luiz Eduardo Buzato,Brazil,,,,,University of Campinas,Eliane Martins,no info,,,,,,,,,,distributed systems,distributed algorithms,fault tolerance,,,,,,2009,,,,,,,,,,,,,,,,,,,,,,,,,,,,,,,,,,,,,,sem orcid,sem orcid,sem orcid,Masculino,Feminino,não anotado,não anotado
DOUTORADO,https://repositorio.unicamp.br/acervo/detalhe/476654?guid=1652146631264&returnUrl=%2fresultado%2flistar%3fguid%3d1652146631264%26quantidadePaginas%3d1%26codigoRegistro%3d476654%23476654&i=1,orcid.org/0000-0003-1908-4753,orcid.org/0000-0002-7618-1405,orcid.org/0000-0001-8309-6367,orcid.org/0000-0002-7327-848X,sem orcid,,,Universidade Estadual de Campinas Instituto de Computação,41,Claudia Medeiros,Brazil,Universidade Estadual de Campinas,Cristina D Aguiar,Brazil,Ariadne Carvalho,no info,,,Scientific data management, Data interoperability, Open Science,,no info,sem orcid,,Clodoveu Davis,Brazil,,,,,Universidade Federal de Minas Gerais,sem orcid,sem orcid,,,,,,,,,,Spatial databases,Geographic Information Systems,Spatial Data Infrastructures,,,,,,2009,,,,,,,Geocoding,Urban Computing,,,,,,,,,,,,,,,,,,,,,,,,,,,,,,Feminino,Feminino,Feminino,Masculino,sem orcid,não anotado,não anotado
DOUTORADO,https://repositorio.unicamp.br/acervo/detalhe/771329?guid=1652146706573&returnUrl=%2fresultado%2flistar%3fguid%3d1652146706573%26quantidadePaginas%3d1%26codigoRegistro%3d771329%23771329&i=1,orcid.org/0000-0001-5201-1244,sem orcid,sem orcid,orcid.org/0000-0002-4830-5298,orcid.org/0000-0001-8309-6367,,,no info,42,Jacques Wainer,Brazil,sem orcid,sem orcid,sem orcid,sem orcid,sem orcid,,,,,,,sem orcid,Universidade Estadual de Campinas,,Maria Cecilia Calani Baranauskas,Brazil,,,,,Universidade Estadual de Campinas,Ariadne Carvalho,no info,,,,,,,,,,HCI,Socially Aware Design,Organizational Semiotics,,,,,,2009,,,,,,,Participatory Design,,,,,,,,,,,,,,,,,,,,,,,,,,,,,,,Masculino,sem orcid,sem orcid,Feminino,Feminino,não anotado,não anotado
DOUTORADO,https://repositorio.unicamp.br/acervo/detalhe/768401?guid=1652146787796&returnUrl=%2fresultado%2flistar%3fguid%3d1652146787796%26quantidadePaginas%3d1%26codigoRegistro%3d768401%23768401&i=1,sem orcid,orcid.org/0000-0002-2614-2723,sem orcid,orcid.org/0000-0002-6023-5982,orcid.org/0000-0002-3891-1593,,,sem orcid,43,sem orcid,sem orcid,sem orcid,Wagner Meira Jr,no info,sem orcid,sem orcid,,,,,,,Universidade Federal de Minas Gerais,Universidade Estadual de Campinas,,Islene Calciolari Garcia,no info,,,,,University of Campinas,mario cortes,no info,,,,,,,,,,,,,,,,,,2009,,,,,,,,,,,,,,,,,,,,,,,,,,,,,,,,,,,,,,sem orcid,Masculino,sem orcid,Feminino,Masculino,não anotado,não anotado
DOUTORADO,https://repositorio.unicamp.br/acervo/detalhe/479677?guid=1652146831484&returnUrl=%2fresultado%2flistar%3fguid%3d1652146831484%26quantidadePaginas%3d1%26codigoRegistro%3d479677%23479677&i=1,orcid.org/0000-0002-1180-2637,sem orcid,orcid.org/0000-0003-3888-7340,orcid.org/0000-0001-9892-740X,orcid.org/0000-0002-3823-8941,,,UNICAMP - University of Campinas,44,Edmundo Madeira,no info,University of São Paulo,sem orcid,sem orcid,Fabio Kon,Brazil,Smart Cities, Software Development,,,,,sem orcid,University of Campinas,,Eleri Cardozo,Brazil,,,,,University of Campinas,Luiz Eduardo Buzato,Brazil,, Open Source, Agile Development,,,,,, Middleware,Unicamp, Poli/USP, ITA,distributed systems,distributed algorithms,fault tolerance,,,2009,,,,,,,,,,,,,,,,,,,,,,,,,,,,,,,,,,,,,,Masculino,sem orcid,Masculino,Masculino,Masculino,não anotado,não anotado
DOUTORADO,https://repositorio.unicamp.br/acervo/detalhe/478324?guid=1652146863323&returnUrl=%2fresultado%2flistar%3fguid%3d1652146863323%26quantidadePaginas%3d1%26codigoRegistro%3d478324%23478324&i=1,orcid.org/0000-0002-5945-0845,orcid.org/0000-0002-8687-2613,orcid.org/0000-0002-9955-5721,orcid.org/0000-0002-1067-6421,orcid.org/0000-0003-4462-3325,,,Universidade Estadual de Campinas,45,Cid de Souza,Brazil,no info,Eduardo Uchoa,no info,Alexandre Cunha,no info,,,Integer Programming,Combinatorial Optimization,Algorithms (design and analysis),Operations Research,no info,University of Campinas,,Flávio K. Miyazawa,no info,,,,,no info,Orlando Lee,no info,,,,,,,,,,,,,,,,,,2009,,,,,,,,,,,,,,,,,,,,,,,,,,,,,,,,,,,,,,Masculino,Masculino,Masculino,Masculino,Masculino,não anotado,não anotado
DOUTORADO,https://repositorio.unicamp.br/acervo/detalhe/478370?guid=1652146901008&returnUrl=%2fresultado%2flistar%3fguid%3d1652146901008%26quantidadePaginas%3d1%26codigoRegistro%3d478370%23478370&i=1,sem orcid,orcid.org/0000-0003-3233-0314,orcid.org/0000-0003-3692-2202,sem orcid,orcid.org/0000-0002-8803-0401,,,sem orcid,46,sem orcid,sem orcid,no info,Joice Lee Otsuka,Brazil,Delano Beder,no info,,,,,,,Federal University of São Carlos,UNICAMP,,sem orcid,sem orcid,,,,,sem orcid,Rodolfo Azevedo,Brazil,,,,educational game,accessibility,inclusive design,serious game,,,,,,,,,,,2009,,,,,,,,,,,,,,,,,,,,,,,,,,,,,,,,,,,,,,sem orcid,Feminino,Masculino,sem orcid,Masculino,não anotado,não anotado
,https://repositorio.unicamp.br/acervo/detalhe/478387?guid=1652454647273&returnUrl=%2fresultado%2flistar%3fguid%3d1652454647273%26quantidadePaginas%3d1%26codigoRegistro%3d478387%23478387&i=10,sem orcid,orcid.org/0000-0001-6261-1497,orcid.org/0000-0002-6023-5982,,,,,sem orcid,0,sem orcid,sem orcid,University of Campinas,Marcelo Fantinato,Brazil,Islene Calciolari Garcia,no info,,,,,,,no info,,,,,,,,,,,,,,,,,,,,,,,,,,,,,2010,,,,,,,,,,,,,,,,,,,,,,,,,,,,,,,,,,,,,,sem orcid,Masculino,Feminino,não anotado,não anotado,não anotado,não anotado
,https://repositorio.unicamp.br/acervo/detalhe/480801?guid=1652455092338&returnUrl=%2fresultado%2flistar%3fguid%3d1652455092338%26quantidadePaginas%3d1%26codigoRegistro%3d480801%23480801&i=1,orcid.org/0000-0003-4549-7105,orcid.org/0000-0003-3692-2202,orcid.org/0000-0002-6023-5982,,,,,no info,1,Cecilia Mary Fischer Rubira Rubira,no info,University of Campinas,Delano Beder,no info,Islene Calciolari Garcia,no info,,,,,,,no info,,,,,,,,,,,,,,,,,,,,,,,,,,,,,2010,,,,,,,,,,,,,,,,,,,,,,,,,,,,,,,,,,,,,,Feminino,Masculino,Feminino,não anotado,não anotado,não anotado,não anotado
,https://repositorio.unicamp.br/acervo/detalhe/772832?guid=1652455280143&returnUrl=%2fresultado%2flistar%3fguid%3d1652455280143%26quantidadePaginas%3d1%26codigoRegistro%3d772832%23772832&i=1,orcid.org/0000-0001-7878-4990,sem orcid,orcid.org/0000-0003-3333-6822,,,,,State University of Campinas,2,Joao Meidanis,no info,University of Campinas,sem orcid,sem orcid,Zanoni Dias,Brazil,,,,,,,sem orcid,,,,,,,,,,,,,,,,,,,,,,,,,,,,,2010,,,,,,,,,,,,,,,,,,,,,,,,,,,,,,,,,,,,,,Masculino,sem orcid,Masculino,não anotado,não anotado,não anotado,não anotado
,https://repositorio.unicamp.br/acervo/detalhe/771277?guid=1652455304761&returnUrl=%2fresultado%2flistar%3fguid%3d1652455304761%26quantidadePaginas%3d1%26codigoRegistro%3d771277%23771277&i=1,orcid.org/0000-0002-4830-5298,orcid.org/0000-0002-6750-5965,orcid.org/0000-0001-8309-6367,,,,,Universidade Estadual de Campinas,3,Maria Cecilia Calani Baranauskas,Brazil,Universidade Estadual de Campinas,Laura Sánchez García,no info,Ariadne Carvalho,no info,,,HCI,Socially Aware Design,Organizational Semiotics,Participatory Design,Pontifícia Universidade Católica do Rio de Janeiro,,,,,,,,,,,,,,,,,,,,,,,,,,,,,2010,,,,,,,,,,,,,,,,,,,,,,,,,,,,,,,,,,,,,,Feminino,Feminino,Feminino,não anotado,não anotado,não anotado,não anotado
,https://repositorio.unicamp.br/acervo/detalhe/480734?guid=1652455347477&returnUrl=%2fresultado%2flistar%3fguid%3d1652455347477%26quantidadePaginas%3d1%26codigoRegistro%3d480734%23480734&i=1,orcid.org/0000-0003-1908-4753,orcid.org/0000-0002-1756-4852,orcid.org/0000-0003-4262-5474,,,,,Universidade Estadual de Campinas Instituto de Computação,4,Claudia Medeiros,Brazil,Universidade Federal de Santa Catarina,André Santanchè,no info,RONALDO DOS SANTOS MELLO,no info,,,Scientific data management, Data interoperability, Open Science,,Universidade Estadual de Campinas,,,,,,,,,,,,,,,,,,,,,,,,,,,,,2010,,,,,,,,,,,,,,,,,,,,,,,,,,,,,,,,,,,,,,Feminino,Masculino,Masculino,não anotado,não anotado,não anotado,não anotado
,https://repositorio.unicamp.br/acervo/detalhe/480729?guid=1652455376734&returnUrl=%2fresultado%2flistar%3fguid%3d1652455376734%26quantidadePaginas%3d1%26codigoRegistro%3d480729%23480729&i=6,orcid.org/0000-0003-4549-7105,sem orcid,orcid.org/0000-0003-4290-6508,,,,,no info,5,Cecilia Mary Fischer Rubira Rubira,no info,no info,sem orcid,sem orcid,Eliane Martins,no info,,,,,,,sem orcid,,,,,,,,,,,,,,,,,,,,,,,,,,,,,2010,,,,,,,,,,,,,,,,,,,,,,,,,,,,,,,,,,,,,,Feminino,sem orcid,Feminino,não anotado,não anotado,não anotado,não anotado
,https://repositorio.unicamp.br/acervo/detalhe/771272?guid=1652455436796&returnUrl=%2fresultado%2flistar%3fguid%3d1652455436796%26quantidadePaginas%3d1%26codigoRegistro%3d771272%23771272&i=2,orcid.org/0000-0001-9772-263X,sem orcid,orcid.org/0000-0002-4236-8212,,,,,Universidade Estadual de Campinas,6,Ricardo Torres,Netherlands,Universidade Estadual de Campinas,sem orcid,sem orcid,Anderson Rocha,Brazil,Machine Intelligence; Digital Forensics; Reasoning for Complex Data,,multimedia retrieval,multimedia classification,machine learning,information visualization,sem orcid,,,,,,,,,,,,,,,,,,,,,,,,,,,,,2010,data science,,,,,,,,,,,,,,,,,,,,,,,,,,,,,,,,,,,,,Masculino,sem orcid,Masculino,não anotado,não anotado,não anotado,não anotado
,https://repositorio.unicamp.br/acervo/detalhe/771295?guid=1652455506726&returnUrl=%2fresultado%2flistar%3fguid%3d1652455506726%26quantidadePaginas%3d1%26codigoRegistro%3d771295%23771295&i=1,orcid.org/0000-0003-4462-3325,orcid.org/0000-0002-5259-2859,orcid.org/0000-0003-2998-6785,orcid.org/0000-0002-1067-6421,,,,University of Campinas,7,Orlando Lee,no info,State University of Campinas,Cristina G. Fernandes,no info,LUIS MEIRA,Brazil,optimization,Algorithms,,,,,University of Sao Paulo,,,Flávio K. Miyazawa,no info,,,,,no info,,,,Petroleum engineering,graphs,approximation algorithms,,,,,,,,,,,,,,2010,,,,,,,,,,,,,,,,,,,,,,,,,,,,,,,,,,,,,,Masculino,Feminino,Masculino,Masculino,não anotado,não anotado,não anotado
,https://repositorio.unicamp.br/acervo/detalhe/771289?guid=1652455546932&returnUrl=%2fresultado%2flistar%3fguid%3d1652455546932%26quantidadePaginas%3d1%26codigoRegistro%3d771289%23771289&i=1,orcid.org/0000-0001-9772-263X,sem orcid,orcid.org/0000-0001-5015-2131,,,,,Universidade Estadual de Campinas,8,Ricardo Torres,Netherlands,no info,sem orcid,sem orcid,Neucimar Leite,no info,,,multimedia retrieval,multimedia classification,machine learning,information visualization,sem orcid,,,,,,,,,,,,,,,,,,,,,,,,,,,,,2010,data science,,,,,,,,,,,,,,,,,,,,,,,,,,,,,,,,,,,,,Masculino,sem orcid,Masculino,não anotado,não anotado,não anotado,não anotado
,https://repositorio.unicamp.br/acervo/detalhe/776438?guid=1652455588072&returnUrl=%2fresultado%2flistar%3fguid%3d1652455588072%26quantidadePaginas%3d1%26codigoRegistro%3d776438%23776438&i=1,sem orcid,sem orcid,orcid.org/0000-0001-7878-4990,,,,,sem orcid,9,sem orcid,sem orcid,State University of Campinas,sem orcid,sem orcid,Joao Meidanis,no info,,,,,,,sem orcid,,,,,,,,,,,,,,,,,,,,,,,,,,,,,2010,,,,,,,,,,,,,,,,,,,,,,,,,,,,,,,,,,,,,,sem orcid,sem orcid,Masculino,não anotado,não anotado,não anotado,não anotado
,https://repositorio.unicamp.br/acervo/detalhe/771302?guid=1652455643670&returnUrl=%2fresultado%2flistar%3fguid%3d1652455643670%26quantidadePaginas%3d1%26codigoRegistro%3d771302%23771302&i=1,orcid.org/0000-0002-6540-8686,orcid.org/0000-0002-3691-6171,orcid.org/0000-0002-7002-875X,,,,,University of Campinas,10,Paulo de Geus,Brazil,University of Campinas,Leonardo Oliveira,no info,Ricardo Dahab,Brazil,Cryptography, Graph Theory,Computer Security,,,,no info,,,,,,,,,,,,,,,,,,,,,,,,,,,,,2010,,,,,,,,,,,,,,,,,,,,,,,,,,,,,,,,,,,,,,Masculino,Masculino,Masculino,não anotado,não anotado,não anotado,não anotado
,https://repositorio.unicamp.br/acervo/detalhe/779146?guid=1652455678509&returnUrl=%2fresultado%2flistar%3fguid%3d1652455678509%26quantidadePaginas%3d1%26codigoRegistro%3d779146%23779146&i=1,orcid.org/0000-0003-2046-602X,orcid.org/0000-0003-2823-4725,orcid.org/0000-0002-1180-2637,,,,,Universidade Estadual de Campinas,11,Nelson L. S. da Fonseca,no info,UNICAMP - University of Campinas,Marcelo Abbade,Brazil,Edmundo Madeira,no info,,,,,,,Fundação CPqD Centro de Pesquisa e Desenvolvimento em Telecomunicações,,,,,,,,,,,,,,,Optical Communications,Optical Networks,Nonlinear Optics,Radio-over-fiber,Physical Layer Security,,,,,,,,,,2010,,,,,,,,,,,,,,,,,,,,,,,,,,,,,,,,,,,,,,Masculino,Masculino,Masculino,não anotado,não anotado,não anotado,não anotado
,https://repositorio.unicamp.br/acervo/detalhe/771269?guid=1652455749917&returnUrl=%2fresultado%2flistar%3fguid%3d1652455749917%26quantidadePaginas%3d1%26codigoRegistro%3d771269%23771269&i=3,orcid.org/0000-0002-4830-5298,sem orcid,sem orcid,,,,,Universidade Estadual de Campinas,12,Maria Cecilia Calani Baranauskas,Brazil,sem orcid,sem orcid,sem orcid,sem orcid,sem orcid,,,HCI,Socially Aware Design,Organizational Semiotics,Participatory Design,sem orcid,,,,,,,,,,,,,,,,,,,,,,,,,,,,,2010,,,,,,,,,,,,,,,,,,,,,,,,,,,,,,,,,,,,,,Feminino,sem orcid,sem orcid,não anotado,não anotado,não anotado,não anotado
,https://repositorio.unicamp.br/acervo/detalhe/772338?guid=1652455780509&returnUrl=%2fresultado%2flistar%3fguid%3d1652455780509%26quantidadePaginas%3d1%26codigoRegistro%3d772338%23772338&i=1,orcid.org/0000-0002-6731-1482,sem orcid,orcid.org/0000-0002-7002-875X,,,,,no info,13,Julio Cesar Lopez Hernandez,Mexico,University of Campinas,sem orcid,sem orcid,Ricardo Dahab,Brazil,Cryptography, Graph Theory,,,,,sem orcid,,,,,,,,,,,,,,,,,,,,,,,,,,,,,2010,,,,,,,,,,,,,,,,,,,,,,,,,,,,,,,,,,,,,,Masculino,sem orcid,Masculino,não anotado,não anotado,não anotado,não anotado
,https://repositorio.unicamp.br/acervo/detalhe/771256?guid=1652455877584&returnUrl=%2fresultado%2flistar%3fguid%3d1652455877584%26quantidadePaginas%3d1%26codigoRegistro%3d771256%23771256&i=1,orcid.org/0000-0002-1180-2637,orcid.org/0000-0002-7789-3359,orcid.org/0000-0003-2046-602X,,,,,UNICAMP - University of Campinas,14,Edmundo Madeira,no info,Universidade Estadual de Campinas,Luís Henrique M. K. Costa,no info,Nelson L. S. da Fonseca,no info,,,,,,,Universidade Federal do Rio de Janeiro,,,,,,,,,,,,,,,,,,,,,,,,,,,,,2010,,,,,,,,,,,,,,,,,,,,,,,,,,,,,,,,,,,,,,Masculino,Masculino,Masculino,não anotado,não anotado,não anotado,não anotado
,https://repositorio.unicamp.br/acervo/detalhe/778145?guid=1652455918157&returnUrl=%2fresultado%2flistar%3fguid%3d1652455918157%26quantidadePaginas%3d1%26codigoRegistro%3d778145%23778145&i=1,orcid.org/0000-0001-5201-1244,sem orcid,sem orcid,,,,,Universidade Estadual de Campinas (UNICAMP),15,Jacques Wainer,Brazil,sem orcid,sem orcid,sem orcid,sem orcid,sem orcid,,,,,,,sem orcid,,,,,,,,,,,,,,,,,,,,,,,,,,,,,2010,,,,,,,,,,,,,,,,,,,,,,,,,,,,,,,,,,,,,,Masculino,sem orcid,sem orcid,não anotado,não anotado,não anotado,não anotado
,https://repositorio.unicamp.br/acervo/detalhe/779116?guid=1652455959753&returnUrl=%2fresultado%2flistar%3fguid%3d1652455959753%26quantidadePaginas%3d1%26codigoRegistro%3d779116%23779116&i=1,orcid.org/0000-0002-8803-0401,orcid.org/0000-0002-9957-5861,orcid.org/0000-0002-9539-6874,,,,,UNICAMP,16,Rodolfo Azevedo,Brazil,Universidade Estadual de Campinas,Philippe Navaux,Brazil,Sandro Rigo,Brazil,Computer Architecture,Compilers,,,,,Universidade Federal do Rio Grande do Sul,,,,,,,,,,,,,Code Optimization,High-Performance Computing,,,,,,,,,,,,,,,2010,,,,,,,,,,,,,,,,,,,,,,,,,,,,,,,,,,,,,,Masculino,Masculino,Masculino,não anotado,não anotado,não anotado,não anotado
,https://repositorio.unicamp.br/acervo/detalhe/779140?guid=1652455987226&returnUrl=%2fresultado%2flistar%3fguid%3d1652455987226%26quantidadePaginas%3d1%26codigoRegistro%3d779140%23779140&i=1,orcid.org/0000-0002-8803-0401,sem orcid,sem orcid,,,,,UNICAMP,17,Rodolfo Azevedo,Brazil,sem orcid,sem orcid,sem orcid,sem orcid,sem orcid,,,,,,,sem orcid,,,,,,,,,,,,,,,,,,,,,,,,,,,,,2010,,,,,,,,,,,,,,,,,,,,,,,,,,,,,,,,,,,,,,Masculino,sem orcid,sem orcid,não anotado,não anotado,não anotado,não anotado
,https://repositorio.unicamp.br/acervo/detalhe/777443?guid=1652456053770&returnUrl=%2fresultado%2flistar%3fguid%3d1652456053770%26quantidadePaginas%3d1%26codigoRegistro%3d777443%23777443&i=1,orcid.org/0000-0002-8803-0401,sem orcid,orcid.org/0000-0002-9539-6874,,,,,UNICAMP,18,Rodolfo Azevedo,Brazil,Universidade Estadual de Campinas,sem orcid,sem orcid,Sandro Rigo,Brazil,Computer Architecture,Compilers,,,,,sem orcid,,,,,,,,,,,,,Code Optimization,High-Performance Computing,,,,,,,,,,,,,,,2010,,,,,,,,,,,,,,,,,,,,,,,,,,,,,,,,,,,,,,Masculino,sem orcid,Masculino,não anotado,não anotado,não anotado,não anotado
,https://repositorio.unicamp.br/acervo/detalhe/778260?guid=1652456087569&returnUrl=%2fresultado%2flistar%3fguid%3d1652456087569%26quantidadePaginas%3d1%26codigoRegistro%3d778260%23778260&i=1,orcid.org/0000-0002-8803-0401,orcid.org/0000-0003-1399-7535,orcid.org/0000-0003-1908-4753,,,,,UNICAMP,19,Rodolfo Azevedo,Brazil,Universidade Estadual de Campinas Instituto de Computação,Marco Gerosa,United States,Claudia Medeiros,Brazil,Scientific data management, Data interoperability,,,,,Universidade de São Paulo,,,,,,,,,,,,, Open Science,,,,,,,,,,,,,,,,2010,,,,,,,,,,,,,,,,,,,,,,,,,,,,,,,,,,,,,,Masculino,Masculino,Feminino,não anotado,não anotado,não anotado,não anotado
,https://repositorio.unicamp.br/acervo/detalhe/774177?guid=1652456113732&returnUrl=%2fresultado%2flistar%3fguid%3d1652456113732%26quantidadePaginas%3d1%26codigoRegistro%3d774177%23774177&i=1,orcid.org/0000-0002-8856-194X,sem orcid,orcid.org/0000-0002-3823-8941,,,,,University of Campinas,20,Ricardo Anido,Brazil,University of Campinas,sem orcid,sem orcid,Luiz Eduardo Buzato,Brazil,distributed systems,distributed algorithms,,,,,sem orcid,,,,,,,,,,,,,fault tolerance,,,,,,,,,,,,,,,,2010,,,,,,,,,,,,,,,,,,,,,,,,,,,,,,,,,,,,,,Masculino,sem orcid,Masculino,não anotado,não anotado,não anotado,não anotado
,https://repositorio.unicamp.br/acervo/detalhe/779402?guid=1652456152811&returnUrl=%2fresultado%2flistar%3fguid%3d1652456152811%26quantidadePaginas%3d1%26codigoRegistro%3d779402%23779402&i=1,orcid.org/0000-0001-5685-8004,sem orcid,orcid.org/0000-0001-5015-2131,,,,,no info,21,Siome Goldenstein,no info,no info,sem orcid,sem orcid,Neucimar Leite,no info,,,,,,,sem orcid,,,,,,,,,,,,,,,,,,,,,,,,,,,,,2010,,,,,,,,,,,,,,,,,,,,,,,,,,,,,,,,,,,,,,Masculino,sem orcid,Masculino,não anotado,não anotado,não anotado,não anotado
,https://repositorio.unicamp.br/acervo/detalhe/774079?guid=1652456190402&returnUrl=%2fresultado%2flistar%3fguid%3d1652456190402%26quantidadePaginas%3d1%26codigoRegistro%3d774079%23774079&i=1,orcid.org/0000-0001-5685-8004,sem orcid,orcid.org/0000-0001-5396-9868,,,,,no info,22,Siome Goldenstein,no info,Universidade Estadual de Campinas,sem orcid,sem orcid,Eduardo Valle,Brazil,,,,,,,sem orcid,,,,,,,,,,,,,,,,,,,,,,,,,,,,,2010,,,,,,,,,,,,,,,,,,,,,,,,,,,,,,,,,,,,,,Masculino,sem orcid,Masculino,não anotado,não anotado,não anotado,não anotado
,https://repositorio.unicamp.br/acervo/detalhe/777416?guid=1652456230435&returnUrl=%2fresultado%2flistar%3fguid%3d1652456230435%26quantidadePaginas%3d1%26codigoRegistro%3d777416%23777416&i=1,orcid.org/0000-0001-5685-8004,orcid.org/0000-0002-6951-7150,orcid.org/0000-0003-0125-630X,,,,,no info,23,Siome Goldenstein,no info,University of Campinas,Leo Magalhaes,no info,Helio Pedrini,Brazil,image and video processing; machine learning; computer vision,,,,,,State University of Campinas,,,,,,,,,,,,,,,,,,,,,,,,,,,,,2010,,,,,,,,,,,,,,,,,,,,,,,,,,,,,,,,,,,,,,Masculino,Masculino,Masculino,não anotado,não anotado,não anotado,não anotado
,https://repositorio.unicamp.br/acervo/detalhe/778122?guid=1652456278628&returnUrl=%2fresultado%2flistar%3fguid%3d1652456278628%26quantidadePaginas%3d1%26codigoRegistro%3d778122%23778122&i=1,orcid.org/0000-0003-3333-6822,orcid.org/0000-0001-5615-1746,orcid.org/0000-0003-2608-4807,,,,,University of Campinas,24,Zanoni Dias,Brazil,Universidade Estadual de Campinas,Nalvo F Almeida,Brazil,Guilherme P. Telles,Brazil,,,,,,,Universidade Federal de Mato Grosso do Sul,,,,,,,,,,,,,,,,,,,,,,,,,,,,,2010,,,,,,,,,,,,,,,,,,,,,,,,,,,,,,,,,,,,,,Masculino,Masculino,Masculino,não anotado,não anotado,não anotado,não anotado
,https://repositorio.unicamp.br/acervo/detalhe/772853?guid=1652456324479&returnUrl=%2fresultado%2flistar%3fguid%3d1652456324479%26quantidadePaginas%3d1%26codigoRegistro%3d772853%23772853&i=1,sem orcid,orcid.org/0000-0003-2608-4807,sem orcid,,,,,sem orcid,25,sem orcid,sem orcid,sem orcid,Guilherme P. Telles,Brazil,sem orcid,sem orcid,,,,,,,Universidade Estadual de Campinas,,,,,,,,,,,,,,,,,,,,,,,,,,,,,2010,,,,,,,,,,,,,,,,,,,,,,,,,,,,,,,,,,,,,,sem orcid,Masculino,sem orcid,não anotado,não anotado,não anotado,não anotado
,https://repositorio.unicamp.br/acervo/detalhe/772316?guid=1652456353702&returnUrl=%2fresultado%2flistar%3fguid%3d1652456353702%26quantidadePaginas%3d1%26codigoRegistro%3d772316%23772316&i=1,sem orcid,sem orcid,orcid.org/0000-0002-1067-6421,,,,,sem orcid,26,sem orcid,sem orcid,no info,sem orcid,sem orcid,Flávio K. Miyazawa,no info,,,,,,,sem orcid,,,,,,,,,,,,,,,,,,,,,,,,,,,,,2010,,,,,,,,,,,,,,,,,,,,,,,,,,,,,,,,,,,,,,sem orcid,sem orcid,Masculino,não anotado,não anotado,não anotado,não anotado
,https://repositorio.unicamp.br/acervo/detalhe/779213?guid=1652456400476&returnUrl=%2fresultado%2flistar%3fguid%3d1652456400476%26quantidadePaginas%3d1%26codigoRegistro%3d779213%23779213&i=1,orcid.org/0000-0002-5945-0845,sem orcid,orcid.org/0000-0001-6030-2682,,,,,Universidade Estadual de Campinas,27,Cid de Souza,Brazil,University of Campinas,sem orcid,sem orcid,Eduardo C. Xavier,Brazil,,,Integer Programming,Combinatorial Optimization,Algorithms (design and analysis),Operations Research,sem orcid,,,,,,,,,,,,,,,,,,,,,,,,,,,,,2010,,,,,,,,,,,,,,,,,,,,,,,,,,,,,,,,,,,,,,Masculino,sem orcid,Masculino,não anotado,não anotado,não anotado,não anotado
,https://repositorio.unicamp.br/acervo/detalhe/777438?guid=1652456451471&returnUrl=%2fresultado%2flistar%3fguid%3d1652456451471%26quantidadePaginas%3d1%26codigoRegistro%3d777438%23777438&i=1,orcid.org/0000-0002-3159-4839,orcid.org/0000-0002-3152-4523,orcid.org/0000-0003-0125-630X,,,,,State University of Campinas,28,Jorge Stolfi,no info,University of Campinas,Shin-Ting Wu,no info,Helio Pedrini,Brazil,image and video processing; machine learning; computer vision,,,,,,University of Campinas,,,,,,,,,,,,,,,,,,,,,,,,,,,,,2010,,,,,,,,,,,,,,,,,,,,,,,,,,,,,,,,,,,,,,Masculino,Feminino,Masculino,não anotado,não anotado,não anotado,não anotado
,https://repositorio.unicamp.br/acervo/detalhe/777420?guid=1652456474124&returnUrl=%2fresultado%2flistar%3fguid%3d1652456474124%26quantidadePaginas%3d1%26codigoRegistro%3d777420%23777420&i=1,sem orcid,sem orcid,orcid.org/0000-0003-4290-6508,,,,,sem orcid,29,sem orcid,sem orcid,no info,sem orcid,sem orcid,Eliane Martins,no info,,,,,,,sem orcid,,,,,,,,,,,,,,,,,,,,,,,,,,,,,2010,,,,,,,,,,,,,,,,,,,,,,,,,,,,,,,,,,,,,,sem orcid,sem orcid,Feminino,não anotado,não anotado,não anotado,não anotado
,https://repositorio.unicamp.br/acervo/detalhe/786051?guid=1652456507486&returnUrl=%2fresultado%2flistar%3fguid%3d1652456507486%26quantidadePaginas%3d1%26codigoRegistro%3d786051%23786051&i=2,orcid.org/0000-0003-4549-7105,sem orcid,orcid.org/0000-0002-3823-8941,,,,,no info,30,Cecilia Mary Fischer Rubira Rubira,no info,University of Campinas,sem orcid,sem orcid,Luiz Eduardo Buzato,Brazil,distributed systems,distributed algorithms,,,,,sem orcid,,,,,,,,,,,,,fault tolerance,,,,,,,,,,,,,,,,2010,,,,,,,,,,,,,,,,,,,,,,,,,,,,,,,,,,,,,,Feminino,sem orcid,Masculino,não anotado,não anotado,não anotado,não anotado
,https://repositorio.unicamp.br/acervo/detalhe/783735?guid=1652456539735&returnUrl=%2fresultado%2flistar%3fguid%3d1652456539735%26quantidadePaginas%3d1%26codigoRegistro%3d783735%23783735&i=1,orcid.org/0000-0001-9772-263X,orcid.org/0000-0002-6494-7514,orcid.org/0000-0002-6023-5982,,,,,Universidade Estadual de Campinas,31,Ricardo Torres,Netherlands,University of Campinas,João Paulo Papa,no info,Islene Calciolari Garcia,no info,,,multimedia retrieval,multimedia classification,machine learning,information visualization,no info,,,,,,,,,,,,,,,machine learning, image processing, computervision, meta-heuristics,,,,,,,,,,,2010,data science,,,,,,,,,,,,,,,,,,,,,,,,,,,,,,,,,,,,,Masculino,Masculino,Feminino,não anotado,não anotado,não anotado,não anotado
,https://repositorio.unicamp.br/acervo/detalhe/779382?guid=1652456565472&returnUrl=%2fresultado%2flistar%3fguid%3d1652456565472%26quantidadePaginas%3d1%26codigoRegistro%3d779382%23779382&i=2,orcid.org/0000-0001-9772-263X,orcid.org/0000-0001-6112-892X,orcid.org/0000-0002-4830-5298,,,,,Universidade Estadual de Campinas,32,Ricardo Torres,Netherlands,Universidade Estadual de Campinas,Celmar Guimarães da Silva,Brazil,Maria Cecilia Calani Baranauskas,Brazil,HCI,Socially Aware Design,multimedia retrieval,multimedia classification,machine learning,information visualization,Universidade Estadual de Campinas,,,,,,,,,,,,,Organizational Semiotics,Participatory Design,Information Visualization; Human-Computer Interaction,,,,,,,,,,,,,,2010,data science,,,,,,,,,,,,,,,,,,,,,,,,,,,,,,,,,,,,,Masculino,Masculino,Feminino,não anotado,não anotado,não anotado,não anotado
,https://repositorio.unicamp.br/acervo/detalhe/782517?guid=1652456608516&returnUrl=%2fresultado%2flistar%3fguid%3d1652456608516%26quantidadePaginas%3d1%26codigoRegistro%3d782517%23782517&i=1,sem orcid,orcid.org/0000-0002-2312-7042,orcid.org/0000-0002-6023-5982,,,,,sem orcid,33,sem orcid,sem orcid,University of Campinas,Mario Dantas,Brazil,Islene Calciolari Garcia,no info,,,,,,,Universidade Federal de Santa Catarina,,,,,,,,,,,,,,,HPC, Data Intensive Scalable Computing, E-Heath, HCI,Distributed and Parallel Computing,,,,,,,,,,2010,,,,,,,,, IoT,,,,,,,,,,,,,,,,,,,,,,,,,,,,,sem orcid,Masculino,Feminino,não anotado,não anotado,não anotado,não anotado
,https://repositorio.unicamp.br/acervo/detalhe/787681?guid=1652456627399&returnUrl=%2fresultado%2flistar%3fguid%3d1652456627399%26quantidadePaginas%3d1%26codigoRegistro%3d787681%23787681&i=1,orcid.org/0000-0002-9539-6874,sem orcid,sem orcid,,,,,Universidade Estadual de Campinas,34,Sandro Rigo,Brazil,sem orcid,sem orcid,sem orcid,sem orcid,sem orcid,,,Computer Architecture,Compilers,Code Optimization,High-Performance Computing,sem orcid,,,,,,,,,,,,,,,,,,,,,,,,,,,,,2010,,,,,,,,,,,,,,,,,,,,,,,,,,,,,,,,,,,,,,Masculino,sem orcid,sem orcid,não anotado,não anotado,não anotado,não anotado
,https://repositorio.unicamp.br/acervo/detalhe/782510?guid=1652456653829&returnUrl=%2fresultado%2flistar%3fguid%3d1652456653829%26quantidadePaginas%3d1%26codigoRegistro%3d782510%23782510&i=1,orcid.org/0000-0002-9539-6874,sem orcid,orcid.org/0000-0002-3891-1593,,,,,Universidade Estadual de Campinas,35,Sandro Rigo,Brazil,Universidade Estadual de Campinas,sem orcid,sem orcid,mario cortes,no info,,,Computer Architecture,Compilers,Code Optimization,High-Performance Computing,sem orcid,,,,,,,,,,,,,,,,,,,,,,,,,,,,,2010,,,,,,,,,,,,,,,,,,,,,,,,,,,,,,,,,,,,,,Masculino,sem orcid,Masculino,não anotado,não anotado,não anotado,não anotado
,https://repositorio.unicamp.br/acervo/detalhe/782519?guid=1652456695378&returnUrl=%2fresultado%2flistar%3fguid%3d1652456695378%26quantidadePaginas%3d1%26codigoRegistro%3d782519%23782519&i=1,orcid.org/0000-0002-9539-6874,sem orcid,orcid.org/0000-0003-4869-5190,,,,,Universidade Estadual de Campinas,36,Sandro Rigo,Brazil,Universidade Estadual de Campinas,sem orcid,sem orcid,Guido Araujo,no info,,,Computer Architecture,Compilers,Code Optimization,High-Performance Computing,sem orcid,,,,,,,,,,,,,,,,,,,,,,,,,,,,,2010,,,,,,,,,,,,,,,,,,,,,,,,,,,,,,,,,,,,,,Masculino,sem orcid,Masculino,não anotado,não anotado,não anotado,não anotado
,https://repositorio.unicamp.br/acervo/detalhe/779165?guid=1652456728081&returnUrl=%2fresultado%2flistar%3fguid%3d1652456728081%26quantidadePaginas%3d1%26codigoRegistro%3d779165%23779165&i=1,orcid.org/0000-0002-8856-194X,orcid.org/0000-0002-2972-9423,orcid.org/0000-0002-5178-3661,,,,,University of Campinas,37,Ricardo Anido,Brazil,no info,Nabor Mendonça,Brazil,Reinaldo Bergamaschi,no info,,,,,,,Universidade de Fortaleza,,,,,,,,,,,,,,,,,,,,,,,,,,,,,2010,,,,,,,,,,,,,,,,,,,,,,,,,,,,,,,,,,,,,,Masculino,Masculino,Masculino,não anotado,não anotado,não anotado,não anotado
,https://repositorio.unicamp.br/acervo/detalhe/779398?guid=1652456798747&returnUrl=%2fresultado%2flistar%3fguid%3d1652456798747%26quantidadePaginas%3d1%26codigoRegistro%3d779398%23779398&i=1,sem orcid,sem orcid,orcid.org/0000-0002-3891-1593,,,,,sem orcid,38,sem orcid,sem orcid,Universidade Estadual de Campinas,sem orcid,sem orcid,mario cortes,no info,,,,,,,sem orcid,,,,,,,,,,,,,,,,,,,,,,,,,,,,,2010,,,,,,,,,,,,,,,,,,,,,,,,,,,,,,,,,,,,,,sem orcid,sem orcid,Masculino,não anotado,não anotado,não anotado,não anotado
,https://repositorio.unicamp.br/acervo/detalhe/782411?guid=1652456840921&returnUrl=%2fresultado%2flistar%3fguid%3d1652456840921%26quantidadePaginas%3d1%26codigoRegistro%3d782411%23782411&i=1,orcid.org/0000-0002-5945-0845,orcid.org/0000-0003-3910-8804,orcid.org/0000-0002-1067-6421,,,,,Universidade Estadual de Campinas,39,Cid de Souza,Brazil,no info,Socorro Rangel,no info,Flávio K. Miyazawa,no info,,,Integer Programming,Combinatorial Optimization,Algorithms (design and analysis),Operations Research,UNESP - Universidade Estadual Paulista,,,,,,,,,,,,,,,,,,,,,,,,,,,,,2010,,,,,,,,,,,,,,,,,,,,,,,,,,,,,,,,,,,,,,Masculino,Feminino,Masculino,não anotado,não anotado,não anotado,não anotado
,https://repositorio.unicamp.br/acervo/detalhe/786096?guid=1652456864519&returnUrl=%2fresultado%2flistar%3fguid%3d1652456864519%26quantidadePaginas%3d1%26codigoRegistro%3d786096%23786096&i=1,sem orcid,orcid.org/0000-0002-3160-3168,orcid.org/0000-0002-6023-5982,,,,,sem orcid,40,sem orcid,sem orcid,University of Campinas,"Albuquerque, João Porto de",United Kingdom,Islene Calciolari Garcia,no info,,,,,,,University of Warwick,,,,,,,,,,,,,,,urban analytics, digital participation, urban sustainable development, geographic information,,,,,,,,,,,2010,,,,,,,,,,,,,,,,,,,,,,,,,,,,,,,,,,,,,,sem orcid,Masculino,Feminino,não anotado,não anotado,não anotado,não anotado
,https://repositorio.unicamp.br/acervo/detalhe/783707?guid=1652456913375&returnUrl=%2fresultado%2flistar%3fguid%3d1652456913375%26quantidadePaginas%3d1%26codigoRegistro%3d783707%23783707&i=1,sem orcid,orcid.org/0000-0003-0683-7672,orcid.org/0000-0001-6112-892X,,,,,sem orcid,41,sem orcid,sem orcid,Universidade Estadual de Campinas,Anamaria Gomide,no info,Celmar Guimarães da Silva,Brazil,Information Visualization; Human-Computer Interaction,,,,,,no info,,,,,,,,,,,,,,,,,,,,,,,,,,,,,2010,,,,,,,,,,,,,,,,,,,,,,,,,,,,,,,,,,,,,,sem orcid,Feminino,Masculino,não anotado,não anotado,não anotado,não anotado
,https://repositorio.unicamp.br/acervo/detalhe/787665?guid=1652456947489&returnUrl=%2fresultado%2flistar%3fguid%3d1652456947489%26quantidadePaginas%3d1%26codigoRegistro%3d787665%23787665&i=1,orcid.org/0000-0001-6030-2682,orcid.org/0000-0002-1067-6421,orcid.org/0000-0002-3434-3074,,,,,University of Campinas,42,Eduardo C. Xavier,Brazil,Universidade Federal Fluminense,Flávio K. Miyazawa,no info,yuri frota,no info,,,,,,,no info,,,,,,,,,,,,,,,,,,,,,,,,,,,,,2010,,,,,,,,,,,,,,,,,,,,,,,,,,,,,,,,,,,,,,Masculino,Masculino,Masculino,não anotado,não anotado,não anotado,não anotado
,https://repositorio.unicamp.br/acervo/detalhe/782265?guid=1652456973491&returnUrl=%2fresultado%2flistar%3fguid%3d1652456973491%26quantidadePaginas%3d1%26codigoRegistro%3d782265%23782265&i=1,orcid.org/0000-0001-6030-2682,orcid.org/0000-0003-2998-6785,orcid.org/0000-0003-2608-4807,,,,,University of Campinas,43,Eduardo C. Xavier,Brazil,Universidade Estadual de Campinas,LUIS MEIRA,Brazil,Guilherme P. Telles,Brazil,,,,,,,State University of Campinas,,,,,,,,,,,,,,,optimization,Algorithms,Petroleum engineering,graphs,,,,,,,,,,,2010,,,,,,,,,,,,,,,,,,,,,,,,,,,,,,,,,,,,,,Masculino,Masculino,Masculino,não anotado,não anotado,não anotado,não anotado
,https://repositorio.unicamp.br/acervo/detalhe/845762?guid=1652457023181&returnUrl=%2fresultado%2flistar%3fguid%3d1652457023181%26quantidadePaginas%3d1%26codigoRegistro%3d845762%23845762&i=3,orcid.org/0000-0002-1067-6421,orcid.org/0000-0002-3948-305X,orcid.org/0000-0001-6030-2682,,,,,no info,44,Flávio K. Miyazawa,no info,University of Campinas,Reinaldo Morabito,Brazil,Eduardo C. Xavier,Brazil,,,,,,,Universidade Federal de São Carlos,,,,,,,,,,,,,,,,,,,,,,,,,,,,,2010,,,,,,,,,,,,,,,,,,,,,,,,,,,,,,,,,,,,,,Masculino,Masculino,Masculino,não anotado,não anotado,não anotado,não anotado
DOUTORADO,https://repositorio.unicamp.br/acervo/detalhe/478335?guid=1652457158716&returnUrl=%2fresultado%2flistar%3fguid%3d1652457158716%26quantidadePaginas%3d1%26codigoRegistro%3d478335%23478335&i=1,orcid.org/0000-0003-2046-602X,sem orcid,sem orcid,orcid.org/0000-0002-1180-2637,orcid.org/0000-0002-8856-194X,,,Universidade Estadual de Campinas,45,Nelson L. S. da Fonseca,no info,sem orcid,sem orcid,sem orcid,sem orcid,sem orcid,,,,,,,sem orcid,University of Campinas,,Edmundo Madeira,no info,,,,,UNICAMP - University of Campinas,Ricardo Anido,Brazil,,,,,,,,,,,,,,,,,,2010,,,,,,,,,,,,,,,,,,,,,,,,,,,,,,,,,,,,,,Masculino,sem orcid,sem orcid,Masculino,Masculino,não anotado,não anotado
DOUTORADO,https://repositorio.unicamp.br/acervo/detalhe/478202?guid=1652457215339&returnUrl=%2fresultado%2flistar%3fguid%3d1652457215339%26quantidadePaginas%3d1%26codigoRegistro%3d478202%23478202&i=1,orcid.org/0000-0003-2046-602X,orcid.org/0000-0001-9756-378X,orcid.org/0000-0002-1067-6421,orcid.org/0000-0002-6023-5982,,,,Universidade Estadual de Campinas,46,Nelson L. S. da Fonseca,no info,no info,"Figueiredo, G.B.",no info,Flávio K. Miyazawa,no info,,,,,,,Federal University of Bahia,,,Islene Calciolari Garcia,no info,,,,,University of Campinas,,,,,,,,,,,,,,,,,,,,2010,,,,,,,,,,,,,,,,,,,,,,,,,,,,,,,,,,,,,,Masculino,Masculino,Masculino,Feminino,não anotado,não anotado,não anotado
DOUTORADO,https://repositorio.unicamp.br/acervo/detalhe/477130?guid=1652457250720&returnUrl=%2fresultado%2flistar%3fguid%3d1652457250720%26quantidadePaginas%3d1%26codigoRegistro%3d477130%23477130&i=1,orcid.org/0000-0002-2914-5380,sem orcid,orcid.org/0000-0001-5203-4366,orcid.org/0000-0001-9336-9568,orcid.org/0000-0002-4236-8212,,,Universidade Estadual de Campinas,47,Alexandre Falcao,Brazil,no info,sem orcid,sem orcid,Luciano da Fontoura Costa,no info,,,image processing, visualization, and analysis, (interactive) machine learning ,sem orcid,Universidade Estadual de Campinas,,"Cendes, Fernando",no info,,,,,Universidade Estadual de Campinas,Anderson Rocha,Brazil,,,,,,,,,,Epilepsy, Neuroimaging, Neuroscience,Machine Intelligence; Digital Forensics; Reasoning for Complex Data,,,,,2010,,,,,,,,,,,,,,,,,,,,,,,,,,,,,,,,,,,,,,Masculino,sem orcid,Masculino,Masculino,Masculino,não anotado,não anotado
DOUTORADO,https://repositorio.unicamp.br/acervo/detalhe/480792?guid=1652457314341&returnUrl=%2fresultado%2flistar%3fguid%3d1652457314341%26quantidadePaginas%3d1%26codigoRegistro%3d480792%23480792&i=1,orcid.org/0000-0002-1067-6421,orcid.org/0000-0002-4252-3710,orcid.org/0000-0003-2998-6785,orcid.org/0000-0002-7002-875X,sem orcid,,,no info,48,Flávio K. Miyazawa,no info,State University of Campinas,Jair Donadelli,no info,LUIS MEIRA,Brazil,optimization,Algorithms,,,,,no info,sem orcid,,Ricardo Dahab,Brazil,,,,,University of Campinas,sem orcid,sem orcid,,Petroleum engineering,graphs,,,,,,,Cryptography, Graph Theory,,,,,,,2010,,,,,,,,,,,,,,,,,,,,,,,,,,,,,,,,,,,,,,Masculino,Masculino,Masculino,Masculino,sem orcid,não anotado,não anotado
DOUTORADO,https://repositorio.unicamp.br/acervo/detalhe/771315?guid=1652457353451&returnUrl=%2fresultado%2flistar%3fguid%3d1652457353451%26quantidadePaginas%3d1%26codigoRegistro%3d771315%23771315&i=1,orcid.org/0000-0002-1180-2637,orcid.org/0000-0002-3823-8941,orcid.org/0000-0003-2046-602X,orcid.org/0000-0001-5746-4154,orcid.org/0000-0003-2715-6796,,,UNICAMP - University of Campinas,49,Edmundo Madeira,no info,Universidade Estadual de Campinas,Luiz Eduardo Buzato,Brazil,Nelson L. S. da Fonseca,no info,,,,,,,University of Campinas,no info,,Alfredo Goldman,no info,,,,,no info,Vinod Rebello,no info,,,,distributed systems,distributed algorithms,fault tolerance,,,,,,,,,,,,2010,,,,,,,,,,,,,,,,,,,,,,,,,,,,,,,,,,,,,,Masculino,Masculino,Masculino,Masculino,Masculino,não anotado,não anotado
DOUTORADO,https://repositorio.unicamp.br/acervo/detalhe/768432?guid=1652457403765&returnUrl=%2fresultado%2flistar%3fguid%3d1652457403765%26quantidadePaginas%3d1%26codigoRegistro%3d768432%23768432&i=1,orcid.org/0000-0002-4830-5298,sem orcid,sem orcid,orcid.org/0000-0003-4290-6508,orcid.org/0000-0003-1908-4753,,,Universidade Estadual de Campinas,50,Maria Cecilia Calani Baranauskas,Brazil,sem orcid,sem orcid,sem orcid,sem orcid,sem orcid,,,HCI,Socially Aware Design,Organizational Semiotics,Participatory Design,sem orcid,Universidade Estadual de Campinas Instituto de Computação,,Eliane Martins,no info,,,,,no info,Claudia Medeiros,Brazil,,,,,,,,,,,,,Scientific data management, Data interoperability, Open Science,,,2010,,,,,,,,,,,,,,,,,,,,,,,,,,,,,,,,,,,,,,Feminino,sem orcid,sem orcid,Feminino,Feminino,não anotado,não anotado
DOUTORADO,https://repositorio.unicamp.br/acervo/detalhe/778255?guid=1652457457027&returnUrl=%2fresultado%2flistar%3fguid%3d1652457457027%26quantidadePaginas%3d1%26codigoRegistro%3d778255%23778255&i=1,orcid.org/0000-0002-4830-5298,sem orcid,sem orcid,sem orcid,sem orcid,,,Universidade Estadual de Campinas,51,Maria Cecilia Calani Baranauskas,Brazil,sem orcid,sem orcid,sem orcid,sem orcid,sem orcid,,,HCI,Socially Aware Design,Organizational Semiotics,Participatory Design,sem orcid,sem orcid,,sem orcid,sem orcid,,,,,sem orcid,sem orcid,sem orcid,,,,,,,,,,,,,,,,,,2010,,,,,,,,,,,,,,,,,,,,,,,,,,,,,,,,,,,,,,Feminino,sem orcid,sem orcid,sem orcid,sem orcid,não anotado,não anotado
DOUTORADO,https://repositorio.unicamp.br/acervo/detalhe/782497?guid=1652457514273&returnUrl=%2fresultado%2flistar%3fguid%3d1652457514273%26quantidadePaginas%3d1%26codigoRegistro%3d782497%23782497&i=1,orcid.org/0000-0002-4830-5298,orcid.org/0000-0002-0796-3868,sem orcid,orcid.org/0000-0001-8309-6367,orcid.org/0000-0003-0678-4777,,,Universidade Estadual de Campinas,52,Maria Cecilia Calani Baranauskas,Brazil,sem orcid,Fátima Mattiello-Francisco,Brazil,sem orcid,sem orcid,,,HCI,Socially Aware Design,Organizational Semiotics,Participatory Design,Instituto Nacional de Pesquisas Espaciais,University of Campinas,,Ariadne Carvalho,no info,,,,,Universidade Estadual de Campinas,Regina Moraes,Brazil,,,,Space engineering, Verification and Validation,  operation concept,,,,,,,,,,,,2010,,,,,,,,,,,,,,,,,,,,,,,,,,,,,,,,,,,,,,Feminino,Feminino,sem orcid,Feminino,Feminino,não anotado,não anotado
DOUTORADO,https://repositorio.unicamp.br/acervo/detalhe/779155?guid=1652457560196&returnUrl=%2fresultado%2flistar%3fguid%3d1652457560196%26quantidadePaginas%3d1%26codigoRegistro%3d779155%23779155&i=1,orcid.org/0000-0002-3823-8941,sem orcid,sem orcid,sem orcid,orcid.org/0000-0002-8856-194X,,,University of Campinas,53,Luiz Eduardo Buzato,Brazil,sem orcid,sem orcid,sem orcid,sem orcid,sem orcid,,,distributed systems,distributed algorithms,fault tolerance,,sem orcid,University of Campinas,,sem orcid,sem orcid,,,,,sem orcid,Ricardo Anido,Brazil,,,,,,,,,,,,,,,,,,2010,,,,,,,,,,,,,,,,,,,,,,,,,,,,,,,,,,,,,,Masculino,sem orcid,sem orcid,sem orcid,Masculino,não anotado,não anotado
DOUTORADO,https://repositorio.unicamp.br/acervo/detalhe/782257?guid=1652457595216&returnUrl=%2fresultado%2flistar%3fguid%3d1652457595216%26quantidadePaginas%3d1%26codigoRegistro%3d782257%23782257&i=1,orcid.org/0000-0003-2046-602X,sem orcid,sem orcid,orcid.org/0000-0002-1180-2637,orcid.org/0000-0001-6030-2682,,,Universidade Estadual de Campinas,54,Nelson L. S. da Fonseca,no info,sem orcid,sem orcid,sem orcid,sem orcid,sem orcid,,,,,,,sem orcid,University of Campinas,,Edmundo Madeira,no info,,,,,UNICAMP - University of Campinas,Eduardo C. Xavier,Brazil,,,,,,,,,,,,,,,,,,2010,,,,,,,,,,,,,,,,,,,,,,,,,,,,,,,,,,,,,,Masculino,sem orcid,sem orcid,Masculino,Masculino,não anotado,não anotado
DOUTORADO,https://repositorio.unicamp.br/acervo/detalhe/782504?guid=1652457631077&returnUrl=%2fresultado%2flistar%3fguid%3d1652457631077%26quantidadePaginas%3d1%26codigoRegistro%3d782504%23782504&i=1,orcid.org/0000-0003-3333-6822,orcid.org/0000-0003-2608-4807,orcid.org/0000-0001-7878-4990,orcid.org/0000-0001-5615-1746,orcid.org/0000-0001-9174-2816,,,University of Campinas,55,Zanoni Dias,Brazil,State University of Campinas,Guilherme P. Telles,Brazil,Joao Meidanis,no info,,,,,,,Universidade Estadual de Campinas,Universidade de Sao Paulo,,Nalvo F Almeida,Brazil,,,,,Universidade Federal de Mato Grosso do Sul,Joao C. Setubal,no info,,,,,,,,,,,,,Bioinformatics, Genomics, Metagenomics, Microbiomes, Transcriptomics,2010,,,,,,,,,, Computational Biology,,,,,,,,,,,,,,,,,,,,,,,,,,,,Masculino,Masculino,Masculino,Masculino,Masculino,não anotado,não anotado
DOUTORADO,https://repositorio.unicamp.br/acervo/detalhe/798142?guid=1652457668567&returnUrl=%2fresultado%2flistar%3fguid%3d1652457668567%26quantidadePaginas%3d1%26codigoRegistro%3d798142%23798142&i=2,orcid.org/0000-0002-3159-4839,sem orcid,orcid.org/0000-0002-8225-1107,sem orcid,orcid.org/0000-0002-2906-3588,,,State University of Campinas,56,Jorge Stolfi,no info,Universidade Estadual de Campinas (UNICAMP),sem orcid,sem orcid,Philippe R B Devloo,no info,,,,,,,sem orcid,Federal University of Para,,sem orcid,sem orcid,,,,,sem orcid,Jesse Costa,no info,,,,,,,,,,,,,,,,,,2010,,,,,,,,,,,,,,,,,,,,,,,,,,,,,,,,,,,,,,Masculino,sem orcid,Masculino,sem orcid,Masculino,não anotado,não anotado
DOUTORADO,https://repositorio.unicamp.br/acervo/detalhe/794163?guid=1652457692892&returnUrl=%2fresultado%2flistar%3fguid%3d1652457692892%26quantidadePaginas%3d1%26codigoRegistro%3d794163%23794163&i=2,orcid.org/0000-0002-1067-6421,orcid.org/0000-0003-4701-8067,orcid.org/0000-0001-6030-2682,orcid.org/0000-0003-4462-3325,orcid.org/0000-0002-6946-9670,,,no info,57,Flávio K. Miyazawa,no info,University of Campinas,Glauber Ferreira Cintra,no info,Eduardo C. Xavier,Brazil,,,,,,,no info,Universidade Federal de São Paulo,,Orlando Lee,no info,,,,,University of Campinas,"Yanasse, H.H.",Brazil,,,,,,,,,,,,,,,,,,2010,,,,,,,,,,,,,,,,,,,,,,,,,,,,,,,,,,,,,,Masculino,Masculino,Masculino,Masculino,Masculino,não anotado,não anotado
MESTRADO,https://repositorio.unicamp.br/acervo/detalhe/794180?guid=1652457756102&returnUrl=%2fresultado%2flistar%3fguid%3d1652457756102%26quantidadePaginas%3d1%26codigoRegistro%3d794180%23794180&i=1,orcid.org/0000-0003-4290-6508,sem orcid,orcid.org/0000-0001-6030-2682,,,,,no info,0,Eliane Martins,no info,University of Campinas,sem orcid,sem orcid,Eduardo C. Xavier,Brazil,,,,,,,sem orcid,,,,,,,,,,,,,,,,,,,,,,,,,,,,,2011,,,,,,,,,,,,,,,,,,,,,,,,,,,,,,,,,,,,,,Feminino,sem orcid,Masculino,não anotado,não anotado,não anotado,não anotado
MESTRADO,https://repositorio.unicamp.br/acervo/detalhe/798651?guid=1652461510886&returnUrl=%2fresultado%2flistar%3fguid%3d1652461510886%26quantidadePaginas%3d1%26codigoRegistro%3d798651%23798651&i=1,orcid.org/0000-0002-4830-5298,sem orcid,orcid.org/0000-0002-1756-4852,,,,,Universidade Estadual de Campinas,1,Maria Cecilia Calani Baranauskas,Brazil,Universidade Estadual de Campinas,sem orcid,sem orcid,André Santanchè,no info,,,HCI,Socially Aware Design,Organizational Semiotics,Participatory Design,sem orcid,,,,,,,,,,,,,,,,,,,,,,,,,,,,,2011,,,,,,,,,,,,,,,,,,,,,,,,,,,,,,,,,,,,,,Feminino,sem orcid,Masculino,não anotado,não anotado,não anotado,não anotado
MESTRADO,https://repositorio.unicamp.br/acervo/detalhe/795370?guid=1652461558805&returnUrl=%2fresultado%2flistar%3fguid%3d1652461558805%26quantidadePaginas%3d1%26codigoRegistro%3d795370%23795370&i=1,orcid.org/0000-0001-5015-2131,orcid.org/0000-0003-4861-7061,orcid.org/0000-0003-0125-630X,,,,,no info,2,Neucimar Leite,no info,University of Campinas,Aparecido Nilceu Marana,no info,Helio Pedrini,Brazil,image and video processing; machine learning; computer vision,,,,,,Universidade Estadual Paulista Júlio de Mesquita Filho,,,,,,,,,,,,,,,,,,,,,,,,,,,,,2011,,,,,,,,,,,,,,,,,,,,,,,,,,,,,,,,,,,,,,Masculino,Masculino,Masculino,não anotado,não anotado,não anotado,não anotado
MESTRADO,https://repositorio.unicamp.br/acervo/detalhe/795402?guid=1652461616908&returnUrl=%2fresultado%2flistar%3fguid%3d1652461616908%26quantidadePaginas%3d1%26codigoRegistro%3d795402%23795402&i=1,orcid.org/0000-0001-6030-2682,sem orcid,orcid.org/0000-0003-4462-3325,,,,,University of Campinas,3,Eduardo C. Xavier,Brazil,University of Campinas,sem orcid,sem orcid,Orlando Lee,no info,,,,,,,sem orcid,,,,,,,,,,,,,,,,,,,,,,,,,,,,,2011,,,,,,,,,,,,,,,,,,,,,,,,,,,,,,,,,,,,,,Masculino,sem orcid,Masculino,não anotado,não anotado,não anotado,não anotado
MESTRADO,https://repositorio.unicamp.br/acervo/detalhe/798017?guid=1652461661403&returnUrl=%2fresultado%2flistar%3fguid%3d1652461661403%26quantidadePaginas%3d1%26codigoRegistro%3d798017%23798017&i=1,sem orcid,orcid.org/0000-0002-5591-3750,orcid.org/0000-0002-1180-2637,,,,,sem orcid,4,sem orcid,sem orcid,UNICAMP - University of Campinas,Jo Ueyama,no info,Edmundo Madeira,no info,,,,,,,Universidade de São Paulo Instituto de Ciências Matemáticas e de Computação,,,,,,,,,,,,,,,,,,,,,,,,,,,,,2011,,,,,,,,,,,,,,,,,,,,,,,,,,,,,,,,,,,,,,sem orcid,Masculino,Masculino,não anotado,não anotado,não anotado,não anotado
MESTRADO,https://repositorio.unicamp.br/acervo/detalhe/796728?guid=1652461719412&returnUrl=%2fresultado%2flistar%3fguid%3d1652461719412%26quantidadePaginas%3d1%26codigoRegistro%3d796728%23796728&i=1,orcid.org/0000-0003-1908-4753,orcid.org/0000-0003-1574-0362,orcid.org/0000-0002-1756-4852,,,,,Universidade Estadual de Campinas Instituto de Computação,5,Claudia Medeiros,Brazil,Universidade Estadual de Campinas,Cesar Marcondes,Brazil,André Santanchè,no info,,,Scientific data management, Data interoperability, Open Science,,Instituto Tecnológico de Aeronáutica,,,,,,,,,,,,,,,,,,,,,,,,,,,,,2011,,,,,,,,,,,,,,,,,,,,,,,,,,,,,,,,,,,,,,Feminino,Masculino,Masculino,não anotado,não anotado,não anotado,não anotado
MESTRADO,https://repositorio.unicamp.br/acervo/detalhe/798158?guid=1652461811233&returnUrl=%2fresultado%2flistar%3fguid%3d1652461811233%26quantidadePaginas%3d1%26codigoRegistro%3d798158%23798158&i=1,orcid.org/0000-0001-6030-2682,orcid.org/0000-0002-4865-5896,orcid.org/0000-0002-1180-2637,,,,,University of Campinas,6,Eduardo C. Xavier,Brazil,UNICAMP - University of Campinas,Daniel Macedo Batista,Brazil,Edmundo Madeira,no info,,,,,,,Universidade de São Paulo,,,,,,,,,,,,,,,Computer Networks; Computer Science,,,,,,,,,,,,,,2011,,,,,,,,,,,,,,,,,,,,,,,,,,,,,,,,,,,,,,Masculino,Masculino,Masculino,não anotado,não anotado,não anotado,não anotado
MESTRADO,https://repositorio.unicamp.br/acervo/detalhe/803009?guid=1652461899273&returnUrl=%2fresultado%2flistar%3fguid%3d1652461899273%26quantidadePaginas%3d1%26codigoRegistro%3d803009%23803009&i=1,orcid.org/0000-0002-9529-4253,orcid.org/0000-0002-6399-8790,orcid.org/0000-0003-0125-630X,,,,,University of Campinas,7,Pedro J. de Rezende,no info,University of Campinas,Ronaldo Hashimoto,no info,Helio Pedrini,Brazil,image and video processing; machine learning; computer vision,,,,,,Universidade de São Paulo,,,,,,,,,,,,,,,,,,,,,,,,,,,,,2011,,,,,,,,,,,,,,,,,,,,,,,,,,,,,,,,,,,,,,Masculino,Masculino,Masculino,não anotado,não anotado,não anotado,não anotado
MESTRADO,https://repositorio.unicamp.br/acervo/detalhe/823309?guid=1652461931244&returnUrl=%2fresultado%2flistar%3fguid%3d1652461931244%26quantidadePaginas%3d1%26codigoRegistro%3d823309%23823309&i=1,orcid.org/0000-0002-5945-0845,sem orcid,orcid.org/0000-0002-1067-6421,,,,,Universidade Estadual de Campinas,8,Cid de Souza,Brazil,no info,sem orcid,sem orcid,Flávio K. Miyazawa,no info,,,Integer Programming,Combinatorial Optimization,Algorithms (design and analysis),Operations Research,sem orcid,,,,,,,,,,,,,,,,,,,,,,,,,,,,,2011,,,,,,,,,,,,,,,,,,,,,,,,,,,,,,,,,,,,,,Masculino,sem orcid,Masculino,não anotado,não anotado,não anotado,não anotado
MESTRADO,https://repositorio.unicamp.br/acervo/detalhe/822086?guid=1652461962386&returnUrl=%2fresultado%2flistar%3fguid%3d1652461962386%26quantidadePaginas%3d1%26codigoRegistro%3d822086%23822086&i=2,orcid.org/0000-0002-4830-5298,sem orcid,orcid.org/0000-0001-9772-263X,sem orcid,,,,Universidade Estadual de Campinas,9,Maria Cecilia Calani Baranauskas,Brazil,Universidade Estadual de Campinas,sem orcid,sem orcid,Ricardo Torres,Netherlands,multimedia retrieval,multimedia classification,HCI,Socially Aware Design,Organizational Semiotics,Participatory Design,sem orcid,,,sem orcid,sem orcid,,,,,sem orcid,,,,machine learning,information visualization,,,,,,data science,,,,,,,,,2011,,,,,,,,,,,,,,,,,,,,,,,,,,,,,,,,,,,,,,Feminino,sem orcid,Masculino,sem orcid,não anotado,não anotado,não anotado
MESTRADO,https://repositorio.unicamp.br/acervo/detalhe/802943?guid=1652462147702&returnUrl=%2fresultado%2flistar%3fguid%3d1652462147702%26quantidadePaginas%3d1%26codigoRegistro%3d802943%23802943&i=2,orcid.org/0000-0002-6731-1482,sem orcid,orcid.org/0000-0002-7002-875X,,,,,no info,10,Julio Cesar Lopez Hernandez,Mexico,University of Campinas,sem orcid,sem orcid,Ricardo Dahab,Brazil,Cryptography, Graph Theory,,,,,sem orcid,,,,,,,,,,,,,,,,,,,,,,,,,,,,,2011,,,,,,,,,,,,,,,,,,,,,,,,,,,,,,,,,,,,,,Masculino,sem orcid,Masculino,não anotado,não anotado,não anotado,não anotado
MESTRADO,https://repositorio.unicamp.br/acervo/detalhe/821421?guid=1652462175403&returnUrl=%2fresultado%2flistar%3fguid%3d1652462175403%26quantidadePaginas%3d1%26codigoRegistro%3d821421%23821421&i=1,orcid.org/0000-0003-4869-5190,sem orcid,sem orcid,,,,,Universidade Estadual de Campinas,11,Guido Araujo,no info,sem orcid,sem orcid,sem orcid,sem orcid,sem orcid,,,,,,,sem orcid,,,,,,,,,,,,,,,,,,,,,,,,,,,,,2011,,,,,,,,,,,,,,,,,,,,,,,,,,,,,,,,,,,,,,Masculino,sem orcid,sem orcid,não anotado,não anotado,não anotado,não anotado
MESTRADO,https://repositorio.unicamp.br/acervo/detalhe/845168?guid=1652462246191&returnUrl=%2fresultado%2flistar%3fguid%3d1652462246191%26quantidadePaginas%3d1%26codigoRegistro%3d845168%23845168&i=1,orcid.org/0000-0001-9772-263X,sem orcid,orcid.org/0000-0003-1908-4753,,,,,Universidade Estadual de Campinas,12,Ricardo Torres,Netherlands,Universidade Estadual de Campinas Instituto de Computação,sem orcid,sem orcid,Claudia Medeiros,Brazil,Scientific data management, Data interoperability,multimedia retrieval,multimedia classification,machine learning,information visualization,sem orcid,,,,,,,,,,,,, Open Science,,,,,,,,,,,,,,,,2011,data science,,,,,,,,,,,,,,,,,,,,,,,,,,,,,,,,,,,,,Masculino,sem orcid,Feminino,não anotado,não anotado,não anotado,não anotado
MESTRADO,https://repositorio.unicamp.br/acervo/detalhe/804619?guid=1652462290634&returnUrl=%2fresultado%2flistar%3fguid%3d1652462290634%26quantidadePaginas%3d1%26codigoRegistro%3d804619%23804619&i=1,orcid.org/0000-0003-4290-6508,sem orcid,orcid.org/0000-0003-4869-5190,,,,,no info,13,Eliane Martins,no info,Universidade Estadual de Campinas,sem orcid,sem orcid,Guido Araujo,no info,,,,,,,sem orcid,,,,,,,,,,,,,,,,,,,,,,,,,,,,,2011,,,,,,,,,,,,,,,,,,,,,,,,,,,,,,,,,,,,,,Feminino,sem orcid,Masculino,não anotado,não anotado,não anotado,não anotado
MESTRADO,https://repositorio.unicamp.br/acervo/detalhe/823147?guid=1652462376919&returnUrl=%2fresultado%2flistar%3fguid%3d1652462376919%26quantidadePaginas%3d1%26codigoRegistro%3d823147%23823147&i=1,orcid.org/0000-0003-2046-602X,sem orcid,orcid.org/0000-0002-1180-2637,,,,,Universidade Estadual de Campinas,14,Nelson L. S. da Fonseca,no info,UNICAMP - University of Campinas,sem orcid,sem orcid,Edmundo Madeira,no info,,,,,,,sem orcid,,,,,,,,,,,,,,,,,,,,,,,,,,,,,2011,,,,,,,,,,,,,,,,,,,,,,,,,,,,,,,,,,,,,,Masculino,sem orcid,Masculino,não anotado,não anotado,não anotado,não anotado
MESTRADO,https://repositorio.unicamp.br/acervo/detalhe/820838?guid=1652462480580&returnUrl=%2fresultado%2flistar%3fguid%3d1652462480580%26quantidadePaginas%3d1%26codigoRegistro%3d820838%23820838&i=1,orcid.org/0000-0003-4290-6508,sem orcid,orcid.org/0000-0003-1908-4753,,,,,no info,15,Eliane Martins,no info,Universidade Estadual de Campinas Instituto de Computação,sem orcid,sem orcid,Claudia Medeiros,Brazil,Scientific data management, Data interoperability,,,,,sem orcid,,,,,,,,,,,,, Open Science,,,,,,,,,,,,,,,,2011,,,,,,,,,,,,,,,,,,,,,,,,,,,,,,,,,,,,,,Feminino,sem orcid,Feminino,não anotado,não anotado,não anotado,não anotado
MESTRADO,https://repositorio.unicamp.br/acervo/detalhe/836587?guid=1652462568222&returnUrl=%2fresultado%2flistar%3fguid%3d1652462568222%26quantidadePaginas%3d1%26codigoRegistro%3d836587%23836587&i=1,orcid.org/0000-0002-2914-5380,orcid.org/0000-0001-8522-2056,orcid.org/0000-0003-0125-630X,,,,,Universidade Estadual de Campinas,16,Alexandre Falcao,Brazil,University of Campinas,Silvio GUIMARAES,Brazil,Helio Pedrini,Brazil,image and video processing; machine learning; computer vision,,image processing, visualization, and analysis, (interactive) machine learning ,Pontifícia Universidade Católica de Minas Gerais,,,,,,,,,,,,,,,,,,,,,,,,,,,,,2011,,,,,,,,,,,,,,,,,,,,,,,,,,,,,,,,,,,,,,Masculino,Masculino,Masculino,não anotado,não anotado,não anotado,não anotado
MESTRADO,https://repositorio.unicamp.br/acervo/detalhe/845752?guid=1652462600537&returnUrl=%2fresultado%2flistar%3fguid%3d1652462600537%26quantidadePaginas%3d1%26codigoRegistro%3d845752%23845752&i=1,orcid.org/0000-0003-4290-6508,sem orcid,orcid.org/0000-0002-1756-4852,,,,,no info,17,Eliane Martins,no info,Universidade Estadual de Campinas,sem orcid,sem orcid,André Santanchè,no info,,,,,,,sem orcid,,,,,,,,,,,,,,,,,,,,,,,,,,,,,2011,,,,,,,,,,,,,,,,,,,,,,,,,,,,,,,,,,,,,,Feminino,sem orcid,Masculino,não anotado,não anotado,não anotado,não anotado
MESTRADO,https://repositorio.unicamp.br/acervo/detalhe/837152?guid=1652462643240&returnUrl=%2fresultado%2flistar%3fguid%3d1652462643240%26quantidadePaginas%3d1%26codigoRegistro%3d837152%23837152&i=1,orcid.org/0000-0001-5015-2131,orcid.org/0000-0002-0483-3435,orcid.org/0000-0001-9772-263X,,,,,no info,18,Neucimar Leite,no info,Universidade Estadual de Campinas,Leyza Dorini,no info,Ricardo Torres,Netherlands,multimedia retrieval,multimedia classification,,,,,no info,,,,,,,,,,,,,machine learning,information visualization,,,,,,data science,,,,,,,,,2011,,,,,,,,,,,,,,,,,,,,,,,,,,,,,,,,,,,,,,Masculino,Feminino,Masculino,não anotado,não anotado,não anotado,não anotado
MESTRADO,https://repositorio.unicamp.br/acervo/detalhe/836613?guid=1652462675761&returnUrl=%2fresultado%2flistar%3fguid%3d1652462675761%26quantidadePaginas%3d1%26codigoRegistro%3d836613%23836613&i=1,orcid.org/0000-0001-9772-263X,orcid.org/0000-0002-6625-6047,orcid.org/0000-0003-1783-4231,,,,,Universidade Estadual de Campinas,19,Ricardo Torres,Netherlands,Universidade Estadual de Campinas,Caetano Traina Junior,no info,Edson Borin,no info,,,multimedia retrieval,multimedia classification,machine learning,information visualization,Universidade de São Paulo Câmpus de São Carlos,,,,,,,,,,,,,,,,,,,,,,,,,,,,,2011,data science,,,,,,,,,,,,,,,,,,,,,,,,,,,,,,,,,,,,,Masculino,Masculino,Masculino,não anotado,não anotado,não anotado,não anotado
MESTRADO,https://repositorio.unicamp.br/acervo/detalhe/836990?guid=1652462784949&returnUrl=%2fresultado%2flistar%3fguid%3d1652462784949%26quantidadePaginas%3d1%26codigoRegistro%3d836990%23836990&i=2,orcid.org/0000-0002-4830-5298,sem orcid,sem orcid,,,,,Universidade Estadual de Campinas,20,Maria Cecilia Calani Baranauskas,Brazil,sem orcid,sem orcid,sem orcid,sem orcid,sem orcid,,,HCI,Socially Aware Design,Organizational Semiotics,Participatory Design,sem orcid,,,,,,,,,,,,,,,,,,,,,,,,,,,,,2011,,,,,,,,,,,,,,,,,,,,,,,,,,,,,,,,,,,,,,Feminino,sem orcid,sem orcid,não anotado,não anotado,não anotado,não anotado
MESTRADO,https://repositorio.unicamp.br/acervo/detalhe/837030?guid=1652462946601&returnUrl=%2fresultado%2flistar%3fguid%3d1652462946601%26quantidadePaginas%3d1%26codigoRegistro%3d837030%23837030&i=1,orcid.org/0000-0001-9772-263X,sem orcid,orcid.org/0000-0002-5945-0845,,,,,Universidade Estadual de Campinas,21,Ricardo Torres,Netherlands,Universidade Estadual de Campinas,sem orcid,sem orcid,Cid de Souza,Brazil,Integer Programming,Combinatorial Optimization,multimedia retrieval,multimedia classification,machine learning,information visualization,sem orcid,,,,,,,,,,,,,Algorithms (design and analysis),Operations Research,,,,,,,,,,,,,,,2011,data science,,,,,,,,,,,,,,,,,,,,,,,,,,,,,,,,,,,,,Masculino,sem orcid,Masculino,não anotado,não anotado,não anotado,não anotado
MESTRADO,https://repositorio.unicamp.br/acervo/detalhe/840903?guid=1652463042944&returnUrl=%2fresultado%2flistar%3fguid%3d1652463042944%26quantidadePaginas%3d1%26codigoRegistro%3d840903%23840903&i=1,orcid.org/0000-0003-0125-630X,sem orcid,orcid.org/0000-0001-5015-2131,,,,,University of Campinas,22,Helio Pedrini,Brazil,no info,sem orcid,sem orcid,Neucimar Leite,no info,,,image and video processing; machine learning; computer vision,,,,sem orcid,,,,,,,,,,,,,,,,,,,,,,,,,,,,,2011,,,,,,,,,,,,,,,,,,,,,,,,,,,,,,,,,,,,,,Masculino,sem orcid,Masculino,não anotado,não anotado,não anotado,não anotado
MESTRADO,https://repositorio.unicamp.br/acervo/detalhe/840123?guid=1652463093515&returnUrl=%2fresultado%2flistar%3fguid%3d1652463093515%26quantidadePaginas%3d1%26codigoRegistro%3d840123%23840123&i=1,orcid.org/0000-0003-0125-630X,orcid.org/0000-0003-0040-0752,orcid.org/0000-0003-0683-7672,,,,,University of Campinas,23,Helio Pedrini,Brazil,no info,"Nunes, FLS",Brazil,Anamaria Gomide,no info,,,image and video processing; machine learning; computer vision,,,,no info,,,,,,,,,,,,,,,,,,,,,,,,,,,,,2011,,,,,,,,,,,,,,,,,,,,,,,,,,,,,,,,,,,,,,Masculino,Feminino,Feminino,não anotado,não anotado,não anotado,não anotado
MESTRADO,https://repositorio.unicamp.br/acervo/detalhe/836507?guid=1652463153729&returnUrl=%2fresultado%2flistar%3fguid%3d1652463153729%26quantidadePaginas%3d1%26codigoRegistro%3d836507%23836507&i=1,orcid.org/0000-0002-5945-0845,orcid.org/0000-0001-5604-1002,orcid.org/0000-0002-1067-6421,,,,,Universidade Estadual de Campinas,24,Cid de Souza,Brazil,no info,A C Moretti,no info,Flávio K. Miyazawa,no info,,,Integer Programming,Combinatorial Optimization,Algorithms (design and analysis),Operations Research,no info,,,,,,,,,,,,,,,,,,,,,,,,,,,,,2011,,,,,,,,,,,,,,,,,,,,,,,,,,,,,,,,,,,,,,Masculino,Masculino,Masculino,não anotado,não anotado,não anotado,não anotado
MESTRADO,https://repositorio.unicamp.br/acervo/detalhe/836668?guid=1652463244507&returnUrl=%2fresultado%2flistar%3fguid%3d1652463244507%26quantidadePaginas%3d1%26codigoRegistro%3d836668%23836668&i=1,orcid.org/0000-0002-9529-4253,orcid.org/0000-0003-0125-630X,orcid.org/0000-0003-4804-5788,,,,,University of Campinas,25,Pedro J. de Rezende,no info,University of São Paulo,Helio Pedrini,Brazil,Carlos Ferreira,no info,,,,,,,University of Campinas,,,,,,,,,,,,,,,image and video processing; machine learning; computer vision,,,,,,,,,,,,,,2011,,,,,,,,,,,,,,,,,,,,,,,,,,,,,,,,,,,,,,Masculino,Masculino,Masculino,não anotado,não anotado,não anotado,não anotado
MESTRADO,https://repositorio.unicamp.br/acervo/detalhe/846134?guid=1652463277296&returnUrl=%2fresultado%2flistar%3fguid%3d1652463277296%26quantidadePaginas%3d1%26codigoRegistro%3d846134%23846134&i=1,orcid.org/0000-0002-7002-875X,sem orcid,orcid.org/0000-0002-6731-1482,,,,,University of Campinas,26,Ricardo Dahab,Brazil,no info,sem orcid,sem orcid,Julio Cesar Lopez Hernandez,Mexico,,,Cryptography, Graph Theory,,,sem orcid,,,,,,,,,,,,,,,,,,,,,,,,,,,,,2011,,,,,,,,,,,,,,,,,,,,,,,,,,,,,,,,,,,,,,Masculino,sem orcid,Masculino,não anotado,não anotado,não anotado,não anotado
MESTRADO,https://repositorio.unicamp.br/acervo/detalhe/839953?guid=1652463388526&returnUrl=%2fresultado%2flistar%3fguid%3d1652463388526%26quantidadePaginas%3d1%26codigoRegistro%3d839953%23839953&i=1,sem orcid,sem orcid,orcid.org/0000-0002-8803-0401,,,,,sem orcid,27,sem orcid,sem orcid,UNICAMP,sem orcid,sem orcid,Rodolfo Azevedo,Brazil,,,,,,,sem orcid,,,,,,,,,,,,,,,,,,,,,,,,,,,,,2011,,,,,,,,,,,,,,,,,,,,,,,,,,,,,,,,,,,,,,sem orcid,sem orcid,Masculino,não anotado,não anotado,não anotado,não anotado
MESTRADO,https://repositorio.unicamp.br/acervo/detalhe/838912?guid=1652463430030&returnUrl=%2fresultado%2flistar%3fguid%3d1652463430030%26quantidadePaginas%3d1%26codigoRegistro%3d838912%23838912&i=1,orcid.org/0000-0003-0683-7672,sem orcid,orcid.org/0000-0003-0125-630X,,,,,no info,28,Anamaria Gomide,no info,University of Campinas,sem orcid,sem orcid,Helio Pedrini,Brazil,image and video processing; machine learning; computer vision,,,,,,sem orcid,,,,,,,,,,,,,,,,,,,,,,,,,,,,,2011,,,,,,,,,,,,,,,,,,,,,,,,,,,,,,,,,,,,,,Feminino,sem orcid,Masculino,não anotado,não anotado,não anotado,não anotado
MESTRADO,https://repositorio.unicamp.br/acervo/detalhe/840062?guid=1652463462620&returnUrl=%2fresultado%2flistar%3fguid%3d1652463462620%26quantidadePaginas%3d1%26codigoRegistro%3d840062%23840062&i=1,orcid.org/0000-0002-6540-8686,sem orcid,orcid.org/0000-0002-1180-2637,,,,,University of Campinas,29,Paulo de Geus,Brazil,UNICAMP - University of Campinas,sem orcid,sem orcid,Edmundo Madeira,no info,,,Computer Security,,,,sem orcid,,,,,,,,,,,,,,,,,,,,,,,,,,,,,2011,,,,,,,,,,,,,,,,,,,,,,,,,,,,,,,,,,,,,,Masculino,sem orcid,Masculino,não anotado,não anotado,não anotado,não anotado
MESTRADO,https://repositorio.unicamp.br/acervo/detalhe/838906?guid=1652463509485&returnUrl=%2fresultado%2flistar%3fguid%3d1652463509485%26quantidadePaginas%3d1%26codigoRegistro%3d838906%23838906&i=1,orcid.org/0000-0002-6540-8686,sem orcid,orcid.org/0000-0002-6731-1482,,,,,University of Campinas,30,Paulo de Geus,Brazil,no info,sem orcid,sem orcid,Julio Cesar Lopez Hernandez,Mexico,,,Computer Security,,,,sem orcid,,,,,,,,,,,,,,,,,,,,,,,,,,,,,2011,,,,,,,,,,,,,,,,,,,,,,,,,,,,,,,,,,,,,,Masculino,sem orcid,Masculino,não anotado,não anotado,não anotado,não anotado
MESTRADO,https://repositorio.unicamp.br/acervo/detalhe/839964?guid=1652463553578&returnUrl=%2fresultado%2flistar%3fguid%3d1652463553578%26quantidadePaginas%3d1%26codigoRegistro%3d839964%23839964&i=1,sem orcid,orcid.org/0000-0003-1929-9391,orcid.org/0000-0001-8309-6367,,,,,sem orcid,31,sem orcid,sem orcid,Universidade Estadual de Campinas,Leonardo Cunha de Miranda,Brazil,Ariadne Carvalho,no info,,,,,,,no info,,,,,,,,,,,,,,,,,,,,,,,,,,,,,2011,,,,,,,,,,,,,,,,,,,,,,,,,,,,,,,,,,,,,,sem orcid,Masculino,Feminino,não anotado,não anotado,não anotado,não anotado
MESTRADO,https://repositorio.unicamp.br/acervo/detalhe/846125?guid=1652463579605&returnUrl=%2fresultado%2flistar%3fguid%3d1652463579605%26quantidadePaginas%3d1%26codigoRegistro%3d846125%23846125&i=1,orcid.org/0000-0002-1067-6421,sem orcid,orcid.org/0000-0003-2674-3366,,,,,no info,32,Flávio K. Miyazawa,no info,Universidade Federal de Catalão,sem orcid,sem orcid,"Alves de Queiroz, Thiago",Brazil,,,,,,,sem orcid,,,,,,,,,,,,,,,,,,,,,,,,,,,,,2011,,,,,,,,,,,,,,,,,,,,,,,,,,,,,,,,,,,,,,Masculino,sem orcid,Masculino,não anotado,não anotado,não anotado,não anotado
MESTRADO,https://repositorio.unicamp.br/acervo/detalhe/846266?guid=1652463608430&returnUrl=%2fresultado%2flistar%3fguid%3d1652463608430%26quantidadePaginas%3d1%26codigoRegistro%3d846266%23846266&i=1,orcid.org/0000-0002-5945-0845,sem orcid,orcid.org/0000-0002-3948-305X,,,,,Universidade Estadual de Campinas,33,Cid de Souza,Brazil,Universidade Federal de São Carlos,sem orcid,sem orcid,Reinaldo Morabito,Brazil,,,Integer Programming,Combinatorial Optimization,Algorithms (design and analysis),Operations Research,sem orcid,,,,,,,,,,,,,,,,,,,,,,,,,,,,,2011,,,,,,,,,,,,,,,,,,,,,,,,,,,,,,,,,,,,,,Masculino,sem orcid,Masculino,não anotado,não anotado,não anotado,não anotado
MESTRADO,https://repositorio.unicamp.br/acervo/detalhe/855148?guid=1652463652829&returnUrl=%2fresultado%2flistar%3fguid%3d1652463652829%26quantidadePaginas%3d1%26codigoRegistro%3d855148%23855148&i=1,orcid.org/0000-0003-0125-630X,sem orcid,orcid.org/0000-0002-3159-4839,,,,,University of Campinas,34,Helio Pedrini,Brazil,State University of Campinas,sem orcid,sem orcid,Jorge Stolfi,no info,,,image and video processing; machine learning; computer vision,,,,sem orcid,,,,,,,,,,,,,,,,,,,,,,,,,,,,,2011,,,,,,,,,,,,,,,,,,,,,,,,,,,,,,,,,,,,,,Masculino,sem orcid,Masculino,não anotado,não anotado,não anotado,não anotado
MESTRADO,https://repositorio.unicamp.br/acervo/detalhe/845784?guid=1652463686524&returnUrl=%2fresultado%2flistar%3fguid%3d1652463686524%26quantidadePaginas%3d1%26codigoRegistro%3d845784%23845784&i=1,orcid.org/0000-0003-2046-602X,sem orcid,orcid.org/0000-0002-1180-2637,,,,,Universidade Estadual de Campinas,35,Nelson L. S. da Fonseca,no info,UNICAMP - University of Campinas,sem orcid,sem orcid,Edmundo Madeira,no info,,,,,,,sem orcid,,,,,,,,,,,,,,,,,,,,,,,,,,,,,2011,,,,,,,,,,,,,,,,,,,,,,,,,,,,,,,,,,,,,,Masculino,sem orcid,Masculino,não anotado,não anotado,não anotado,não anotado
MESTRADO,https://repositorio.unicamp.br/acervo/detalhe/849399?guid=1652463714109&returnUrl=%2fresultado%2flistar%3fguid%3d1652463714109%26quantidadePaginas%3d1%26codigoRegistro%3d849399%23849399&i=1,sem orcid,orcid.org/0000-0003-0678-4777,orcid.org/0000-0002-4830-5298,,,,,sem orcid,36,sem orcid,sem orcid,Universidade Estadual de Campinas,Regina Moraes,Brazil,Maria Cecilia Calani Baranauskas,Brazil,HCI,Socially Aware Design,,,,,University of Campinas,,,,,,,,,,,,,Organizational Semiotics,Participatory Design,,,,,,,,,,,,,,,2011,,,,,,,,,,,,,,,,,,,,,,,,,,,,,,,,,,,,,,sem orcid,Feminino,Feminino,não anotado,não anotado,não anotado,não anotado
MESTRADO,https://repositorio.unicamp.br/acervo/detalhe/845811?guid=1652463743933&returnUrl=%2fresultado%2flistar%3fguid%3d1652463743933%26quantidadePaginas%3d1%26codigoRegistro%3d845811%23845811&i=2,orcid.org/0000-0002-9539-6874,orcid.org/0000-0002-6354-8917,orcid.org/0000-0003-1783-4231,,,,,Universidade Estadual de Campinas,37,Sandro Rigo,Brazil,Universidade Estadual de Campinas,Marcio Seiji Oyamada,no info,Edson Borin,no info,,,Computer Architecture,Compilers,Code Optimization,High-Performance Computing,no info,,,,,,,,,,,,,,,,,,,,,,,,,,,,,2011,,,,,,,,,,,,,,,,,,,,,,,,,,,,,,,,,,,,,,Masculino,Masculino,Masculino,não anotado,não anotado,não anotado,não anotado
DOUTORADO,https://repositorio.unicamp.br/acervo/detalhe/782478?guid=1652464881685&returnUrl=%2fresultado%2flistar%3fguid%3d1652464881685%26quantidadePaginas%3d1%26codigoRegistro%3d782478%23782478&i=3,orcid.org/0000-0003-4869-5190,orcid.org/0000-0002-9957-5861,orcid.org/0000-0003-1752-6255,orcid.org/0000-0002-3823-8941,orcid.org/0000-0003-1783-4231,,,Universidade Estadual de Campinas,38,Guido Araujo,no info,Advanced Micro Devices,Philippe Navaux,Brazil,Mauricio Breternitz,no info,,,,,,,Universidade Federal do Rio Grande do Sul,Universidade Estadual de Campinas,,Luiz Eduardo Buzato,Brazil,,,,,University of Campinas,Edson Borin,no info,,,,,,,,,,distributed systems,distributed algorithms,fault tolerance,,,,,,2011,,,,,,,,,,,,,,,,,,,,,,,,,,,,,,,,,,,,,,Masculino,Masculino,Masculino,Masculino,Masculino,não anotado,não anotado
DOUTORADO,https://repositorio.unicamp.br/acervo/detalhe/794965?guid=1652464936202&returnUrl=%2fresultado%2flistar%3fguid%3d1652464936202%26quantidadePaginas%3d1%26codigoRegistro%3d794965%23794965&i=1,orcid.org/0000-0002-3159-4839,orcid.org/0000-0002-8514-8033,sem orcid,orcid.org/0000-0003-0683-7672,sem orcid,,,State University of Campinas,39,Jorge Stolfi,no info,sem orcid,Luis Nonato,no info,sem orcid,sem orcid,,,,,,,Universidade de São Paulo,sem orcid,,Anamaria Gomide,no info,,,,,no info,sem orcid,sem orcid,,,,,,,,,,,,,,,,,,2011,,,,,,,,,,,,,,,,,,,,,,,,,,,,,,,,,,,,,,Masculino,Masculino,sem orcid,Feminino,sem orcid,não anotado,não anotado
DOUTORADO,https://repositorio.unicamp.br/acervo/detalhe/823130?guid=1652464981434&returnUrl=%2fresultado%2flistar%3fguid%3d1652464981434%26quantidadePaginas%3d1%26codigoRegistro%3d823130%23823130&i=1,orcid.org/0000-0002-6540-8686,sem orcid,sem orcid,sem orcid,orcid.org/0000-0002-4830-5298,,,University of Campinas,40,Paulo de Geus,Brazil,sem orcid,sem orcid,sem orcid,sem orcid,sem orcid,,,Computer Security,,,,sem orcid,Universidade Estadual de Campinas,,sem orcid,sem orcid,,,,,sem orcid,Maria Cecilia Calani Baranauskas,Brazil,,,,,,,,,,,,,HCI,Socially Aware Design,Organizational Semiotics,Participatory Design,,2011,,,,,,,,,,,,,,,,,,,,,,,,,,,,,,,,,,,,,,Masculino,sem orcid,sem orcid,sem orcid,Feminino,não anotado,não anotado
DOUTORADO,https://repositorio.unicamp.br/acervo/detalhe/794996?guid=1652465134556&returnUrl=%2fresultado%2flistar%3fguid%3d1652465134556%26quantidadePaginas%3d1%26codigoRegistro%3d794996%23794996&i=1,orcid.org/0000-0002-4830-5298,sem orcid,orcid.org/0000-0002-6750-5965,sem orcid,orcid.org/0000-0002-9707-799X,,,Universidade Estadual de Campinas,41,Maria Cecilia Calani Baranauskas,Brazil,Pontifícia Universidade Católica do Rio de Janeiro,sem orcid,sem orcid,Laura Sánchez García,no info,,,HCI,Socially Aware Design,Organizational Semiotics,Participatory Design,sem orcid,Universidade Estadual de Campinas (UNICAMP),,sem orcid,sem orcid,,,,,sem orcid,José Mario De Martino,no info,,,,,,,,,,,,,,,,,,2011,,,,,,,,,,,,,,,,,,,,,,,,,,,,,,,,,,,,,,Feminino,sem orcid,Feminino,sem orcid,Masculino,não anotado,não anotado
DOUTORADO,https://repositorio.unicamp.br/acervo/detalhe/802958?guid=1652465240231&returnUrl=%2fresultado%2flistar%3fguid%3d1652465240231%26quantidadePaginas%3d1%26codigoRegistro%3d802958%23802958&i=1,orcid.org/0000-0001-5201-1244,sem orcid,sem orcid,orcid.org/0000-0002-1180-2637,sem orcid,,,no info,42,Jacques Wainer,Brazil,sem orcid,sem orcid,sem orcid,sem orcid,sem orcid,,,,,,,sem orcid,sem orcid,,Edmundo Madeira,no info,,,,,UNICAMP - University of Campinas,sem orcid,sem orcid,,,,,,,,,,,,,,,,,,2011,,,,,,,,,,,,,,,,,,,,,,,,,,,,,,,,,,,,,,Masculino,sem orcid,sem orcid,Masculino,sem orcid,não anotado,não anotado
DOUTORADO,https://repositorio.unicamp.br/acervo/detalhe/804652?guid=1652465310362&returnUrl=%2fresultado%2flistar%3fguid%3d1652465310362%26quantidadePaginas%3d1%26codigoRegistro%3d804652%23804652&i=1,orcid.org/0000-0001-9772-263X,orcid.org/0000-0002-2075-3363,sem orcid,orcid.org/0000-0002-1756-4852,orcid.org/0000-0002-6023-5982,,,Universidade Estadual de Campinas,43,Ricardo Torres,Netherlands,sem orcid,Marcos André Gonçalves,no info,sem orcid,sem orcid,,,multimedia retrieval,multimedia classification,machine learning,information visualization,Universidade Federal de Minas Gerais,University of Campinas,,André Santanchè,no info,,,,,Universidade Estadual de Campinas,Islene Calciolari Garcia,no info,,,,,,,,,,,,,,,,,,2011,data science,,,,,,,,,,,,,,,,,,,,,,,,,,,,,,,,,,,,,Masculino,Masculino,sem orcid,Masculino,Feminino,não anotado,não anotado
DOUTORADO,https://repositorio.unicamp.br/acervo/detalhe/837095?guid=1652465387678&returnUrl=%2fresultado%2flistar%3fguid%3d1652465387678%26quantidadePaginas%3d1%26codigoRegistro%3d837095%23837095&i=1,orcid.org/0000-0003-4290-6508,orcid.org/0000-0003-3139-6266,orcid.org/0000-0002-0796-3868,orcid.org/0000-0002-1914-5790,orcid.org/0000-0001-6030-2682,,,no info,44,Eliane Martins,no info,Instituto Nacional de Pesquisas Espaciais,Silvia Vergilio,no info,Fátima Mattiello-Francisco,Brazil,Space engineering, Verification and Validation,,,,,no info,University of Campinas,,Mario Jino,no info,,,,,no info,Eduardo C. Xavier,Brazil,,  operation concept,,,,,,,,,,,,,,,,2011,,,,,,,,,,,,,,,,,,,,,,,,,,,,,,,,,,,,,,Feminino,Feminino,Feminino,Masculino,Masculino,não anotado,não anotado
DOUTORADO,https://repositorio.unicamp.br/acervo/detalhe/818405?guid=1652465449608&returnUrl=%2fresultado%2flistar%3fguid%3d1652465449608%26quantidadePaginas%3d1%26codigoRegistro%3d818405%23818405&i=1,sem orcid,sem orcid,sem orcid,sem orcid,orcid.org/0000-0002-1180-2637,,,sem orcid,45,sem orcid,sem orcid,sem orcid,sem orcid,sem orcid,sem orcid,sem orcid,,,,,,,sem orcid,UNICAMP - University of Campinas,,sem orcid,sem orcid,,,,,sem orcid,Edmundo Madeira,no info,,,,,,,,,,,,,,,,,,2011,,,,,,,,,,,,,,,,,,,,,,,,,,,,,,,,,,,,,,sem orcid,sem orcid,sem orcid,sem orcid,Masculino,não anotado,não anotado
DOUTORADO,https://repositorio.unicamp.br/acervo/detalhe/822638?guid=1652465516035&returnUrl=%2fresultado%2flistar%3fguid%3d1652465516035%26quantidadePaginas%3d1%26codigoRegistro%3d822638%23822638&i=3,sem orcid,sem orcid,orcid.org/0000-0002-6731-1482,orcid.org/0000-0002-7002-875X,,,,sem orcid,46,sem orcid,sem orcid,no info,sem orcid,sem orcid,Julio Cesar Lopez Hernandez,Mexico,,,,,,,sem orcid,,,Ricardo Dahab,Brazil,,,,,University of Campinas,,,,,,,,,,,,Cryptography, Graph Theory,,,,,,,2011,,,,,,,,,,,,,,,,,,,,,,,,,,,,,,,,,,,,,,sem orcid,sem orcid,Masculino,Masculino,não anotado,não anotado,não anotado
DOUTORADO,https://repositorio.unicamp.br/acervo/detalhe/840446?guid=1652465558961&returnUrl=%2fresultado%2flistar%3fguid%3d1652465558961%26quantidadePaginas%3d1%26codigoRegistro%3d840446%23840446&i=1,sem orcid,sem orcid,sem orcid,orcid.org/0000-0002-1067-6421,orcid.org/0000-0003-4462-3325,,,sem orcid,47,sem orcid,sem orcid,sem orcid,sem orcid,sem orcid,sem orcid,sem orcid,,,,,,,sem orcid,University of Campinas,,Flávio K. Miyazawa,no info,,,,,no info,Orlando Lee,no info,,,,,,,,,,,,,,,,,,2011,,,,,,,,,,,,,,,,,,,,,,,,,,,,,,,,,,,,,,sem orcid,sem orcid,sem orcid,Masculino,Masculino,não anotado,não anotado
DOUTORADO,https://repositorio.unicamp.br/acervo/detalhe/837115?guid=1652465599969&returnUrl=%2fresultado%2flistar%3fguid%3d1652465599969%26quantidadePaginas%3d1%26codigoRegistro%3d837115%23837115&i=1,orcid.org/0000-0002-6731-1482,sem orcid,sem orcid,orcid.org/0000-0001-9241-2229,orcid.org/0000-0002-7002-875X,,,no info,48,Julio Cesar Lopez Hernandez,Mexico,sem orcid,sem orcid,sem orcid,sem orcid,sem orcid,,,,,,,sem orcid,University of Campinas,,Marco A. Amaral Henriques,no info,,,,,University of Campinas,Ricardo Dahab,Brazil,,,,,,,,,,,,,Cryptography, Graph Theory,,,,2011,,,,,,,,,,,,,,,,,,,,,,,,,,,,,,,,,,,,,,Masculino,sem orcid,sem orcid,Masculino,Masculino,não anotado,não anotado
DOUTORADO,https://repositorio.unicamp.br/acervo/detalhe/862508?guid=1652465739949&returnUrl=%2fresultado%2flistar%3fguid%3d1652465739949%26quantidadePaginas%3d1%26codigoRegistro%3d862508%23862508&i=1,orcid.org/0000-0002-9539-6874,orcid.org/0000-0002-8803-0401,sem orcid,orcid.org/0000-0002-9384-8347,sem orcid,,,Universidade Estadual de Campinas,49,Sandro Rigo,Brazil,sem orcid,Rodolfo Azevedo,Brazil,sem orcid,sem orcid,,,Computer Architecture,Compilers,Code Optimization,High-Performance Computing,UNICAMP,sem orcid,,Luiz C. V. dos Santos,Brazil,,,,,Universidade Federal de Santa Catarina,sem orcid,sem orcid,,,,,,,,,,,,,,,,,,2011,,,,,,,,,,,,,,,,,,,,,,,,,,,,,,,,,,,,,,Masculino,Masculino,sem orcid,Masculino,sem orcid,não anotado,não anotado
DOUTORADO,https://repositorio.unicamp.br/acervo/detalhe/974430?guid=1652465774396&returnUrl=%2fresultado%2flistar%3fguid%3d1652465774396%26quantidadePaginas%3d1%26codigoRegistro%3d974430%23974430&i=1,orcid.org/0000-0002-7002-875X,sem orcid,sem orcid,orcid.org/0000-0002-6731-1482,orcid.org/0000-0002-3219-8061,,,University of Campinas,50,Ricardo Dahab,Brazil,sem orcid,sem orcid,sem orcid,sem orcid,sem orcid,,,Cryptography, Graph Theory,,,sem orcid,no info,,Julio Cesar Lopez Hernandez,Mexico,,,,,no info,"Reginaldo, Jr Palazzo",no info,,,,,,,,,,,,,,,,,,2011,,,,,,,,,,,,,,,,,,,,,,,,,,,,,,,,,,,,,,Masculino,sem orcid,sem orcid,Masculino,Masculino,não anotado,não anotado
DOUTORADO,https://repositorio.unicamp.br/acervo/detalhe/846099?guid=1652465819311&returnUrl=%2fresultado%2flistar%3fguid%3d1652465819311%26quantidadePaginas%3d1%26codigoRegistro%3d846099%23846099&i=1,orcid.org/0000-0001-9772-263X,sem orcid,sem orcid,orcid.org/0000-0003-0125-630X,orcid.org/0000-0003-1783-4231,,,Universidade Estadual de Campinas,51,Ricardo Torres,Netherlands,sem orcid,sem orcid,sem orcid,sem orcid,sem orcid,,,multimedia retrieval,multimedia classification,machine learning,information visualization,sem orcid,Universidade Estadual de Campinas,,Helio Pedrini,Brazil,,,,,University of Campinas,Edson Borin,no info,,,,,,,,,,image and video processing; machine learning; computer vision,,,,,,,,2011,data science,,,,,,,,,,,,,,,,,,,,,,,,,,,,,,,,,,,,,Masculino,sem orcid,sem orcid,Masculino,Masculino,não anotado,não anotado
MESTRADO,https://repositorio.unicamp.br/acervo/detalhe/867060?guid=1652465914739&returnUrl=%2fresultado%2flistar%3fguid%3d1652465914739%26quantidadePaginas%3d1%26codigoRegistro%3d867060%23867060&i=1,orcid.org/0000-0001-7878-4990,orcid.org/0000-0003-4804-5788,orcid.org/0000-0003-2608-4807,,,,,State University of Campinas,0,Joao Meidanis,no info,Universidade Estadual de Campinas,Carlos Ferreira,no info,Guilherme P. Telles,Brazil,,,,,,,University of São Paulo,,,,,,,,,,,,,,,,,,,,,,,,,,,,,2012,,,,,,,,,,,,,,,,,,,,,,,,,,,,,,,,,,,,,,Masculino,Masculino,Masculino,não anotado,não anotado,não anotado,não anotado
MESTRADO,https://repositorio.unicamp.br/acervo/detalhe/855492?guid=1652466058005&returnUrl=%2fresultado%2flistar%3fguid%3d1652466058005%26quantidadePaginas%3d1%26codigoRegistro%3d855492%23855492&i=2,orcid.org/0000-0001-8309-6367,orcid.org/0000-0002-3159-4839,orcid.org/0000-0003-2111-1319,,,,,Universidade Estadual de Campinas,1,Ariadne Carvalho,no info,University of São Paulo,Jorge Stolfi,no info,"Pardo, T.A.S.",Brazil,,,,,,,State University of Campinas,,,,,,,,,,,,,,,,,,,,,,,,,,,,,2012,,,,,,,,,,,,,,,,,,,,,,,,,,,,,,,,,,,,,,Feminino,Masculino,Masculino,não anotado,não anotado,não anotado,não anotado
MESTRADO,https://repositorio.unicamp.br/acervo/detalhe/854808?guid=1652466127680&returnUrl=%2fresultado%2flistar%3fguid%3d1652466127680%26quantidadePaginas%3d1%26codigoRegistro%3d854808%23854808&i=1,orcid.org/0000-0001-9772-263X,orcid.org/0000-0002-2075-3363,orcid.org/0000-0002-6023-5982,,,,,Universidade Estadual de Campinas,2,Ricardo Torres,Netherlands,University of Campinas,Marcos André Gonçalves,no info,Islene Calciolari Garcia,no info,,,multimedia retrieval,multimedia classification,machine learning,information visualization,Universidade Federal de Minas Gerais,,,,,,,,,,,,,,,,,,,,,,,,,,,,,2012,data science,,,,,,,,,,,,,,,,,,,,,,,,,,,,,,,,,,,,,Masculino,Masculino,Feminino,não anotado,não anotado,não anotado,não anotado
MESTRADO,https://repositorio.unicamp.br/acervo/detalhe/909776?guid=1652466165477&returnUrl=%2fresultado%2flistar%3fguid%3d1652466165477%26quantidadePaginas%3d1%26codigoRegistro%3d909776%23909776&i=1,orcid.org/0000-0001-5685-8004,sem orcid,orcid.org/0000-0001-8309-6367,,,,,no info,3,Siome Goldenstein,no info,Universidade Estadual de Campinas,sem orcid,sem orcid,Ariadne Carvalho,no info,,,,,,,sem orcid,,,,,,,,,,,,,,,,,,,,,,,,,,,,,2012,,,,,,,,,,,,,,,,,,,,,,,,,,,,,,,,,,,,,,Masculino,sem orcid,Feminino,não anotado,não anotado,não anotado,não anotado
MESTRADO,https://repositorio.unicamp.br/acervo/detalhe/866199?guid=1652466216774&returnUrl=%2fresultado%2flistar%3fguid%3d1652466216774%26quantidadePaginas%3d1%26codigoRegistro%3d866199%23866199&i=2,orcid.org/0000-0003-0125-630X,orcid.org/0000-0002-6494-7514,orcid.org/0000-0002-4236-8212,,,,,University of Campinas,4,Helio Pedrini,Brazil,Universidade Estadual de Campinas,João Paulo Papa,no info,Anderson Rocha,Brazil,Machine Intelligence; Digital Forensics; Reasoning for Complex Data,,image and video processing; machine learning; computer vision,,,,no info,,,,,,,,,,,,,,,machine learning, image processing, computervision, meta-heuristics,,,,,,,,,,,2012,,,,,,,,,,,,,,,,,,,,,,,,,,,,,,,,,,,,,,Masculino,Masculino,Masculino,não anotado,não anotado,não anotado,não anotado
MESTRADO,https://repositorio.unicamp.br/acervo/detalhe/866194?guid=1652466377909&returnUrl=%2fresultado%2flistar%3fguid%3d1652466377909%26quantidadePaginas%3d1%26codigoRegistro%3d866194%23866194&i=1,orcid.org/0000-0001-5201-1244,sem orcid,orcid.org/0000-0001-8309-6367,,,,,no info,5,Jacques Wainer,Brazil,Universidade Estadual de Campinas,sem orcid,sem orcid,Ariadne Carvalho,no info,,,,,,,sem orcid,,,,,,,,,,,,,,,,,,,,,,,,,,,,,2012,,,,,,,,,,,,,,,,,,,,,,,,,,,,,,,,,,,,,,Masculino,sem orcid,Feminino,não anotado,não anotado,não anotado,não anotado
MESTRADO,https://repositorio.unicamp.br/acervo/detalhe/875359?guid=1652466427736&returnUrl=%2fresultado%2flistar%3fguid%3d1652466427736%26quantidadePaginas%3d1%26codigoRegistro%3d875359%23875359&i=1,orcid.org/0000-0001-7878-4990,sem orcid,orcid.org/0000-0003-3333-6822,,,,,State University of Campinas,6,Joao Meidanis,no info,University of Campinas,sem orcid,sem orcid,Zanoni Dias,Brazil,,,,,,,sem orcid,,,,,,,,,,,,,,,,,,,,,,,,,,,,,2012,,,,,,,,,,,,,,,,,,,,,,,,,,,,,,,,,,,,,,Masculino,sem orcid,Masculino,não anotado,não anotado,não anotado,não anotado
MESTRADO,https://repositorio.unicamp.br/acervo/detalhe/866725?guid=1652466519805&returnUrl=%2fresultado%2flistar%3fguid%3d1652466519805%26quantidadePaginas%3d1%26codigoRegistro%3d866725%23866725&i=1,orcid.org/0000-0002-1756-4852,orcid.org/0000-0001-8264-5811,orcid.org/0000-0001-9772-263X,,,,,Universidade Estadual de Campinas,7,André Santanchè,no info,Universidade Estadual de Campinas,Maria da Graça Campos Pimentel,no info,Ricardo Torres,Netherlands,multimedia retrieval,multimedia classification,,,,,Universidade de São Paulo,,,,,,,,,,,,,machine learning,information visualization,,,,,,data science,,,,,,,,,2012,,,,,,,,,,,,,,,,,,,,,,,,,,,,,,,,,,,,,,Masculino,Feminino,Masculino,não anotado,não anotado,não anotado,não anotado
MESTRADO,https://repositorio.unicamp.br/acervo/detalhe/867041?guid=1652466681594&returnUrl=%2fresultado%2flistar%3fguid%3d1652466681594%26quantidadePaginas%3d1%26codigoRegistro%3d867041%23867041&i=1,sem orcid,sem orcid,orcid.org/0000-0002-9539-6874,,,,,sem orcid,8,sem orcid,sem orcid,Universidade Estadual de Campinas,sem orcid,sem orcid,Sandro Rigo,Brazil,Computer Architecture,Compilers,,,,,sem orcid,,,,,,,,,,,,,Code Optimization,High-Performance Computing,,,,,,,,,,,,,,,2012,,,,,,,,,,,,,,,,,,,,,,,,,,,,,,,,,,,,,,sem orcid,sem orcid,Masculino,não anotado,não anotado,não anotado,não anotado
MESTRADO,https://repositorio.unicamp.br/acervo/detalhe/869588?guid=1652467292928&returnUrl=%2fresultado%2flistar%3fguid%3d1652467292928%26quantidadePaginas%3d1%26codigoRegistro%3d869588%23869588&i=1,orcid.org/0000-0003-1908-4753,sem orcid,orcid.org/0000-0002-1756-4852,,,,,Universidade Estadual de Campinas Instituto de Computação,9,Claudia Medeiros,Brazil,Universidade Estadual de Campinas,sem orcid,sem orcid,André Santanchè,no info,,,Scientific data management, Data interoperability, Open Science,,sem orcid,,,,,,,,,,,,,,,,,,,,,,,,,,,,,2012,,,,,,,,,,,,,,,,,,,,,,,,,,,,,,,,,,,,,,Feminino,sem orcid,Masculino,não anotado,não anotado,não anotado,não anotado
MESTRADO,https://repositorio.unicamp.br/acervo/detalhe/919651?guid=1652467374144&returnUrl=%2fresultado%2flistar%3fguid%3d1652467374144%26quantidadePaginas%3d1%26codigoRegistro%3d919651%23919651&i=1,orcid.org/0000-0003-4290-6508,sem orcid,orcid.org/0000-0001-8309-6367,,,,,no info,10,Eliane Martins,no info,Universidade Estadual de Campinas,sem orcid,sem orcid,Ariadne Carvalho,no info,,,,,,,sem orcid,,,,,,,,,,,,,,,,,,,,,,,,,,,,,2012,,,,,,,,,,,,,,,,,,,,,,,,,,,,,,,,,,,,,,Feminino,sem orcid,Feminino,não anotado,não anotado,não anotado,não anotado
MESTRADO,https://repositorio.unicamp.br/acervo/detalhe/867009?guid=1652467497883&returnUrl=%2fresultado%2flistar%3fguid%3d1652467497883%26quantidadePaginas%3d1%26codigoRegistro%3d867009%23867009&i=7,orcid.org/0000-0002-5945-0845,orcid.org/0000-0003-4804-5788,orcid.org/0000-0002-9529-4253,,,,,Universidade Estadual de Campinas,11,Cid de Souza,Brazil,University of Campinas,Carlos Ferreira,no info,Pedro J. de Rezende,no info,,,Integer Programming,Combinatorial Optimization,Algorithms (design and analysis),Operations Research,University of São Paulo,,,,,,,,,,,,,,,,,,,,,,,,,,,,,2012,,,,,,,,,,,,,,,,,,,,,,,,,,,,,,,,,,,,,,Masculino,Masculino,Masculino,não anotado,não anotado,não anotado,não anotado
MESTRADO,https://repositorio.unicamp.br/acervo/detalhe/895731?guid=1652467603635&returnUrl=%2fresultado%2flistar%3fguid%3d1652467603635%26quantidadePaginas%3d1%26codigoRegistro%3d895731%23895731&i=1,orcid.org/0000-0003-2046-602X,orcid.org/0000-0002-1180-2637,orcid.org/0000-0002-7561-5582,,,,,Universidade Estadual de Campinas,12,Nelson L. S. da Fonseca,no info,no info,Edmundo Madeira,no info,Luciano Gaspary,Brazil,,,,,,,UNICAMP - University of Campinas,,,,,,,,,,,,,,,,,,,,,,,,,,,,,2012,,,,,,,,,,,,,,,,,,,,,,,,,,,,,,,,,,,,,,Masculino,Masculino,Masculino,não anotado,não anotado,não anotado,não anotado
MESTRADO,https://repositorio.unicamp.br/acervo/detalhe/875160?guid=1652468223760&returnUrl=%2fresultado%2flistar%3fguid%3d1652468223760%26quantidadePaginas%3d1%26codigoRegistro%3d875160%23875160&i=1,orcid.org/0000-0002-4236-8212,sem orcid,orcid.org/0000-0001-9772-263X,,,,,Universidade Estadual de Campinas,13,Anderson Rocha,Brazil,Universidade Estadual de Campinas,sem orcid,sem orcid,Ricardo Torres,Netherlands,multimedia retrieval,multimedia classification,Machine Intelligence; Digital Forensics; Reasoning for Complex Data,,,,sem orcid,,,,,,,,,,,,,machine learning,information visualization,,,,,,data science,,,,,,,,,2012,,,,,,,,,,,,,,,,,,,,,,,,,,,,,,,,,,,,,,Masculino,sem orcid,Masculino,não anotado,não anotado,não anotado,não anotado
MESTRADO,https://repositorio.unicamp.br/acervo/detalhe/879248?guid=1652468689144&returnUrl=%2fresultado%2flistar%3fguid%3d1652468689144%26quantidadePaginas%3d1%26codigoRegistro%3d879248%23879248&i=1,orcid.org/0000-0002-1180-2637,orcid.org/0000-0003-2162-6523,orcid.org/0000-0003-2046-602X,,,,,UNICAMP - University of Campinas,14,Edmundo Madeira,no info,Universidade Estadual de Campinas,Eduardo Cerqueira,no info,Nelson L. S. da Fonseca,no info,,,,,,,no info,,,,,,,,,,,,,,,,,,,,,,,,,,,,,2012,,,,,,,,,,,,,,,,,,,,,,,,,,,,,,,,,,,,,,Masculino,Masculino,Masculino,não anotado,não anotado,não anotado,não anotado
MESTRADO,https://repositorio.unicamp.br/acervo/detalhe/911607?guid=1652469138257&returnUrl=%2fresultado%2flistar%3fguid%3d1652469138257%26quantidadePaginas%3d1%26codigoRegistro%3d911607%23911607&i=1,orcid.org/0000-0002-4236-8212,orcid.org/0000-0003-0125-630X,sem orcid,,,,,Universidade Estadual de Campinas,15,Anderson Rocha,Brazil,sem orcid,Helio Pedrini,Brazil,sem orcid,sem orcid,,,Machine Intelligence; Digital Forensics; Reasoning for Complex Data,,,,University of Campinas,,,,,,,,,,,,,,,image and video processing; machine learning; computer vision,,,,,,,,,,,,,,2012,,,,,,,,,,,,,,,,,,,,,,,,,,,,,,,,,,,,,,Masculino,Masculino,sem orcid,não anotado,não anotado,não anotado,não anotado
MESTRADO,https://repositorio.unicamp.br/acervo/detalhe/877881?guid=1652469197177&returnUrl=%2fresultado%2flistar%3fguid%3d1652469197177%26quantidadePaginas%3d1%26codigoRegistro%3d877881%23877881&i=1,orcid.org/0000-0003-4869-5190,orcid.org/0000-0003-1752-6255,orcid.org/0000-0002-8803-0401,,,,,Universidade Estadual de Campinas,16,Guido Araujo,no info,UNICAMP,Mauricio Breternitz,no info,Rodolfo Azevedo,Brazil,,,,,,,Advanced Micro Devices,,,,,,,,,,,,,,,,,,,,,,,,,,,,,2012,,,,,,,,,,,,,,,,,,,,,,,,,,,,,,,,,,,,,,Masculino,Masculino,Masculino,não anotado,não anotado,não anotado,não anotado
MESTRADO,https://repositorio.unicamp.br/acervo/detalhe/900635?guid=1652469233967&returnUrl=%2fresultado%2flistar%3fguid%3d1652469233967%26quantidadePaginas%3d1%26codigoRegistro%3d900635%23900635&i=1,orcid.org/0000-0003-0125-630X,orcid.org/0000-0003-2059-9463,orcid.org/0000-0001-9772-263X,,,,,University of Campinas,17,Helio Pedrini,Brazil,Universidade Estadual de Campinas,Moacir Ponti,no info,Ricardo Torres,Netherlands,multimedia retrieval,multimedia classification,image and video processing; machine learning; computer vision,,,,Universidade de São Paulo,,,,,,,,,,,,,machine learning,information visualization,,,,,,data science,,,,,,,,,2012,,,,,,,,,,,,,,,,,,,,,,,,,,,,,,,,,,,,,,Masculino,Masculino,Masculino,não anotado,não anotado,não anotado,não anotado
MESTRADO,https://repositorio.unicamp.br/acervo/detalhe/902622?guid=1652469274752&returnUrl=%2fresultado%2flistar%3fguid%3d1652469274752%26quantidadePaginas%3d1%26codigoRegistro%3d902622%23902622&i=1,orcid.org/0000-0001-5685-8004,orcid.org/0000-0002-7860-9575,orcid.org/0000-0001-5201-1244,,,,,no info,18,Siome Goldenstein,no info,no info,Edleno Silva de Moura,no info,Jacques Wainer,Brazil,,,,,,,Universidade Federal do Amazonas,,,,,,,,,,,,,,,,,,,,,,,,,,,,,2012,,,,,,,,,,,,,,,,,,,,,,,,,,,,,,,,,,,,,,Masculino,Masculino,Masculino,não anotado,não anotado,não anotado,não anotado
MESTRADO,https://repositorio.unicamp.br/acervo/detalhe/903641?guid=1652469325719&returnUrl=%2fresultado%2flistar%3fguid%3d1652469325719%26quantidadePaginas%3d1%26codigoRegistro%3d903641%23903641&i=1,orcid.org/0000-0001-9772-263X,orcid.org/0000-0003-0804-1790,orcid.org/0000-0003-0683-7672,,,,,Universidade Estadual de Campinas,19,Ricardo Torres,Netherlands,no info,Zenilton Patrocínio Jr,no info,Anamaria Gomide,no info,,,multimedia retrieval,multimedia classification,machine learning,information visualization,Pontifícia Universidade Católica de Minas Gerais,,,,,,,,,,,,,,,,,,,,,,,,,,,,,2012,data science,,,,,,,,,,,,,,,,,,,,,,,,,,,,,,,,,,,,,Masculino,Masculino,Feminino,não anotado,não anotado,não anotado,não anotado
MESTRADO,https://repositorio.unicamp.br/acervo/detalhe/899631?guid=1652469391661&returnUrl=%2fresultado%2flistar%3fguid%3d1652469391661%26quantidadePaginas%3d1%26codigoRegistro%3d899631%23899631&i=1,orcid.org/0000-0001-9772-263X,orcid.org/0000-0001-5295-3514,sem orcid,,,,,Universidade Estadual de Campinas,20,Ricardo Torres,Netherlands,sem orcid,Luiz Camolesi Júnior,no info,sem orcid,sem orcid,,,multimedia retrieval,multimedia classification,machine learning,information visualization,Universidade Estadual de Campinas,,,,,,,,,,,,,,,,,,,,,,,,,,,,,2012,data science,,,,,,,,,,,,,,,,,,,,,,,,,,,,,,,,,,,,,Masculino,Masculino,sem orcid,não anotado,não anotado,não anotado,não anotado
MESTRADO,https://repositorio.unicamp.br/acervo/detalhe/899670?guid=1652469429063&returnUrl=%2fresultado%2flistar%3fguid%3d1652469429063%26quantidadePaginas%3d1%26codigoRegistro%3d899670%23899670&i=1,orcid.org/0000-0002-1756-4852,sem orcid,orcid.org/0000-0002-4830-5298,,,,,Universidade Estadual de Campinas,21,André Santanchè,no info,Universidade Estadual de Campinas,sem orcid,sem orcid,Maria Cecilia Calani Baranauskas,Brazil,HCI,Socially Aware Design,,,,,sem orcid,,,,,,,,,,,,,Organizational Semiotics,Participatory Design,,,,,,,,,,,,,,,2012,,,,,,,,,,,,,,,,,,,,,,,,,,,,,,,,,,,,,,Masculino,sem orcid,Feminino,não anotado,não anotado,não anotado,não anotado
MESTRADO,https://repositorio.unicamp.br/acervo/detalhe/905908?guid=1652469491004&returnUrl=%2fresultado%2flistar%3fguid%3d1652469491004%26quantidadePaginas%3d1%26codigoRegistro%3d905908%23905908&i=1,orcid.org/0000-0002-7002-875X,orcid.org/0000-0001-9242-2806,orcid.org/0000-0002-6731-1482,,,,,University of Campinas,22,Ricardo Dahab,Brazil,no info,Routo Terada,Brazil,Julio Cesar Lopez Hernandez,Mexico,,,Cryptography, Graph Theory,,,Universidade de São Paulo,,,,,,,,,,,,,,,Cryptography,,,,,,,,,,,,,,2012,,,,,,,,,,,,,,,,,,,,,,,,,,,,,,,,,,,,,,Masculino,Masculino,Masculino,não anotado,não anotado,não anotado,não anotado
MESTRADO,https://repositorio.unicamp.br/acervo/detalhe/895763?guid=1652469644342&returnUrl=%2fresultado%2flistar%3fguid%3d1652469644342%26quantidadePaginas%3d1%26codigoRegistro%3d895763%23895763&i=1,orcid.org/0000-0002-1180-2637,sem orcid,orcid.org/0000-0003-2046-602X,,,,,UNICAMP - University of Campinas,23,Edmundo Madeira,no info,Universidade Estadual de Campinas,sem orcid,sem orcid,Nelson L. S. da Fonseca,no info,,,,,,,sem orcid,,,,,,,,,,,,,,,,,,,,,,,,,,,,,2012,,,,,,,,,,,,,,,,,,,,,,,,,,,,,,,,,,,,,,Masculino,sem orcid,Masculino,não anotado,não anotado,não anotado,não anotado
MESTRADO,https://repositorio.unicamp.br/acervo/detalhe/961353?guid=1652469681753&returnUrl=%2fresultado%2flistar%3fguid%3d1652469681753%26quantidadePaginas%3d1%26codigoRegistro%3d961353%23961353&i=1,orcid.org/0000-0003-4290-6508,orcid.org/0000-0003-4549-7105,sem orcid,,,,,no info,24,Eliane Martins,no info,sem orcid,Cecilia Mary Fischer Rubira Rubira,no info,sem orcid,sem orcid,,,,,,,no info,,,,,,,,,,,,,,,,,,,,,,,,,,,,,2012,,,,,,,,,,,,,,,,,,,,,,,,,,,,,,,,,,,,,,Feminino,Feminino,sem orcid,não anotado,não anotado,não anotado,não anotado
MESTRADO,https://repositorio.unicamp.br/acervo/detalhe/900666?guid=1652469743390&returnUrl=%2fresultado%2flistar%3fguid%3d1652469743390%26quantidadePaginas%3d1%26codigoRegistro%3d900666%23900666&i=1,orcid.org/0000-0003-4869-5190,sem orcid,sem orcid,,,,,Universidade Estadual de Campinas,25,Guido Araujo,no info,sem orcid,sem orcid,sem orcid,sem orcid,sem orcid,,,,,,,sem orcid,,,,,,,,,,,,,,,,,,,,,,,,,,,,,2012,,,,,,,,,,,,,,,,,,,,,,,,,,,,,,,,,,,,,,Masculino,sem orcid,sem orcid,não anotado,não anotado,não anotado,não anotado
MESTRADO,https://repositorio.unicamp.br/acervo/detalhe/902330?guid=1652469792501&returnUrl=%2fresultado%2flistar%3fguid%3d1652469792501%26quantidadePaginas%3d1%26codigoRegistro%3d902330%23902330&i=1,orcid.org/0000-0003-4549-7105,orcid.org/0000-0001-8309-6367,sem orcid,,,,,no info,26,Cecilia Mary Fischer Rubira Rubira,no info,sem orcid,Ariadne Carvalho,no info,sem orcid,sem orcid,,,,,,,Universidade Estadual de Campinas,,,,,,,,,,,,,,,,,,,,,,,,,,,,,2012,,,,,,,,,,,,,,,,,,,,,,,,,,,,,,,,,,,,,,Feminino,Feminino,sem orcid,não anotado,não anotado,não anotado,não anotado
MESTRADO,https://repositorio.unicamp.br/acervo/detalhe/895751?guid=1652469857087&returnUrl=%2fresultado%2flistar%3fguid%3d1652469857087%26quantidadePaginas%3d1%26codigoRegistro%3d895751%23895751&i=1,orcid.org/0000-0002-1180-2637,orcid.org/0000-0002-5455-8910,orcid.org/0000-0003-2046-602X,,,,,UNICAMP - University of Campinas,27,Edmundo Madeira,no info,Universidade Estadual de Campinas,Fabio Verdi,Brazil,Nelson L. S. da Fonseca,no info,,,,,,,Federal University of São Carlos,,,,,,,,,,,,,,,Computer Networks, SDN, Cloud computing, monitoring, management,,,,,,,,,,2012,,,,,,,,, virtualizatoin,,,,,,,,,,,,,,,,,,,,,,,,,,,,,Masculino,Masculino,Masculino,não anotado,não anotado,não anotado,não anotado
MESTRADO,https://repositorio.unicamp.br/acervo/detalhe/906029?guid=1652469965872&returnUrl=%2fresultado%2flistar%3fguid%3d1652469965872%26quantidadePaginas%3d1%26codigoRegistro%3d906029%23906029&i=2,orcid.org/0000-0003-4290-6508,orcid.org/0000-0003-0678-4777,orcid.org/0000-0002-6540-8686,,,,,no info,28,Eliane Martins,no info,University of Campinas,Regina Moraes,Brazil,Paulo de Geus,Brazil,Computer Security,,,,,,University of Campinas,,,,,,,,,,,,,,,,,,,,,,,,,,,,,2012,,,,,,,,,,,,,,,,,,,,,,,,,,,,,,,,,,,,,,Feminino,Feminino,Masculino,não anotado,não anotado,não anotado,não anotado
MESTRADO,https://repositorio.unicamp.br/acervo/detalhe/905263?guid=1652470020595&returnUrl=%2fresultado%2flistar%3fguid%3d1652470020595%26quantidadePaginas%3d1%26codigoRegistro%3d905263%23905263&i=1,orcid.org/0000-0002-8803-0401,sem orcid,orcid.org/0000-0003-4869-5190,,,,,UNICAMP,29,Rodolfo Azevedo,Brazil,Universidade Estadual de Campinas,sem orcid,sem orcid,Guido Araujo,no info,,,,,,,sem orcid,,,,,,,,,,,,,,,,,,,,,,,,,,,,,2012,,,,,,,,,,,,,,,,,,,,,,,,,,,,,,,,,,,,,,Masculino,sem orcid,Masculino,não anotado,não anotado,não anotado,não anotado
MESTRADO,https://repositorio.unicamp.br/acervo/detalhe/904579?guid=1652470061760&returnUrl=%2fresultado%2flistar%3fguid%3d1652470061760%26quantidadePaginas%3d1%26codigoRegistro%3d904579%23904579&i=1,orcid.org/0000-0003-4549-7105,sem orcid,orcid.org/0000-0003-4290-6508,,,,,no info,30,Cecilia Mary Fischer Rubira Rubira,no info,no info,sem orcid,sem orcid,Eliane Martins,no info,,,,,,,sem orcid,,,,,,,,,,,,,,,,,,,,,,,,,,,,,2012,,,,,,,,,,,,,,,,,,,,,,,,,,,,,,,,,,,,,,Feminino,sem orcid,Feminino,não anotado,não anotado,não anotado,não anotado
MESTRADO,https://repositorio.unicamp.br/acervo/detalhe/908148?guid=1652470113178&returnUrl=%2fresultado%2flistar%3fguid%3d1652470113178%26quantidadePaginas%3d1%26codigoRegistro%3d908148%23908148&i=11,orcid.org/0000-0002-8803-0401,sem orcid,orcid.org/0000-0002-9539-6874,,,,,UNICAMP,31,Rodolfo Azevedo,Brazil,Universidade Estadual de Campinas,sem orcid,sem orcid,Sandro Rigo,Brazil,Computer Architecture,Compilers,,,,,sem orcid,,,,,,,,,,,,,Code Optimization,High-Performance Computing,,,,,,,,,,,,,,,2012,,,,,,,,,,,,,,,,,,,,,,,,,,,,,,,,,,,,,,Masculino,sem orcid,Masculino,não anotado,não anotado,não anotado,não anotado
MESTRADO,https://repositorio.unicamp.br/acervo/detalhe/901703?guid=1652470188424&returnUrl=%2fresultado%2flistar%3fguid%3d1652470188424%26quantidadePaginas%3d1%26codigoRegistro%3d901703%23901703&i=1,orcid.org/0000-0003-3333-6822,orcid.org/0000-0001-6822-931X,orcid.org/0000-0003-2608-4807,,,,,University of Campinas,32,Zanoni Dias,Brazil,Universidade Estadual de Campinas,Maria Emilia Walter,Brazil,Guilherme P. Telles,Brazil,,,,,,,University of Brasilia,,,,,,,,,,,,,,,bioinformatics, non-coding RNAs, genomics, transcriptomics, genome rearrangements,,,,,,,,,,2012,,,,,,,,,,,,,,,,,,,,,,,,,,,,,,,,,,,,,,Masculino,Feminino,Masculino,não anotado,não anotado,não anotado,não anotado
MESTRADO,https://repositorio.unicamp.br/acervo/detalhe/901716?guid=1652470224644&returnUrl=%2fresultado%2flistar%3fguid%3d1652470224644%26quantidadePaginas%3d1%26codigoRegistro%3d901716%23901716&i=1,orcid.org/0000-0003-3333-6822,orcid.org/0000-0001-6822-931X,orcid.org/0000-0001-7878-4990,,,,,University of Campinas,33,Zanoni Dias,Brazil,State University of Campinas,Maria Emilia Walter,Brazil,Joao Meidanis,no info,,,,,,,University of Brasilia,,,,,,,,,,,,,,,bioinformatics, non-coding RNAs, genomics, transcriptomics, genome rearrangements,,,,,,,,,,2012,,,,,,,,,,,,,,,,,,,,,,,,,,,,,,,,,,,,,,Masculino,Feminino,Masculino,não anotado,não anotado,não anotado,não anotado
DOUTORADO,https://repositorio.unicamp.br/acervo/detalhe/855551?guid=1652470287191&returnUrl=%2fresultado%2flistar%3fguid%3d1652470287191%26quantidadePaginas%3d1%26codigoRegistro%3d855551%23855551&i=1,orcid.org/0000-0003-3333-6822,orcid.org/0000-0001-9174-2816,orcid.org/0000-0001-5615-1746,orcid.org/0000-0001-7878-4990,orcid.org/0000-0003-2608-4807,,,University of Campinas,34,Zanoni Dias,Brazil,Universidade Federal de Mato Grosso do Sul,Joao C. Setubal,no info,Nalvo F Almeida,Brazil,,,,,,,Universidade de Sao Paulo,Universidade Estadual de Campinas,,Joao Meidanis,no info,,,,,State University of Campinas,Guilherme P. Telles,Brazil,,,,Bioinformatics, Genomics, Metagenomics, Microbiomes, Transcriptomics,,,,,,,,,,2012,,,,,,,,, Computational Biology,,,,,,,,,,,,,,,,,,,,,,,,,,,,,Masculino,Masculino,Masculino,Masculino,Masculino,não anotado,não anotado
DOUTORADO,https://repositorio.unicamp.br/acervo/detalhe/854836?guid=1652470373494&returnUrl=%2fresultado%2flistar%3fguid%3d1652470373494%26quantidadePaginas%3d1%26codigoRegistro%3d854836%23854836&i=1,orcid.org/0000-0002-3159-4839,sem orcid,orcid.org/0000-0001-6574-341X,sem orcid,sem orcid,,,State University of Campinas,35,Jorge Stolfi,no info,no info,sem orcid,sem orcid,Arnaldo  De Albuquerque Araujo ,no info,,,,,,,sem orcid,sem orcid,,sem orcid,sem orcid,,,,,sem orcid,sem orcid,sem orcid,,,,,,,,,,,,,,,,,,2012,,,,,,,,,,,,,,,,,,,,,,,,,,,,,,,,,,,,,,Masculino,sem orcid,Masculino,sem orcid,sem orcid,não anotado,não anotado
DOUTORADO,https://repositorio.unicamp.br/acervo/detalhe/854855?guid=1652470417801&returnUrl=%2fresultado%2flistar%3fguid%3d1652470417801%26quantidadePaginas%3d1%26codigoRegistro%3d854855%23854855&i=1,sem orcid,orcid.org/0000-0002-6393-0876,orcid.org/0000-0001-9924-0079,orcid.org/0000-0002-3159-4839,orcid.org/0000-0003-4462-3325,,,sem orcid,36,sem orcid,sem orcid,no info,Celina Miraglia Herrera de Figueiredo,Brazil,Fabio Protti,no info,,,,,,,no info,University of Campinas,,Jorge Stolfi,no info,,,,,State University of Campinas,Orlando Lee,no info,,,,,,,,,,,,,,,,,,2012,,,,,,,,,,,,,,,,,,,,,,,,,,,,,,,,,,,,,,sem orcid,Feminino,Masculino,Masculino,Masculino,não anotado,não anotado
DOUTORADO,https://repositorio.unicamp.br/acervo/detalhe/873219?guid=1652470478971&returnUrl=%2fresultado%2flistar%3fguid%3d1652470478971%26quantidadePaginas%3d1%26codigoRegistro%3d873219%23873219&i=1,orcid.org/0000-0002-3159-4839,sem orcid,orcid.org/0000-0003-1574-0362,orcid.org/0000-0003-0125-630X,orcid.org/0000-0003-0683-7672,,,State University of Campinas,37,Jorge Stolfi,no info,Instituto Tecnológico de Aeronáutica,sem orcid,sem orcid,Cesar Marcondes,Brazil,,,,,,,sem orcid,no info,,Helio Pedrini,Brazil,,,,,University of Campinas,Anamaria Gomide,no info,,,,,,,,,,image and video processing; machine learning; computer vision,,,,,,,,2012,,,,,,,,,,,,,,,,,,,,,,,,,,,,,,,,,,,,,,Masculino,sem orcid,Masculino,Masculino,Feminino,não anotado,não anotado
DOUTORADO,https://repositorio.unicamp.br/acervo/detalhe/869220?guid=1652470505370&returnUrl=%2fresultado%2flistar%3fguid%3d1652470505370%26quantidadePaginas%3d1%26codigoRegistro%3d869220%23869220&i=1,orcid.org/0000-0001-9772-263X,orcid.org/0000-0003-2430-2030,orcid.org/0000-0001-8318-1780,orcid.org/0000-0002-1941-6036,orcid.org/0000-0002-1756-4852,,,Universidade Estadual de Campinas,38,Ricardo Torres,Netherlands,no info,David Menotti,no info,Jose F Rodrigues Jr,Brazil,information visualization,visualization,multimedia retrieval,multimedia classification,machine learning,information visualization,Universidade Federal do Paraná,Universidade Estadual de Campinas,,Marco Antonio Garcia de Carvalho,Brazil,,,,,Universidade Estadual de Campinas,André Santanchè,no info,,infovis,databases,,,,,,data mining,image segmentation,graphs,image processing,,,,,,2012,data science,,,,,,digital education,pattern recognition,,,data analysis,graph mining,graph analysis,,,,,,,,,,,,,,,,,,,,,,,,,Masculino,Masculino,Masculino,Masculino,Masculino,não anotado,não anotado
DOUTORADO,https://repositorio.unicamp.br/acervo/detalhe/866787?guid=1652470564649&returnUrl=%2fresultado%2flistar%3fguid%3d1652470564649%26quantidadePaginas%3d1%26codigoRegistro%3d866787%23866787&i=1,sem orcid,orcid.org/0000-0003-0683-7672,sem orcid,orcid.org/0000-0002-6560-6965,sem orcid,,,sem orcid,39,sem orcid,sem orcid,sem orcid,Anamaria Gomide,no info,sem orcid,sem orcid,,,,,,,no info,sem orcid,,Eduardo Hideki Tanaka,Brazil,,,,,Instituto Eldorado,sem orcid,sem orcid,,,,,,,,,,,,,,,,,,2012,,,,,,,,,,,,,,,,,,,,,,,,,,,,,,,,,,,,,,sem orcid,Feminino,sem orcid,Masculino,sem orcid,não anotado,não anotado
DOUTORADO,https://repositorio.unicamp.br/acervo/detalhe/877154?guid=1652470640870&returnUrl=%2fresultado%2flistar%3fguid%3d1652470640870%26quantidadePaginas%3d1%26codigoRegistro%3d877154%23877154&i=1,orcid.org/0000-0003-4549-7105,sem orcid,sem orcid,orcid.org/0000-0003-4290-6508,orcid.org/0000-0003-4832-9318,,,no info,40,Cecilia Mary Fischer Rubira Rubira,no info,sem orcid,sem orcid,sem orcid,sem orcid,sem orcid,,,,,,,sem orcid,Universidade Estadual de Campinas,,Eliane Martins,no info,,,,,no info,Ivan Luiz Marques Ricarte,Brazil,,,,,,,,,,,,,,,,,,2012,,,,,,,,,,,,,,,,,,,,,,,,,,,,,,,,,,,,,,Feminino,sem orcid,sem orcid,Feminino,Masculino,não anotado,não anotado
DOUTORADO,https://repositorio.unicamp.br/acervo/detalhe/896594?guid=1652475291332&returnUrl=%2fresultado%2flistar%3fguid%3d1652475291332%26quantidadePaginas%3d1%26codigoRegistro%3d896594%23896594&i=1,orcid.org/0000-0002-7002-875X,sem orcid,sem orcid,orcid.org/0000-0001-9241-2229,orcid.org/0000-0002-9539-6874,,,University of Campinas,41,Ricardo Dahab,Brazil,sem orcid,sem orcid,sem orcid,sem orcid,sem orcid,,,Cryptography, Graph Theory,,,sem orcid,Universidade Estadual de Campinas,,Marco A. Amaral Henriques,no info,,,,,University of Campinas,Sandro Rigo,Brazil,,,,,,,,,,,,,Computer Architecture,Compilers,Code Optimization,High-Performance Computing,,2012,,,,,,,,,,,,,,,,,,,,,,,,,,,,,,,,,,,,,,Masculino,sem orcid,sem orcid,Masculino,Masculino,não anotado,não anotado
DOUTORADO,https://repositorio.unicamp.br/acervo/detalhe/905271?guid=1652475538310&returnUrl=%2fresultado%2flistar%3fguid%3d1652475538310%26quantidadePaginas%3d1%26codigoRegistro%3d905271%23905271&i=1,orcid.org/0000-0003-4869-5190,orcid.org/0000-0002-4534-1250,orcid.org/0000-0002-9539-6874,orcid.org/0000-0003-3888-7340,orcid.org/0000-0002-3823-8941,,,Universidade Estadual de Campinas,42,Guido Araujo,no info,Universidade Estadual de Campinas,Nicolas Maillard,no info,Sandro Rigo,Brazil,Computer Architecture,Compilers,,,,,no info,University of Campinas,,Fabio Kon,Brazil,,,,,University of São Paulo,Luiz Eduardo Buzato,Brazil,,Code Optimization,High-Performance Computing,,,,,,,Smart Cities, Software Development, Open Source,distributed systems,distributed algorithms,fault tolerance,,,2012,,,,,,, Agile Development, Middleware,,,,,,,,,,,,,,,,,,,,,,,,,,,,,,Masculino,Masculino,Masculino,Masculino,Masculino,não anotado,não anotado
DOUTORADO,https://repositorio.unicamp.br/acervo/detalhe/898838?guid=1652475572409&returnUrl=%2fresultado%2flistar%3fguid%3d1652475572409%26quantidadePaginas%3d1%26codigoRegistro%3d898838%23898838&i=1,orcid.org/0000-0002-1180-2637,sem orcid,sem orcid,sem orcid,orcid.org/0000-0001-6305-9059,,,UNICAMP - University of Campinas,43,Edmundo Madeira,no info,sem orcid,sem orcid,sem orcid,sem orcid,sem orcid,,,,,,,sem orcid,Universidade Estadual de Campinas,,sem orcid,sem orcid,,,,,sem orcid,Luiz Fernando Bittencourt,no info,,,,,,,,,,,,,,,,,,2012,,,,,,,,,,,,,,,,,,,,,,,,,,,,,,,,,,,,,,Masculino,sem orcid,sem orcid,sem orcid,Masculino,não anotado,não anotado
DOUTORADO,https://repositorio.unicamp.br/acervo/detalhe/896641?guid=1652475612682&returnUrl=%2fresultado%2flistar%3fguid%3d1652475612682%26quantidadePaginas%3d1%26codigoRegistro%3d896641%23896641&i=1,orcid.org/0000-0002-4830-5298,orcid.org/0000-0003-4290-6508,orcid.org/0000-0002-1756-4852,sem orcid,sem orcid,,,Universidade Estadual de Campinas,44,Maria Cecilia Calani Baranauskas,Brazil,Universidade Estadual de Campinas,Eliane Martins,no info,André Santanchè,no info,,,HCI,Socially Aware Design,Organizational Semiotics,Participatory Design,no info,sem orcid,,sem orcid,sem orcid,,,,,sem orcid,sem orcid,sem orcid,,,,,,,,,,,,,,,,,,2012,,,,,,,,,,,,,,,,,,,,,,,,,,,,,,,,,,,,,,Feminino,Feminino,Masculino,sem orcid,sem orcid,não anotado,não anotado
DOUTORADO,https://repositorio.unicamp.br/acervo/detalhe/896588?guid=1652475651921&returnUrl=%2fresultado%2flistar%3fguid%3d1652475651921%26quantidadePaginas%3d1%26codigoRegistro%3d896588%23896588&i=1,orcid.org/0000-0001-7878-4990,orcid.org/0000-0002-6393-0876,sem orcid,orcid.org/0000-0001-8002-7075,orcid.org/0000-0003-3333-6822,,,State University of Campinas,45,Joao Meidanis,no info,sem orcid,Celina Miraglia Herrera de Figueiredo,Brazil,sem orcid,sem orcid,,,,,,,no info,University of Campinas,,João Frederico da C. A. Meyer,Brazil,,,,,Universidade Estadual de Campinas,Zanoni Dias,Brazil,,,,,,,,,,Mathematical Ecology,Biomathematics,Mathematical Modelling,,,,,,2012,,,,,,,Numerical Analysis,,,,,,,,,,,,,,,,,,,,,,,,,,,,,,,Masculino,Feminino,sem orcid,Masculino,Masculino,não anotado,não anotado
DOUTORADO,https://repositorio.unicamp.br/acervo/detalhe/902322?guid=1652475683215&returnUrl=%2fresultado%2flistar%3fguid%3d1652475683215%26quantidadePaginas%3d1%26codigoRegistro%3d902322%23902322&i=1,orcid.org/0000-0001-5685-8004,orcid.org/0000-0002-4236-8212,orcid.org/0000-0003-0125-630X,sem orcid,sem orcid,,,no info,46,Siome Goldenstein,no info,University of Campinas,Anderson Rocha,Brazil,Helio Pedrini,Brazil,image and video processing; machine learning; computer vision,,,,,,Universidade Estadual de Campinas,sem orcid,,sem orcid,sem orcid,,,,,sem orcid,sem orcid,sem orcid,,,,Machine Intelligence; Digital Forensics; Reasoning for Complex Data,,,,,,,,,,,,,,2012,,,,,,,,,,,,,,,,,,,,,,,,,,,,,,,,,,,,,,Masculino,Masculino,Masculino,sem orcid,sem orcid,não anotado,não anotado
DOUTORADO,https://repositorio.unicamp.br/acervo/detalhe/897108?guid=1652475721793&returnUrl=%2fresultado%2flistar%3fguid%3d1652475721793%26quantidadePaginas%3d1%26codigoRegistro%3d897108%23897108&i=1,sem orcid,orcid.org/0000-0002-4059-8700,orcid.org/0000-0002-6560-6965,orcid.org/0000-0001-6112-892X,orcid.org/0000-0002-1180-2637,,,sem orcid,47,sem orcid,sem orcid,Instituto Eldorado,Vânia Paula de Almeida Neris,no info,Eduardo Hideki Tanaka,Brazil,,,,,,,Federal University of São Carlos,UNICAMP - University of Campinas,,Celmar Guimarães da Silva,Brazil,,,,,Universidade Estadual de Campinas,Edmundo Madeira,no info,,,,,,,,,,Information Visualization; Human-Computer Interaction,,,,,,,,2012,,,,,,,,,,,,,,,,,,,,,,,,,,,,,,,,,,,,,,sem orcid,Feminino,Masculino,Masculino,Masculino,não anotado,não anotado
DOUTORADO,https://repositorio.unicamp.br/acervo/detalhe/897591?guid=1652475768035&returnUrl=%2fresultado%2flistar%3fguid%3d1652475768035%26quantidadePaginas%3d1%26codigoRegistro%3d897591%23897591&i=1,sem orcid,orcid.org/0000-0001-8309-6367,sem orcid,orcid.org/0000-0002-6560-6965,sem orcid,,,sem orcid,48,sem orcid,sem orcid,sem orcid,Ariadne Carvalho,no info,sem orcid,sem orcid,,,,,,,Universidade Estadual de Campinas,sem orcid,,Eduardo Hideki Tanaka,Brazil,,,,,Instituto Eldorado,sem orcid,sem orcid,,,,,,,,,,,,,,,,,,2012,,,,,,,,,,,,,,,,,,,,,,,,,,,,,,,,,,,,,,sem orcid,Feminino,sem orcid,Masculino,sem orcid,não anotado,não anotado
DOUTORADO,https://repositorio.unicamp.br/acervo/detalhe/903072?guid=1652475800205&returnUrl=%2fresultado%2flistar%3fguid%3d1652475800205%26quantidadePaginas%3d1%26codigoRegistro%3d903072%23903072&i=1,orcid.org/0000-0001-9772-263X,orcid.org/0000-0003-4929-7258,orcid.org/0000-0002-2075-3363,orcid.org/0000-0003-0125-630X,orcid.org/0000-0001-5685-8004,,,Universidade Estadual de Campinas,49,Ricardo Torres,Netherlands,Universidade Federal de Minas Gerais,Agma Traina,no info,Marcos André Gonçalves,no info,,,multimedia retrieval,multimedia classification,machine learning,information visualization,Universidade de São Paulo Instituto de Ciências Matemáticas e de Computação,no info,,Helio Pedrini,Brazil,,,,,University of Campinas,Siome Goldenstein,no info,,,,,,,,,,image and video processing; machine learning; computer vision,,,,,,,,2012,data science,,,,,,,,,,,,,,,,,,,,,,,,,,,,,,,,,,,,,Masculino,Feminino,Masculino,Masculino,Masculino,não anotado,não anotado
DOUTORADO,https://repositorio.unicamp.br/acervo/detalhe/904617?guid=1652475835679&returnUrl=%2fresultado%2flistar%3fguid%3d1652475835679%26quantidadePaginas%3d1%26codigoRegistro%3d904617%23904617&i=1,orcid.org/0000-0001-5685-8004,orcid.org/0000-0003-2608-4807,orcid.org/0000-0002-6471-4710,orcid.org/0000-0002-3897-3356,sem orcid,,,no info,50,Siome Goldenstein,no info,Universidade Estadual de Campinas,Guilherme P. Telles,Brazil,Aurelio Oliveira,no info,,,,,,,Universidade Estadual de Campinas,sem orcid,,Nelson Maculan,no info,,,,,Federal University of Rio de Janeiro,sem orcid,sem orcid,,,,,,,,,,,,,,,,,,2012,,,,,,,,,,,,,,,,,,,,,,,,,,,,,,,,,,,,,,Masculino,Masculino,Masculino,Masculino,sem orcid,não anotado,não anotado
DOUTORADO,https://repositorio.unicamp.br/acervo/detalhe/903638?guid=1652475873272&returnUrl=%2fresultado%2flistar%3fguid%3d1652475873272%26quantidadePaginas%3d1%26codigoRegistro%3d903638%23903638&i=1,orcid.org/0000-0003-1908-4753,orcid.org/0000-0001-8309-6367,orcid.org/0000-0002-1756-4852,sem orcid,orcid.org/0000-0003-4262-5474,,,Universidade Estadual de Campinas Instituto de Computação,51,Claudia Medeiros,Brazil,Universidade Estadual de Campinas,Ariadne Carvalho,no info,André Santanchè,no info,,,Scientific data management, Data interoperability, Open Science,,Universidade Estadual de Campinas,Universidade Federal de Santa Catarina,,sem orcid,sem orcid,,,,,sem orcid,RONALDO DOS SANTOS MELLO,no info,,,,,,,,,,,,,,,,,,2012,,,,,,,,,,,,,,,,,,,,,,,,,,,,,,,,,,,,,,Feminino,Feminino,Masculino,sem orcid,Masculino,não anotado,não anotado
DOUTORADO,https://repositorio.unicamp.br/acervo/detalhe/904607?guid=1652475906311&returnUrl=%2fresultado%2flistar%3fguid%3d1652475906311%26quantidadePaginas%3d1%26codigoRegistro%3d904607%23904607&i=1,orcid.org/0000-0003-4290-6508,orcid.org/0000-0001-5103-8541,sem orcid,orcid.org/0000-0003-2608-4807,sem orcid,,,no info,52,Eliane Martins,no info,sem orcid,Marco Vieira,Portugal,sem orcid,sem orcid,,,,,,,University of Coimbra,sem orcid,,Guilherme P. Telles,Brazil,,,,,Universidade Estadual de Campinas,sem orcid,sem orcid,,,,Dependability, Security, Software Engineering, Web Services, Databases,,,,,,,,,,2012,,,,,,,,,,,,,,,,,,,,,,,,,,,,,,,,,,,,,,Feminino,Masculino,sem orcid,Masculino,sem orcid,não anotado,não anotado
DOUTORADO,https://repositorio.unicamp.br/acervo/detalhe/901718?guid=1652475960724&returnUrl=%2fresultado%2flistar%3fguid%3d1652475960724%26quantidadePaginas%3d1%26codigoRegistro%3d901718%23901718&i=2,orcid.org/0000-0002-4236-8212,orcid.org/0000-0001-5426-7083,orcid.org/0000-0002-6494-7514,orcid.org/0000-0002-0108-7246,orcid.org/0000-0001-5201-1244,,,Universidade Estadual de Campinas,53,Anderson Rocha,Brazil,no info,Milton Shoiti Misuta,no info,João Paulo Papa,no info,machine learning, image processing,Machine Intelligence; Digital Forensics; Reasoning for Complex Data,,,,Universidade Estadual de Campinas,no info,,Felipe Moura,no info,,,,,State University of Londrina ,Jacques Wainer,Brazil,, computervision, meta-heuristics,,,,,,,,,,,,,,,2012,,,,,,,,,,,,,,,,,,,,,,,,,,,,,,,,,,,,,,Masculino,Masculino,Masculino,Masculino,Masculino,não anotado,não anotado
DOUTORADO,https://repositorio.unicamp.br/acervo/detalhe/907208?guid=1652476078609&returnUrl=%2fresultado%2flistar%3fguid%3d1652476078609%26quantidadePaginas%3d1%26codigoRegistro%3d907208%23907208&i=5,orcid.org/0000-0002-4830-5298,sem orcid,orcid.org/0000-0003-3441-0887,orcid.org/0000-0001-8309-6367,sem orcid,,,Universidade Estadual de Campinas,54,Maria Cecilia Calani Baranauskas,Brazil,Centro de Tecnologia da Informação Renato Archer,sem orcid,sem orcid,Rodrigo Bonacin,no info,,,HCI,Socially Aware Design,Organizational Semiotics,Participatory Design,sem orcid,sem orcid,,Ariadne Carvalho,no info,,,,,Universidade Estadual de Campinas,sem orcid,sem orcid,,,,,,,,,,,,,,,,,,2012,,,,,,,,,,,,,,,,,,,,,,,,,,,,,,,,,,,,,,Feminino,sem orcid,Masculino,Feminino,sem orcid,não anotado,não anotado
MESTRADO,https://repositorio.unicamp.br/acervo/detalhe/901712?guid=1652476434194&returnUrl=%2fresultado%2flistar%3fguid%3d1652476434194%26quantidadePaginas%3d1%26codigoRegistro%3d901712%23901712&i=1,orcid.org/0000-0003-0125-630X,orcid.org/0000-0002-4252-3710,orcid.org/0000-0002-3159-4839,,,,,University of Campinas,0,Helio Pedrini,Brazil,State University of Campinas,Jair Donadelli,no info,Jorge Stolfi,no info,,,image and video processing; machine learning; computer vision,,,,no info,,,,,,,,,,,,,,,,,,,,,,,,,,,,,2013,,,,,,,,,,,,,,,,,,,,,,,,,,,,,,,,,,,,,,Masculino,Masculino,Masculino,não anotado,não anotado,não anotado,não anotado
MESTRADO,https://repositorio.unicamp.br/acervo/detalhe/903661?guid=1652476482335&returnUrl=%2fresultado%2flistar%3fguid%3d1652476482335%26quantidadePaginas%3d1%26codigoRegistro%3d903661%23903661&i=1,orcid.org/0000-0002-1180-2637,orcid.org/0000-0003-2046-602X,sem orcid,,,,,UNICAMP - University of Campinas,1,Edmundo Madeira,no info,sem orcid,Nelson L. S. da Fonseca,no info,sem orcid,sem orcid,,,,,,,Universidade Estadual de Campinas,,,,,,,,,,,,,,,,,,,,,,,,,,,,,2013,,,,,,,,,,,,,,,,,,,,,,,,,,,,,,,,,,,,,,Masculino,Masculino,sem orcid,não anotado,não anotado,não anotado,não anotado
MESTRADO,https://repositorio.unicamp.br/acervo/detalhe/909121?guid=1652476505987&returnUrl=%2fresultado%2flistar%3fguid%3d1652476505987%26quantidadePaginas%3d1%26codigoRegistro%3d909121%23909121&i=4,orcid.org/0000-0002-6023-5982,orcid.org/0000-0001-5746-4154,orcid.org/0000-0002-3823-8941,,,,,University of Campinas,2,Islene Calciolari Garcia,no info,University of Campinas,Alfredo Goldman,no info,Luiz Eduardo Buzato,Brazil,distributed systems,distributed algorithms,,,,,no info,,,,,,,,,,,,,fault tolerance,,,,,,,,,,,,,,,,2013,,,,,,,,,,,,,,,,,,,,,,,,,,,,,,,,,,,,,,Feminino,Masculino,Masculino,não anotado,não anotado,não anotado,não anotado
MESTRADO,https://repositorio.unicamp.br/acervo/detalhe/906902?guid=1652476543684&returnUrl=%2fresultado%2flistar%3fguid%3d1652476543684%26quantidadePaginas%3d1%26codigoRegistro%3d906902%23906902&i=1,orcid.org/0000-0003-4462-3325,orcid.org/0000-0002-1067-6421,orcid.org/0000-0002-5259-2859,,,,,University of Campinas,3,Orlando Lee,no info,University of Sao Paulo,Flávio K. Miyazawa,no info,Cristina G. Fernandes,no info,approximation algorithms,,,,,,no info,,,,,,,,,,,,,,,,,,,,,,,,,,,,,2013,,,,,,,,,,,,,,,,,,,,,,,,,,,,,,,,,,,,,,Masculino,Masculino,Feminino,não anotado,não anotado,não anotado,não anotado
MESTRADO,https://repositorio.unicamp.br/acervo/detalhe/905255?guid=1652476580505&returnUrl=%2fresultado%2flistar%3fguid%3d1652476580505%26quantidadePaginas%3d1%26codigoRegistro%3d905255%23905255&i=1,orcid.org/0000-0002-3823-8941,sem orcid,orcid.org/0000-0002-1180-2637,,,,,University of Campinas,4,Luiz Eduardo Buzato,Brazil,UNICAMP - University of Campinas,sem orcid,sem orcid,Edmundo Madeira,no info,,,distributed systems,distributed algorithms,fault tolerance,,sem orcid,,,,,,,,,,,,,,,,,,,,,,,,,,,,,2013,,,,,,,,,,,,,,,,,,,,,,,,,,,,,,,,,,,,,,Masculino,sem orcid,Masculino,não anotado,não anotado,não anotado,não anotado
MESTRADO,https://repositorio.unicamp.br/acervo/detalhe/906006?guid=1652476672092&returnUrl=%2fresultado%2flistar%3fguid%3d1652476672092%26quantidadePaginas%3d1%26codigoRegistro%3d906006%23906006&i=2,orcid.org/0000-0003-4869-5190,sem orcid,orcid.org/0000-0002-8803-0401,,,,,Universidade Estadual de Campinas,5,Guido Araujo,no info,UNICAMP,sem orcid,sem orcid,Rodolfo Azevedo,Brazil,,,,,,,sem orcid,,,,,,,,,,,,,,,,,,,,,,,,,,,,,2013,,,,,,,,,,,,,,,,,,,,,,,,,,,,,,,,,,,,,,Masculino,sem orcid,Masculino,não anotado,não anotado,não anotado,não anotado
MESTRADO,https://repositorio.unicamp.br/acervo/detalhe/904588?guid=1652476732635&returnUrl=%2fresultado%2flistar%3fguid%3d1652476732635%26quantidadePaginas%3d1%26codigoRegistro%3d904588%23904588&i=1,orcid.org/0000-0003-1908-4753,orcid.org/0000-0003-4290-6508,orcid.org/0000-0003-4890-1548,,,,,Universidade Estadual de Campinas Instituto de Computação,6,Claudia Medeiros,Brazil,Universidade de São Paulo,Eliane Martins,no info,"Digiampietri, L.A. ; Digiampietri, L. ; Digiampietri, Luciano ; Digiampietri, Luciano Antonio",Brazil, Bioinformatics, Workflow Management,Scientific data management, Data interoperability, Open Science,,no info,,,,,,,,,,,,,Social Network Analysis,,,,,,,,,,,,,,,,2013,,,,,,,,,,,,,,,,,,,,,,,,,,,,,,,,,,,,,,Feminino,Feminino,Masculino,não anotado,não anotado,não anotado,não anotado
MESTRADO,https://repositorio.unicamp.br/acervo/detalhe/909740?guid=1652476857602&returnUrl=%2fresultado%2flistar%3fguid%3d1652476857602%26quantidadePaginas%3d1%26codigoRegistro%3d909740%23909740&i=1,orcid.org/0000-0001-5201-1244,orcid.org/0000-0002-6871-8428,orcid.org/0000-0001-5685-8004,,,,,no info,7,Jacques Wainer,Brazil,no info,ester dal poz,no info,Siome Goldenstein,no info,,,,,,,no info,,,,,,,,,,,,,,,,,,,,,,,,,,,,,2013,,,,,,,,,,,,,,,,,,,,,,,,,,,,,,,,,,,,,,Masculino,Feminino,Masculino,não anotado,não anotado,não anotado,não anotado
MESTRADO,https://repositorio.unicamp.br/acervo/detalhe/910848?guid=1652476900074&returnUrl=%2fresultado%2flistar%3fguid%3d1652476900074%26quantidadePaginas%3d1%26codigoRegistro%3d910848%23910848&i=1,orcid.org/0000-0002-1067-6421,sem orcid,orcid.org/0000-0003-4462-3325,,,,,no info,8,Flávio K. Miyazawa,no info,University of Campinas,sem orcid,sem orcid,Orlando Lee,no info,,,,,,,sem orcid,,,,,,,,,,,,,,,,,,,,,,,,,,,,,2013,,,,,,,,,,,,,,,,,,,,,,,,,,,,,,,,,,,,,,Masculino,sem orcid,Masculino,não anotado,não anotado,não anotado,não anotado
MESTRADO,https://repositorio.unicamp.br/acervo/detalhe/913827?guid=1652476955862&returnUrl=%2fresultado%2flistar%3fguid%3d1652476955862%26quantidadePaginas%3d1%26codigoRegistro%3d913827%23913827&i=1,orcid.org/0000-0003-4869-5190,orcid.org/0000-0002-0375-1657,orcid.org/0000-0002-9539-6874,,,,,Universidade Estadual de Campinas,9,Guido Araujo,no info,Universidade Estadual de Campinas,Fernando Magno Quintão Pereira,Brazil,Sandro Rigo,Brazil,Computer Architecture,Compilers,,,,,Universidade Federal de Minas Gerais,,,,,,,,,,,,,Code Optimization,High-Performance Computing,Compilers, Programming Languages,,,,,,,,,,,,,2013,,,,,,,,,,,,,,,,,,,,,,,,,,,,,,,,,,,,,,Masculino,Masculino,Masculino,não anotado,não anotado,não anotado,não anotado
MESTRADO,https://repositorio.unicamp.br/acervo/detalhe/910355?guid=1652477003957&returnUrl=%2fresultado%2flistar%3fguid%3d1652477003957%26quantidadePaginas%3d1%26codigoRegistro%3d910355%23910355&i=1,orcid.org/0000-0003-3333-6822,orcid.org/0000-0001-9174-2816,sem orcid,,,,,University of Campinas,10,Zanoni Dias,Brazil,sem orcid,Joao C. Setubal,no info,sem orcid,sem orcid,,,,,,,Universidade de Sao Paulo,,,,,,,,,,,,,,,Bioinformatics, Genomics, Metagenomics, Microbiomes, Transcriptomics,,,,,,,,,,2013,,,,,,,,, Computational Biology,,,,,,,,,,,,,,,,,,,,,,,,,,,,,Masculino,Masculino,sem orcid,não anotado,não anotado,não anotado,não anotado
MESTRADO,https://repositorio.unicamp.br/acervo/detalhe/918342?guid=1652477047539&returnUrl=%2fresultado%2flistar%3fguid%3d1652477047539%26quantidadePaginas%3d1%26codigoRegistro%3d918342%23918342&i=2,orcid.org/0000-0002-6540-8686,orcid.org/0000-0002-7002-875X,orcid.org/0000-0003-2592-3664,,,,,University of Campinas,11,Paulo de Geus,Brazil,Universidade Tecnológica Federal do Paraná,Ricardo Dahab,Brazil,Carlos Maziero,Brazil,Operating Systems,Computer Security,Computer Security,,,,University of Campinas,,,,,,,,,,,,,Distributed Systems,,Cryptography, Graph Theory,,,,,,,,,,,,,2013,,,,,,,,,,,,,,,,,,,,,,,,,,,,,,,,,,,,,,Masculino,Masculino,Masculino,não anotado,não anotado,não anotado,não anotado
MESTRADO,https://repositorio.unicamp.br/acervo/detalhe/912564?guid=1652477146079&returnUrl=%2fresultado%2flistar%3fguid%3d1652477146079%26quantidadePaginas%3d1%26codigoRegistro%3d912564%23912564&i=5,orcid.org/0000-0003-4549-7105,orcid.org/0000-0003-0678-4777,orcid.org/0000-0003-4290-6508,,,,,no info,12,Cecilia Mary Fischer Rubira Rubira,no info,no info,Regina Moraes,Brazil,Eliane Martins,no info,,,,,,,University of Campinas,,,,,,,,,,,,,,,,,,,,,,,,,,,,,2013,,,,,,,,,,,,,,,,,,,,,,,,,,,,,,,,,,,,,,Feminino,Feminino,Feminino,não anotado,não anotado,não anotado,não anotado
MESTRADO,https://repositorio.unicamp.br/acervo/detalhe/911614?guid=1652477224156&returnUrl=%2fresultado%2flistar%3fguid%3d1652477224156%26quantidadePaginas%3d1%26codigoRegistro%3d911614%23911614&i=5,orcid.org/0000-0003-4462-3325,sem orcid,orcid.org/0000-0001-6030-2682,,,,,University of Campinas,13,Orlando Lee,no info,University of Campinas,sem orcid,sem orcid,Eduardo C. Xavier,Brazil,,,,,,,sem orcid,,,,,,,,,,,,,,,,,,,,,,,,,,,,,2013,,,,,,,,,,,,,,,,,,,,,,,,,,,,,,,,,,,,,,Masculino,sem orcid,Masculino,não anotado,não anotado,não anotado,não anotado
MESTRADO,https://repositorio.unicamp.br/acervo/detalhe/917829?guid=1652477282880&returnUrl=%2fresultado%2flistar%3fguid%3d1652477282880%26quantidadePaginas%3d1%26codigoRegistro%3d917829%23917829&i=3,orcid.org/0000-0003-1908-4753,orcid.org/0000-0002-7941-6281,orcid.org/0000-0001-6305-9059,,,,,Universidade Estadual de Campinas Instituto de Computação,14,Claudia Medeiros,Brazil,Universidade Estadual de Campinas,Renato Fileto,no info,Luiz Fernando Bittencourt,no info,,,Scientific data management, Data interoperability, Open Science,,Universidade Federal de Santa Catarina,,,,,,,,,,,,,,,,,,,,,,,,,,,,,2013,,,,,,,,,,,,,,,,,,,,,,,,,,,,,,,,,,,,,,Feminino,Masculino,Masculino,não anotado,não anotado,não anotado,não anotado
MESTRADO,https://repositorio.unicamp.br/acervo/detalhe/911592,orcid.org/0000-0002-9529-4253,sem orcid,sem orcid,,,,,University of Campinas,15,Pedro J. de Rezende,no info,sem orcid,sem orcid,sem orcid,sem orcid,sem orcid,,,,,,,sem orcid,,,,,,,,,,,,,,,,,,,,,,,,,,,,,2013,,,,,,,,,,,,,,,,,,,,,,,,,,,,,,,,,,,,,,Masculino,sem orcid,sem orcid,não anotado,não anotado,não anotado,não anotado
MESTRADO,https://repositorio.unicamp.br/acervo/detalhe/915655?guid=1652477484466&returnUrl=%2fresultado%2flistar%3fguid%3d1652477484466%26quantidadePaginas%3d1%26codigoRegistro%3d915655%23915655&i=7,orcid.org/0000-0002-4236-8212,orcid.org/0000-0003-4929-7258,orcid.org/0000-0003-0125-630X,,,,,Universidade Estadual de Campinas,16,Anderson Rocha,Brazil,University of Campinas,Agma Traina,no info,Helio Pedrini,Brazil,image and video processing; machine learning; computer vision,,Machine Intelligence; Digital Forensics; Reasoning for Complex Data,,,,Universidade de São Paulo Instituto de Ciências Matemáticas e de Computação,,,,,,,,,,,,,,,,,,,,,,,,,,,,,2013,,,,,,,,,,,,,,,,,,,,,,,,,,,,,,,,,,,,,,Masculino,Feminino,Masculino,não anotado,não anotado,não anotado,não anotado
MESTRADO,https://repositorio.unicamp.br/acervo/detalhe/915606?guid=1652477548641&returnUrl=%2fresultado%2flistar%3fguid%3d1652477548641%26quantidadePaginas%3d1%26codigoRegistro%3d915606%23915606&i=18,orcid.org/0000-0002-1756-4852,sem orcid,orcid.org/0000-0001-8309-6367,,,,,Universidade Estadual de Campinas,17,André Santanchè,no info,Universidade Estadual de Campinas,sem orcid,sem orcid,Ariadne Carvalho,no info,,,,,,,sem orcid,,,,,,,,,,,,,,,,,,,,,,,,,,,,,2013,,,,,,,,,,,,,,,,,,,,,,,,,,,,,,,,,,,,,,Masculino,sem orcid,Feminino,não anotado,não anotado,não anotado,não anotado
MESTRADO,https://repositorio.unicamp.br/acervo/detalhe/912865?guid=1652477585486&returnUrl=%2fresultado%2flistar%3fguid%3d1652477585486%26quantidadePaginas%3d1%26codigoRegistro%3d912865%23912865&i=1,orcid.org/0000-0003-4869-5190,orcid.org/0000-0002-6790-5184,orcid.org/0000-0002-3891-1593,,,,,Universidade Estadual de Campinas,18,Guido Araujo,no info,Universidade Estadual de Campinas,Andre Rauber Du Bois,no info,mario cortes,no info,,,,,,,Universidade Federal de Pelotas,,,,,,,,,,,,,,,,,,,,,,,,,,,,,2013,,,,,,,,,,,,,,,,,,,,,,,,,,,,,,,,,,,,,,Masculino,Masculino,Masculino,não anotado,não anotado,não anotado,não anotado
MESTRADO,https://repositorio.unicamp.br/acervo/detalhe/914807?guid=1652477626184&returnUrl=%2fresultado%2flistar%3fguid%3d1652477626184%26quantidadePaginas%3d1%26codigoRegistro%3d914807%23914807&i=2,orcid.org/0000-0001-6030-2682,orcid.org/0000-0002-6946-9670,orcid.org/0000-0002-1067-6421,,,,,University of Campinas,19,Eduardo C. Xavier,Brazil,no info,"Yanasse, H.H.",Brazil,Flávio K. Miyazawa,no info,,,,,,,Universidade Federal de São Paulo,,,,,,,,,,,,,,,,,,,,,,,,,,,,,2013,,,,,,,,,,,,,,,,,,,,,,,,,,,,,,,,,,,,,,Masculino,Masculino,Masculino,não anotado,não anotado,não anotado,não anotado
MESTRADO,https://repositorio.unicamp.br/acervo/detalhe/918754?guid=1652477669486&returnUrl=%2fresultado%2flistar%3fguid%3d1652477669486%26quantidadePaginas%3d1%26codigoRegistro%3d918754%23918754&i=1,orcid.org/0000-0001-9772-263X,orcid.org/0000-0002-4312-202X,orcid.org/0000-0001-5295-3514,,,,,Universidade Estadual de Campinas,20,Ricardo Torres,Netherlands,Universidade Estadual de Campinas,Milton Ribeiro,Brazil,Luiz Camolesi Júnior,no info,,,multimedia retrieval,multimedia classification,machine learning,information visualization,Universidade Estadual Paulista Júlio de Mesquita Filho,,,,,,,,,,,,,,,,,,,,,,,,,,,,,2013,data science,,,,,,,,,,,,,,,,,,,,,,,,,,,,,,,,,,,,,Masculino,Masculino,Masculino,não anotado,não anotado,não anotado,não anotado
MESTRADO,https://repositorio.unicamp.br/acervo/detalhe/917385?guid=1652477710770&returnUrl=%2fresultado%2flistar%3fguid%3d1652477710770%26quantidadePaginas%3d1%26codigoRegistro%3d917385%23917385&i=5,orcid.org/0000-0003-2046-602X,orcid.org/0000-0002-3372-3366,sem orcid,,,,,Universidade Estadual de Campinas,21,Nelson L. S. da Fonseca,no info,sem orcid,Leandro Villas,Brazil,sem orcid,sem orcid,,,,,,,Universidade Estadual de Campinas,,,,,,,,,,,,,,,,,,,,,,,,,,,,,2013,,,,,,,,,,,,,,,,,,,,,,,,,,,,,,,,,,,,,,Masculino,Masculino,sem orcid,não anotado,não anotado,não anotado,não anotado
MESTRADO,https://repositorio.unicamp.br/acervo/detalhe/915715,orcid.org/0000-0002-6540-8686,orcid.org/0000-0001-5227-7165,orcid.org/0000-0002-6731-1482,,,,,University of Campinas,22,Paulo de Geus,Brazil,no info,Marcos Simplicio,Brazil,Julio Cesar Lopez Hernandez,Mexico,,,Computer Security,,,,Universidade de São Paulo,,,,,,,,,,,,,,,,,,,,,,,,,,,,,2013,,,,,,,,,,,,,,,,,,,,,,,,,,,,,,,,,,,,,,Masculino,Masculino,Masculino,não anotado,não anotado,não anotado,não anotado
MESTRADO,https://repositorio.unicamp.br/acervo/detalhe/915719?guid=1652477865933&returnUrl=%2fresultado%2flistar%3fguid%3d1652477865933%26quantidadePaginas%3d1%26codigoRegistro%3d915719%23915719&i=1,orcid.org/0000-0002-5945-0845,sem orcid,orcid.org/0000-0002-8972-080X,,,,,Universidade Estadual de Campinas,23,Cid de Souza,Brazil,State University of Campinas,sem orcid,sem orcid,Fábio Usberti,no info,,,Integer Programming,Combinatorial Optimization,Algorithms (design and analysis),Operations Research,sem orcid,,,,,,,,,,,,,,,,,,,,,,,,,,,,,2013,,,,,,,,,,,,,,,,,,,,,,,,,,,,,,,,,,,,,,Masculino,sem orcid,Masculino,não anotado,não anotado,não anotado,não anotado
MESTRADO,https://repositorio.unicamp.br/acervo/detalhe/922125?guid=1652477901512&returnUrl=%2fresultado%2flistar%3fguid%3d1652477901512%26quantidadePaginas%3d1%26codigoRegistro%3d922125%23922125&i=1,orcid.org/0000-0002-4236-8212,orcid.org/0000-0003-0125-630X,orcid.org/0000-0002-2867-4838,,,,,Universidade Estadual de Campinas,24,Anderson Rocha,Brazil,Universidade Estadual Paulista Júlio de Mesquita Filho,Helio Pedrini,Brazil,Daniel Carlos Guimarães Pedronette,Brazil,,,Machine Intelligence; Digital Forensics; Reasoning for Complex Data,,,,University of Campinas,,,,,,,,,,,,,,,image and video processing; machine learning; computer vision,,,,,,,,,,,,,,2013,,,,,,,,,,,,,,,,,,,,,,,,,,,,,,,,,,,,,,Masculino,Masculino,Masculino,não anotado,não anotado,não anotado,não anotado
MESTRADO,https://repositorio.unicamp.br/acervo/detalhe/919112?guid=1652478114160&returnUrl=%2fresultado%2flistar%3fguid%3d1652478114160%26quantidadePaginas%3d1%26codigoRegistro%3d919112%23919112&i=1,sem orcid,orcid.org/0000-0001-9625-5259,orcid.org/0000-0001-8309-6367,,,,,sem orcid,25,sem orcid,sem orcid,Universidade Estadual de Campinas,Itana Gimenes,Brazil,Ariadne Carvalho,no info,,,,,,,Universidade Estadual de Maringá,,,,,,,,,,,,,,,,,,,,,,,,,,,,,2013,,,,,,,,,,,,,,,,,,,,,,,,,,,,,,,,,,,,,,sem orcid,Feminino,Feminino,não anotado,não anotado,não anotado,não anotado
MESTRADO,https://repositorio.unicamp.br/acervo/detalhe/919545?guid=1652478163144&returnUrl=%2fresultado%2flistar%3fguid%3d1652478163144%26quantidadePaginas%3d1%26codigoRegistro%3d919545%23919545&i=17,orcid.org/0000-0002-1180-2637,orcid.org/0000-0002-6023-5982,orcid.org/0000-0002-5591-3750,,,,,UNICAMP - University of Campinas,26,Edmundo Madeira,no info,Universidade de São Paulo Instituto de Ciências Matemáticas e de Computação,Islene Calciolari Garcia,no info,Jo Ueyama,no info,,,,,,,University of Campinas,,,,,,,,,,,,,,,,,,,,,,,,,,,,,2013,,,,,,,,,,,,,,,,,,,,,,,,,,,,,,,,,,,,,,Masculino,Feminino,Masculino,não anotado,não anotado,não anotado,não anotado
MESTRADO,https://repositorio.unicamp.br/acervo/detalhe/920397?guid=1652478207745&returnUrl=%2fresultado%2flistar%3fguid%3d1652478207745%26quantidadePaginas%3d1%26codigoRegistro%3d920397%23920397&i=1,orcid.org/0000-0003-0125-630X,orcid.org/0000-0003-2059-9463,orcid.org/0000-0002-4236-8212,,,,,University of Campinas,27,Helio Pedrini,Brazil,Universidade Estadual de Campinas,Moacir Ponti,no info,Anderson Rocha,Brazil,Machine Intelligence; Digital Forensics; Reasoning for Complex Data,,image and video processing; machine learning; computer vision,,,,Universidade de São Paulo,,,,,,,,,,,,,,,,,,,,,,,,,,,,,2013,,,,,,,,,,,,,,,,,,,,,,,,,,,,,,,,,,,,,,Masculino,Masculino,Masculino,não anotado,não anotado,não anotado,não anotado
MESTRADO,https://repositorio.unicamp.br/acervo/detalhe/918039?guid=1652478239070&returnUrl=%2fresultado%2flistar%3fguid%3d1652478239070%26quantidadePaginas%3d1%26codigoRegistro%3d918039%23918039&i=1,orcid.org/0000-0002-4236-8212,orcid.org/0000-0003-1531-7249,sem orcid,,,,,Universidade Estadual de Campinas,28,Anderson Rocha,Brazil,sem orcid,Marina Atsumi Oikawa,Brazil,sem orcid,sem orcid,,,Machine Intelligence; Digital Forensics; Reasoning for Complex Data,,,,no info,,,,,,,,,,,,,,,,,,,,,,,,,,,,,2013,,,,,,,,,,,,,,,,,,,,,,,,,,,,,,,,,,,,,,Masculino,Feminino,sem orcid,não anotado,não anotado,não anotado,não anotado
MESTRADO,https://repositorio.unicamp.br/acervo/detalhe/918032?guid=1652478313307&returnUrl=%2fresultado%2flistar%3fguid%3d1652478313307%26quantidadePaginas%3d1%26codigoRegistro%3d918032%23918032&i=1,orcid.org/0000-0002-9539-6874,orcid.org/0000-0003-1752-6255,sem orcid,,,,,Universidade Estadual de Campinas,29,Sandro Rigo,Brazil,sem orcid,Mauricio Breternitz,no info,sem orcid,sem orcid,,,Computer Architecture,Compilers,Code Optimization,High-Performance Computing,Advanced Micro Devices,,,,,,,,,,,,,,,,,,,,,,,,,,,,,2013,,,,,,,,,,,,,,,,,,,,,,,,,,,,,,,,,,,,,,Masculino,Masculino,sem orcid,não anotado,não anotado,não anotado,não anotado
MESTRADO,https://repositorio.unicamp.br/acervo/detalhe/918796?guid=1652478360390&returnUrl=%2fresultado%2flistar%3fguid%3d1652478360390%26quantidadePaginas%3d1%26codigoRegistro%3d918796%23918796&i=1,orcid.org/0000-0003-4237-4281,sem orcid,orcid.org/0000-0002-8340-4881,,,,,University of Campinas,30,C. N. Campos,Brazil,no info,sem orcid,sem orcid,"Simone Dantas; Dantas, S.; S. Dantas",no info,Discrete Matematics,Computer Science,,,,,sem orcid,,,,,,,,,,,,,,,,,,,,,,,,,,,,,2013,,,,,,,,,,,,,,,,,,,,,,,,,,,,,,,,,,,,,,Feminino,sem orcid,Feminino,não anotado,não anotado,não anotado,não anotado
MESTRADO,https://repositorio.unicamp.br/acervo/detalhe/918322?guid=1652478397788&returnUrl=%2fresultado%2flistar%3fguid%3d1652478397788%26quantidadePaginas%3d1%26codigoRegistro%3d918322%23918322&i=1,orcid.org/0000-0002-8803-0401,orcid.org/0000-0002-9539-6874,orcid.org/0000-0002-0375-1657,,,,,UNICAMP,31,Rodolfo Azevedo,Brazil,Universidade Federal de Minas Gerais,Sandro Rigo,Brazil,Fernando Magno Quintão Pereira,Brazil,Compilers, Programming Languages,,,,,Universidade Estadual de Campinas,,,,,,,,,,,,,,,Computer Architecture,Compilers,Code Optimization,High-Performance Computing,,,,,,,,,,,2013,,,,,,,,,,,,,,,,,,,,,,,,,,,,,,,,,,,,,,Masculino,Masculino,Masculino,não anotado,não anotado,não anotado,não anotado
MESTRADO,https://repositorio.unicamp.br/acervo/detalhe/926549?guid=1652478425582&returnUrl=%2fresultado%2flistar%3fguid%3d1652478425582%26quantidadePaginas%3d1%26codigoRegistro%3d926549%23926549&i=7,orcid.org/0000-0002-1756-4852,sem orcid,orcid.org/0000-0003-1908-4753,,,,,Universidade Estadual de Campinas,32,André Santanchè,no info,Universidade Estadual de Campinas Instituto de Computação,sem orcid,sem orcid,Claudia Medeiros,Brazil,Scientific data management, Data interoperability,,,,,sem orcid,,,,,,,,,,,,, Open Science,,,,,,,,,,,,,,,,2013,,,,,,,,,,,,,,,,,,,,,,,,,,,,,,,,,,,,,,Masculino,sem orcid,Feminino,não anotado,não anotado,não anotado,não anotado
MESTRADO,https://repositorio.unicamp.br/acervo/detalhe/932085?guid=1652478460861&returnUrl=%2fresultado%2flistar%3fguid%3d1652478460861%26quantidadePaginas%3d1%26codigoRegistro%3d932085%23932085&i=1,orcid.org/0000-0003-2046-602X,sem orcid,orcid.org/0000-0001-6305-9059,,,,,Universidade Estadual de Campinas,33,Nelson L. S. da Fonseca,no info,Universidade Estadual de Campinas,sem orcid,sem orcid,Luiz Fernando Bittencourt,no info,,,,,,,sem orcid,,,,,,,,,,,,,,,,,,,,,,,,,,,,,2013,,,,,,,,,,,,,,,,,,,,,,,,,,,,,,,,,,,,,,Masculino,sem orcid,Masculino,não anotado,não anotado,não anotado,não anotado
MESTRADO,https://repositorio.unicamp.br/acervo/detalhe/927706?guid=1652478503210&returnUrl=%2fresultado%2flistar%3fguid%3d1652478503210%26quantidadePaginas%3d1%26codigoRegistro%3d927706%23927706&i=1,orcid.org/0000-0002-4830-5298,orcid.org/0009-0000-2453-6617,orcid.org/0000-0003-0683-7672,,,,,Universidade Estadual de Campinas,34,Maria Cecilia Calani Baranauskas,Brazil,no info,Amanda Meincke Melo,no info,Anamaria Gomide,no info,,,HCI,Socially Aware Design,Organizational Semiotics,Participatory Design,no info,,,,,,,,,,,,,,,,,,,,,,,,,,,,,2013,,,,,,,,,,,,,,,,,,,,,,,,,,,,,,,,,,,,,,Feminino,Feminino,Feminino,não anotado,não anotado,não anotado,não anotado
MESTRADO,https://repositorio.unicamp.br/acervo/detalhe/918763?guid=1652478560120&returnUrl=%2fresultado%2flistar%3fguid%3d1652478560120%26quantidadePaginas%3d1%26codigoRegistro%3d918763%23918763&i=1,orcid.org/0000-0003-2046-602X,sem orcid,orcid.org/0000-0002-3372-3366,,,,,Universidade Estadual de Campinas,35,Nelson L. S. da Fonseca,no info,Universidade Estadual de Campinas,sem orcid,sem orcid,Leandro Villas,Brazil,,,,,,,sem orcid,,,,,,,,,,,,,,,,,,,,,,,,,,,,,2013,,,,,,,,,,,,,,,,,,,,,,,,,,,,,,,,,,,,,,Masculino,sem orcid,Masculino,não anotado,não anotado,não anotado,não anotado
MESTRADO,https://repositorio.unicamp.br/acervo/detalhe/926578?guid=1652478599968&returnUrl=%2fresultado%2flistar%3fguid%3d1652478599968%26quantidadePaginas%3d1%26codigoRegistro%3d926578%23926578&i=1,orcid.org/0000-0001-8309-6367,orcid.org/0000-0003-3589-1619,orcid.org/0000-0001-5396-9868,,,,,Universidade Estadual de Campinas,36,Ariadne Carvalho,no info,Universidade Estadual de Campinas,Renata Galante,no info,Eduardo Valle,Brazil,,,,,,,Universidade Federal do Rio Grande do Sul,,,,,,,,,,,,,,,,,,,,,,,,,,,,,2013,,,,,,,,,,,,,,,,,,,,,,,,,,,,,,,,,,,,,,Feminino,Feminino,Masculino,não anotado,não anotado,não anotado,não anotado
MESTRADO,https://repositorio.unicamp.br/acervo/detalhe/926557?guid=1652478646036&returnUrl=%2fresultado%2flistar%3fguid%3d1652478646036%26quantidadePaginas%3d1%26codigoRegistro%3d926557%23926557&i=1,orcid.org/0000-0003-4549-7105,sem orcid,orcid.org/0000-0001-8309-6367,,,,,no info,37,Cecilia Mary Fischer Rubira Rubira,no info,Universidade Estadual de Campinas,sem orcid,sem orcid,Ariadne Carvalho,no info,,,,,,,sem orcid,,,,,,,,,,,,,,,,,,,,,,,,,,,,,2013,,,,,,,,,,,,,,,,,,,,,,,,,,,,,,,,,,,,,,Feminino,sem orcid,Feminino,não anotado,não anotado,não anotado,não anotado
MESTRADO,https://repositorio.unicamp.br/acervo/detalhe/927711?guid=1652478690927&returnUrl=%2fresultado%2flistar%3fguid%3d1652478690927%26quantidadePaginas%3d1%26codigoRegistro%3d927711%23927711&i=1,orcid.org/0000-0003-4290-6508,sem orcid,orcid.org/0000-0003-1908-4753,,,,,no info,38,Eliane Martins,no info,Universidade Estadual de Campinas Instituto de Computação,sem orcid,sem orcid,Claudia Medeiros,Brazil,Scientific data management, Data interoperability,,,,,sem orcid,,,,,,,,,,,,, Open Science,,,,,,,,,,,,,,,,2013,,,,,,,,,,,,,,,,,,,,,,,,,,,,,,,,,,,,,,Feminino,sem orcid,Feminino,não anotado,não anotado,não anotado,não anotado
MESTRADO,https://repositorio.unicamp.br/acervo/detalhe/934657?guid=1652478732964&returnUrl=%2fresultado%2flistar%3fguid%3d1652478732964%26quantidadePaginas%3d1%26codigoRegistro%3d934657%23934657&i=1,orcid.org/0000-0003-2046-602X,orcid.org/0000-0002-1180-2637,orcid.org/0000-0002-7789-3359,,,,,Universidade Estadual de Campinas,39,Nelson L. S. da Fonseca,no info,Universidade Federal do Rio de Janeiro,Edmundo Madeira,no info,Luís Henrique M. K. Costa,no info,,,,,,,UNICAMP - University of Campinas,,,,,,,,,,,,,,,,,,,,,,,,,,,,,2013,,,,,,,,,,,,,,,,,,,,,,,,,,,,,,,,,,,,,,Masculino,Masculino,Masculino,não anotado,não anotado,não anotado,não anotado
DOUTORADO,https://repositorio.unicamp.br/acervo/detalhe/906917?guid=1652478759263&returnUrl=%2fresultado%2flistar%3fguid%3d1652478759263%26quantidadePaginas%3d1%26codigoRegistro%3d906917%23906917&i=1,orcid.org/0000-0003-3333-6822,orcid.org/0000-0003-2608-4807,orcid.org/0000-0003-4462-3325,orcid.org/0000-0002-3527-6870,orcid.org/0000-0001-6822-931X,,,University of Campinas,40,Zanoni Dias,Brazil,University of Campinas,Guilherme P. Telles,Brazil,Orlando Lee,no info,,,,,,,Universidade Estadual de Campinas,University of Brasilia,,"da Silva, FR",no info,,,,,Embrapa Informática Agropecuária,Maria Emilia Walter,Brazil,,,,,,,,,,bioinformatics, plant molecular biology,,bioinformatics, non-coding RNAs, genomics, transcriptomics, genome rearrangements,2013,,,,,,,,,,,,,,,,,,,,,,,,,,,,,,,,,,,,,,Masculino,Masculino,Masculino,Masculino,Feminino,não anotado,não anotado
DOUTORADO,https://repositorio.unicamp.br/acervo/detalhe/914760?guid=1652478919646&returnUrl=%2fresultado%2flistar%3fguid%3d1652478919646%26quantidadePaginas%3d1%26codigoRegistro%3d914760%23914760&i=19,orcid.org/0000-0001-9772-263X,sem orcid,orcid.org/0000-0003-1449-8834,orcid.org/0000-0001-5685-8004,sem orcid,,,Universidade Estadual de Campinas,41,Ricardo Torres,Netherlands,Universidade Federal de Minas Gerais,sem orcid,sem orcid,William Schwartz,Brazil,Computer Vision,Machine Learning,multimedia retrieval,multimedia classification,machine learning,information visualization,sem orcid,sem orcid,,Siome Goldenstein,no info,,,,,no info,sem orcid,sem orcid,,Smart Surveillance,Biometrics,,,,,,,,,,,,,,,2013,data science,,,,,,,,,,,,,,,,,,,,,,,,,,,,,,,,,,,,,Masculino,sem orcid,Masculino,Masculino,sem orcid,não anotado,não anotado
DOUTORADO,https://repositorio.unicamp.br/acervo/detalhe/910347?guid=1652478965555&returnUrl=%2fresultado%2flistar%3fguid%3d1652478965555%26quantidadePaginas%3d1%26codigoRegistro%3d910347%23910347&i=1,orcid.org/0000-0003-1908-4753,orcid.org/0000-0002-8405-2152,sem orcid,orcid.org/0000-0002-1756-4852,orcid.org/0000-0003-4290-6508,,,Universidade Estadual de Campinas Instituto de Computação,42,Claudia Medeiros,Brazil,sem orcid,Juliano Lopes de Oliveira,no info,sem orcid,sem orcid,,,Scientific data management, Data interoperability, Open Science,,Universidade Federal de Goiás,no info,,André Santanchè,no info,,,,,Universidade Estadual de Campinas,Eliane Martins,no info,,,,,,,,,,,,,,,,,,2013,,,,,,,,,,,,,,,,,,,,,,,,,,,,,,,,,,,,,,Feminino,Masculino,sem orcid,Masculino,Feminino,não anotado,não anotado
DOUTORADO,https://repositorio.unicamp.br/acervo/detalhe/911619?guid=1652479015818&returnUrl=%2fresultado%2flistar%3fguid%3d1652479015818%26quantidadePaginas%3d1%26codigoRegistro%3d911619%23911619&i=1,orcid.org/0000-0002-1180-2637,orcid.org/0000-0002-7959-6569,orcid.org/0000-0001-8956-8660,orcid.org/0000-0002-6023-5982,orcid.org/0000-0002-8603-699X,,,UNICAMP - University of Campinas,43,Edmundo Madeira,no info,Federal University of Rio Grande do Sul,Célio Albuquerque,Brazil,Lisandro Zambenedetti Granville,Brazil,,,,,,,Universidade Federal Fluminense,University of Campinas,,Islene Calciolari Garcia,no info,,,,,University of Campinas,Juliana Freitag Borin,Brazil,,,,,,,,,,,,,Internet of Things, Smart Cities, Computer network protocols,,,2013,,,,,,,,,,,,,,,,,,,,,,,,,,,,,,,,,,,,,,Masculino,Masculino,Masculino,Feminino,Feminino,não anotado,não anotado
DOUTORADO,https://repositorio.unicamp.br/acervo/detalhe/912188?guid=1652479050025&returnUrl=%2fresultado%2flistar%3fguid%3d1652479050025%26quantidadePaginas%3d1%26codigoRegistro%3d912188%23912188&i=4,orcid.org/0000-0002-1180-2637,orcid.org/0000-0002-5660-6488,sem orcid,orcid.org/0000-0002-6023-5982,orcid.org/0000-0003-2046-602X,,,UNICAMP - University of Campinas,44,Edmundo Madeira,no info,sem orcid,Jose Ferreira de Rezende,no info,sem orcid,sem orcid,,,,,,,no info,Universidade Estadual de Campinas,,Islene Calciolari Garcia,no info,,,,,University of Campinas,Nelson L. S. da Fonseca,no info,,,,,,,,,,,,,,,,,,2013,,,,,,,,,,,,,,,,,,,,,,,,,,,,,,,,,,,,,,Masculino,Masculino,sem orcid,Feminino,Masculino,não anotado,não anotado
DOUTORADO,https://repositorio.unicamp.br/acervo/detalhe/914939?guid=1652479088303&returnUrl=%2fresultado%2flistar%3fguid%3d1652479088303%26quantidadePaginas%3d1%26codigoRegistro%3d914939%23914939&i=4,orcid.org/0000-0002-2914-5380,sem orcid,orcid.org/0000-0001-5396-9868,sem orcid,orcid.org/0000-0003-0125-630X,,,Universidade Estadual de Campinas,45,Alexandre Falcao,Brazil,Universidade Estadual de Campinas,sem orcid,sem orcid,Eduardo Valle,Brazil,,,image processing, visualization, and analysis, (interactive) machine learning ,sem orcid,University of Campinas,,sem orcid,sem orcid,,,,,sem orcid,Helio Pedrini,Brazil,,,,,,,,,,,,,image and video processing; machine learning; computer vision,,,,,2013,,,,,,,,,,,,,,,,,,,,,,,,,,,,,,,,,,,,,,Masculino,sem orcid,Masculino,sem orcid,Masculino,não anotado,não anotado
DOUTORADO,https://repositorio.unicamp.br/acervo/detalhe/913876?guid=1652479122095&returnUrl=%2fresultado%2flistar%3fguid%3d1652479122095%26quantidadePaginas%3d1%26codigoRegistro%3d913876%23913876&i=1,orcid.org/0000-0002-3159-4839,orcid.org/0000-0001-5683-693X,sem orcid,orcid.org/0000-0003-0683-7672,orcid.org/0000-0003-0125-630X,,,State University of Campinas,46,Jorge Stolfi,no info,sem orcid,Luiz Henrique de Figueiredo,Brazil,sem orcid,sem orcid,,,,,,,no info,University of Campinas,,Anamaria Gomide,no info,,,,,no info,Helio Pedrini,Brazil,,,,,,,,,,,,,image and video processing; machine learning; computer vision,,,,,2013,,,,,,,,,,,,,,,,,,,,,,,,,,,,,,,,,,,,,,Masculino,Masculino,sem orcid,Feminino,Masculino,não anotado,não anotado
DOUTORADO,https://repositorio.unicamp.br/acervo/detalhe/919674?guid=1652479152019&returnUrl=%2fresultado%2flistar%3fguid%3d1652479152019%26quantidadePaginas%3d1%26codigoRegistro%3d919674%23919674&i=1,orcid.org/0000-0001-5201-1244,orcid.org/0000-0002-9206-8138,orcid.org/0000-0001-9892-740X,sem orcid,orcid.org/0000-0001-5685-8004,,,no info,47,Jacques Wainer,Brazil,University of Campinas,Jerônimo Pellegrini,Brazil,Eleri Cardozo,Brazil,Unicamp, Poli/USP,,,,,no info,no info,,sem orcid,sem orcid,,,,,sem orcid,Siome Goldenstein,no info,, ITA,,,,,,,,,,,,,,,,2013,,,,,,,,,,,,,,,,,,,,,,,,,,,,,,,,,,,,,,Masculino,Masculino,Masculino,sem orcid,Masculino,não anotado,não anotado
DOUTORADO,https://repositorio.unicamp.br/acervo/detalhe/919116?guid=1652479209109&returnUrl=%2fresultado%2flistar%3fguid%3d1652479209109%26quantidadePaginas%3d1%26codigoRegistro%3d919116%23919116&i=1,orcid.org/0000-0001-5201-1244,sem orcid,sem orcid,orcid.org/0000-0001-5685-8004,orcid.org/0000-0001-5396-9868,,,no info,48,Jacques Wainer,Brazil,sem orcid,sem orcid,sem orcid,sem orcid,sem orcid,,,,,,,sem orcid,Universidade Estadual de Campinas,,Siome Goldenstein,no info,,,,,no info,Eduardo Valle,Brazil,,,,,,,,,,,,,,,,,,2013,,,,,,,,,,,,,,,,,,,,,,,,,,,,,,,,,,,,,,Masculino,sem orcid,sem orcid,Masculino,Masculino,não anotado,não anotado
DOUTORADO,https://repositorio.unicamp.br/acervo/detalhe/918328?guid=1652479231303&returnUrl=%2fresultado%2flistar%3fguid%3d1652479231303%26quantidadePaginas%3d1%26codigoRegistro%3d918328%23918328&i=1,orcid.org/0000-0003-1908-4753,sem orcid,orcid.org/0000-0002-5591-3750,orcid.org/0000-0002-1756-4852,orcid.org/0000-0002-3372-3366,,,Universidade Estadual de Campinas Instituto de Computação,49,Claudia Medeiros,Brazil,Universidade de São Paulo Instituto de Ciências Matemáticas e de Computação,sem orcid,sem orcid,Jo Ueyama,no info,,,Scientific data management, Data interoperability, Open Science,,sem orcid,Universidade Estadual de Campinas,,André Santanchè,no info,,,,,Universidade Estadual de Campinas,Leandro Villas,Brazil,,,,,,,,,,,,,,,,,,2013,,,,,,,,,,,,,,,,,,,,,,,,,,,,,,,,,,,,,,Feminino,sem orcid,Masculino,Masculino,Masculino,não anotado,não anotado
DOUTORADO,https://repositorio.unicamp.br/acervo/detalhe/918908?guid=1652479262762&returnUrl=%2fresultado%2flistar%3fguid%3d1652479262762%26quantidadePaginas%3d1%26codigoRegistro%3d918908%23918908&i=1,orcid.org/0000-0001-6030-2682,orcid.org/0000-0002-5945-0845,sem orcid,orcid.org/0000-0002-3948-305X,orcid.org/0000-0002-6946-9670,,,University of Campinas,50,Eduardo C. Xavier,Brazil,sem orcid,Cid de Souza,Brazil,sem orcid,sem orcid,,,,,,,Universidade Estadual de Campinas,Universidade Federal de São Paulo,,Reinaldo Morabito,Brazil,,,,,Universidade Federal de São Carlos,"Yanasse, H.H.",Brazil,,,,Integer Programming,Combinatorial Optimization,Algorithms (design and analysis),Operations Research,,,,,,,,,,,2013,,,,,,,,,,,,,,,,,,,,,,,,,,,,,,,,,,,,,,Masculino,Masculino,sem orcid,Masculino,Masculino,não anotado,não anotado
DOUTORADO,https://repositorio.unicamp.br/acervo/detalhe/922886?guid=1652479324460&returnUrl=%2fresultado%2flistar%3fguid%3d1652479324460%26quantidadePaginas%3d1%26codigoRegistro%3d922886%23922886&i=1,orcid.org/0000-0003-4549-7105,sem orcid,orcid.org/0000-0001-9625-5259,orcid.org/0000-0001-8309-6367,sem orcid,,,no info,51,Cecilia Mary Fischer Rubira Rubira,no info,Universidade Estadual de Maringá,sem orcid,sem orcid,Itana Gimenes,Brazil,,,,,,,sem orcid,sem orcid,,Ariadne Carvalho,no info,,,,,Universidade Estadual de Campinas,sem orcid,sem orcid,,,,,,,,,,,,,,,,,,2013,,,,,,,,,,,,,,,,,,,,,,,,,,,,,,,,,,,,,,Feminino,sem orcid,Feminino,Feminino,sem orcid,não anotado,não anotado
DOUTORADO,https://repositorio.unicamp.br/acervo/detalhe/918898?guid=1652484161317&returnUrl=%2fresultado%2flistar%3fguid%3d1652484161317%26quantidadePaginas%3d1%26codigoRegistro%3d918898%23918898&i=7,orcid.org/0000-0003-0125-630X,orcid.org/0000-0002-6494-7514,sem orcid,orcid.org/0000-0002-3159-4839,orcid.org/0000-0001-5015-2131,,,University of Campinas,52,Helio Pedrini,Brazil,sem orcid,João Paulo Papa,no info,sem orcid,sem orcid,,,image and video processing; machine learning; computer vision,,,,no info,no info,,Jorge Stolfi,no info,,,,,State University of Campinas,Neucimar Leite,no info,,,,machine learning, image processing, computervision, meta-heuristics,,,,,,,,,,,2013,,,,,,,,,,,,,,,,,,,,,,,,,,,,,,,,,,,,,,Masculino,Masculino,sem orcid,Masculino,Masculino,não anotado,não anotado
DOUTORADO,https://repositorio.unicamp.br/acervo/detalhe/918941?guid=1652484200914&returnUrl=%2fresultado%2flistar%3fguid%3d1652484200914%26quantidadePaginas%3d1%26codigoRegistro%3d918941%23918941&i=1,orcid.org/0000-0002-6731-1482,sem orcid,sem orcid,orcid.org/0000-0001-9241-2229,orcid.org/0000-0002-7002-875X,,,no info,53,Julio Cesar Lopez Hernandez,Mexico,sem orcid,sem orcid,sem orcid,sem orcid,sem orcid,,,,,,,sem orcid,University of Campinas,,Marco A. Amaral Henriques,no info,,,,,University of Campinas,Ricardo Dahab,Brazil,,,,,,,,,,,,,Cryptography, Graph Theory,,,,2013,,,,,,,,,,,,,,,,,,,,,,,,,,,,,,,,,,,,,,Masculino,sem orcid,sem orcid,Masculino,Masculino,não anotado,não anotado
DOUTORADO,https://repositorio.unicamp.br/acervo/detalhe/918924?guid=1652484253308&returnUrl=%2fresultado%2flistar%3fguid%3d1652484253308%26quantidadePaginas%3d1%26codigoRegistro%3d918924%23918924&i=3,orcid.org/0000-0002-9539-6874,orcid.org/0000-0002-9957-5861,orcid.org/0000-0003-1273-9809,orcid.org/0000-0002-1180-2637,orcid.org/0000-0002-8803-0401,,,Universidade Estadual de Campinas,54,Sandro Rigo,Brazil,Universidade Federal de São Carlos,Philippe Navaux,Brazil,Hermes Senger,Brazil,,,Computer Architecture,Compilers,Code Optimization,High-Performance Computing,Universidade Federal do Rio Grande do Sul,UNICAMP,,Edmundo Madeira,no info,,,,,UNICAMP - University of Campinas,Rodolfo Azevedo,Brazil,,,,,,,,,,,,,,,,,,2013,,,,,,,,,,,,,,,,,,,,,,,,,,,,,,,,,,,,,,Masculino,Masculino,Masculino,Masculino,Masculino,não anotado,não anotado
DOUTORADO,https://repositorio.unicamp.br/acervo/detalhe/434549?guid=1652484297272&returnUrl=%2fresultado%2flistar%3fguid%3d1652484297272%26quantidadePaginas%3d1%26codigoRegistro%3d434549%23434549&i=5,orcid.org/0000-0002-4830-5298,orcid.org/0000-0002-1347-186X,orcid.org/0000-0003-0683-7672,,,,,Universidade Estadual de Campinas,55,Maria Cecilia Calani Baranauskas,Brazil,no info,Jose Armando Valente,no info,Anamaria Gomide,no info,,,HCI,Socially Aware Design,Organizational Semiotics,Participatory Design,no info,,,,,,,,,,,,,,,,,,,,,,,,,,,,,2013,,,,,,,,,,,,,,,,,,,,,,,,,,,,,,,,,,,,,,Feminino,Masculino,Feminino,não anotado,não anotado,não anotado,não anotado
DOUTORADO,https://repositorio.unicamp.br/acervo/detalhe/922878?guid=1652484356367&returnUrl=%2fresultado%2flistar%3fguid%3d1652484356367%26quantidadePaginas%3d1%26codigoRegistro%3d922878%23922878&i=1,orcid.org/0000-0002-4830-5298,orcid.org/0000-0003-0683-7672,sem orcid,orcid.org/0000-0002-6750-5965,sem orcid,,,Universidade Estadual de Campinas,56,Maria Cecilia Calani Baranauskas,Brazil,sem orcid,Anamaria Gomide,no info,sem orcid,sem orcid,,,HCI,Socially Aware Design,Organizational Semiotics,Participatory Design,no info,sem orcid,,Laura Sánchez García,no info,,,,,Pontifícia Universidade Católica do Rio de Janeiro,sem orcid,sem orcid,,,,,,,,,,,,,,,,,,2013,,,,,,,,,,,,,,,,,,,,,,,,,,,,,,,,,,,,,,Feminino,Feminino,sem orcid,Feminino,sem orcid,não anotado,não anotado
DOUTORADO,https://repositorio.unicamp.br/acervo/detalhe/927569?guid=1652484564335&returnUrl=%2fresultado%2flistar%3fguid%3d1652484564335%26quantidadePaginas%3d1%26codigoRegistro%3d927569%23927569&i=4,orcid.org/0000-0002-1180-2637,sem orcid,orcid.org/0000-0002-5861-4414,orcid.org/0000-0002-6023-5982,orcid.org/0000-0002-8603-699X,,,UNICAMP - University of Campinas,57,Edmundo Madeira,no info,Federal University of Minas Gerais,sem orcid,sem orcid,ALDRI LUIZ DOS SANTOS,Brazil,Network Management,Network Security,,,,,sem orcid,University of Campinas,,Islene Calciolari Garcia,no info,,,,,University of Campinas,Juliana Freitag Borin,Brazil,,Dependability,Networking,,,,,,Intelligent Systems,,,,Internet of Things, Smart Cities, Computer network protocols,,,2013,,,,,,,,,,,,,,,,,,,,,,,,,,,,,,,,,,,,,,Masculino,sem orcid,Masculino,Feminino,Feminino,não anotado,não anotado
MESTRADO,https://repositorio.unicamp.br/acervo/detalhe/928470?guid=1652484653650&returnUrl=%2fresultado%2flistar%3fguid%3d1652484653650%26quantidadePaginas%3d1%26codigoRegistro%3d928470%23928470&i=9,orcid.org/0000-0002-4236-8212,orcid.org/0000-0001-9772-263X,,,,,,Universidade Estadual de Campinas,0,Anderson Rocha,Brazil,,Ricardo Torres,Netherlands,,,,,Machine Intelligence; Digital Forensics; Reasoning for Complex Data,,,,Universidade Estadual de Campinas,,,,,,,,,,,,,,,multimedia retrieval,multimedia classification,machine learning,information visualization,data science,,,,,,,,,,2014,,,,,,,,,,,,,,,,,,,,,,,,,,,,,,,,,,,,,,Masculino,Masculino,não anotado,não anotado,não anotado,não anotado,não anotado
MESTRADO,https://repositorio.unicamp.br/acervo/detalhe/926600?guid=1652484707216&returnUrl=%2fresultado%2flistar%3fguid%3d1652484707216%26quantidadePaginas%3d1%26codigoRegistro%3d926600%23926600&i=1,orcid.org/0000-0003-0125-630X,orcid.org/0000-0003-2059-9463,orcid.org/0000-0002-4236-8212,,,,,University of Campinas,1,Helio Pedrini,Brazil,Universidade Estadual de Campinas,Moacir Ponti,no info,Anderson Rocha,Brazil,Machine Intelligence; Digital Forensics; Reasoning for Complex Data,,image and video processing; machine learning; computer vision,,,,Universidade de São Paulo,,,,,,,,,,,,,,,,,,,,,,,,,,,,,2014,,,,,,,,,,,,,,,,,,,,,,,,,,,,,,,,,,,,,,Masculino,Masculino,Masculino,não anotado,não anotado,não anotado,não anotado
MESTRADO,https://repositorio.unicamp.br/acervo/detalhe/931956?guid=1652484771136&returnUrl=%2fresultado%2flistar%3fguid%3d1652484771136%26quantidadePaginas%3d1%26codigoRegistro%3d931956%23931956&i=1,orcid.org/0000-0002-9529-4253,orcid.org/0000-0003-2998-6785,orcid.org/0000-0001-6030-2682,,,,,University of Campinas,2,Pedro J. de Rezende,no info,University of Campinas,LUIS MEIRA,Brazil,Eduardo C. Xavier,Brazil,,,,,,,State University of Campinas,,,,,,,,,,,,,,,optimization,Algorithms,Petroleum engineering,graphs,,,,,,,,,,,2014,,,,,,,,,,,,,,,,,,,,,,,,,,,,,,,,,,,,,,Masculino,Masculino,Masculino,não anotado,não anotado,não anotado,não anotado
MESTRADO,https://repositorio.unicamp.br/acervo/detalhe/926523?guid=1652484808685&returnUrl=%2fresultado%2flistar%3fguid%3d1652484808685%26quantidadePaginas%3d1%26codigoRegistro%3d926523%23926523&i=1,orcid.org/0000-0001-6030-2682,orcid.org/0000-0002-4865-5896,orcid.org/0000-0002-8972-080X,,,,,University of Campinas,3,Eduardo C. Xavier,Brazil,State University of Campinas,Daniel Macedo Batista,Brazil,Fábio Usberti,no info,,,,,,,Universidade de São Paulo,,,,,,,,,,,,,,,Computer Networks; Computer Science,,,,,,,,,,,,,,2014,,,,,,,,,,,,,,,,,,,,,,,,,,,,,,,,,,,,,,Masculino,Masculino,Masculino,não anotado,não anotado,não anotado,não anotado
MESTRADO,https://repositorio.unicamp.br/acervo/detalhe/931530?guid=1652484907535&returnUrl=%2fresultado%2flistar%3fguid%3d1652484907535%26quantidadePaginas%3d1%26codigoRegistro%3d931530%23931530&i=1,orcid.org/0000-0002-5945-0845,orcid.org/0000-0002-3434-3074,orcid.org/0000-0002-8972-080X,,,,,Universidade Estadual de Campinas,4,Cid de Souza,Brazil,State University of Campinas,yuri frota,no info,Fábio Usberti,no info,,,Integer Programming,Combinatorial Optimization,Algorithms (design and analysis),Operations Research,Universidade Federal Fluminense,,,,,,,,,,,,,,,,,,,,,,,,,,,,,2014,,,,,,,,,,,,,,,,,,,,,,,,,,,,,,,,,,,,,,Masculino,Masculino,Masculino,não anotado,não anotado,não anotado,não anotado
MESTRADO,https://repositorio.unicamp.br/acervo/detalhe/926582?guid=1652484950397&returnUrl=%2fresultado%2flistar%3fguid%3d1652484950397%26quantidadePaginas%3d1%26codigoRegistro%3d926582%23926582&i=1,orcid.org/0000-0003-4869-5190,orcid.org/0000-0001-8824-3055,orcid.org/0000-0001-6305-9059,,,,,Universidade Estadual de Campinas,5,Guido Araujo,no info,Universidade Estadual de Campinas,Alexandro Baldassin,Brazil,Luiz Fernando Bittencourt,no info,,,,,,,"Universidade Estadual Paulista, Instituto de Geociências e Ciências Exatas",,,,,,,,,,,,,,,Computer architecture,Parallel Programming,Transactional Memory,Persistent Memory,,,,,,,,,,,2014,,,,,,,,,,,,,,,,,,,,,,,,,,,,,,,,,,,,,,Masculino,Masculino,Masculino,não anotado,não anotado,não anotado,não anotado
MESTRADO,https://repositorio.unicamp.br/acervo/detalhe/931534?guid=1652484987349&returnUrl=%2fresultado%2flistar%3fguid%3d1652484987349%26quantidadePaginas%3d1%26codigoRegistro%3d931534%23931534&i=1,sem orcid,sem orcid,orcid.org/0000-0002-7002-875X,,,,,sem orcid,6,sem orcid,sem orcid,University of Campinas,sem orcid,sem orcid,Ricardo Dahab,Brazil,Cryptography, Graph Theory,,,,,sem orcid,,,,,,,,,,,,,,,,,,,,,,,,,,,,,2014,,,,,,,,,,,,,,,,,,,,,,,,,,,,,,,,,,,,,,sem orcid,sem orcid,Masculino,não anotado,não anotado,não anotado,não anotado
MESTRADO,https://repositorio.unicamp.br/acervo/detalhe/932501?guid=1652485141901&returnUrl=%2fresultado%2flistar%3fguid%3d1652485141901%26quantidadePaginas%3d1%26codigoRegistro%3d932501%23932501&i=1,orcid.org/0000-0003-0125-630X,orcid.org/0000-0001-8522-2056,orcid.org/0000-0003-2430-2030,,,,,University of Campinas,7,Helio Pedrini,Brazil,Universidade Federal do Paraná,Silvio GUIMARAES,Brazil,David Menotti,no info,,,image and video processing; machine learning; computer vision,,,,Pontifícia Universidade Católica de Minas Gerais,,,,,,,,,,,,,,,,,,,,,,,,,,,,,2014,,,,,,,,,,,,,,,,,,,,,,,,,,,,,,,,,,,,,,Masculino,Masculino,Masculino,não anotado,não anotado,não anotado,não anotado
MESTRADO,https://repositorio.unicamp.br/acervo/detalhe/932506?guid=1652485190767&returnUrl=%2fresultado%2flistar%3fguid%3d1652485190767%26quantidadePaginas%3d1%26codigoRegistro%3d932506%23932506&i=2,sem orcid,orcid.org/0000-0002-8639-3532,orcid.org/0000-0002-8340-4881,orcid.org/0000-0003-4462-3325,,,,sem orcid,8,sem orcid,sem orcid,no info,Sheila Almeida,Brazil,"Simone Dantas; Dantas, S.; S. Dantas",no info,Discrete Matematics,Computer Science,,,,,Federal University of Technology - Paraná,,,Orlando Lee,no info,,,,,University of Campinas,,,,,,,,,,,,,,,,,,,,2014,,,,,,,,,,,,,,,,,,,,,,,,,,,,,,,,,,,,,,sem orcid,Feminino,Feminino,Masculino,não anotado,não anotado,não anotado
MESTRADO,https://repositorio.unicamp.br/acervo/detalhe/931965?guid=1652485252885&returnUrl=%2fresultado%2flistar%3fguid%3d1652485252885%26quantidadePaginas%3d1%26codigoRegistro%3d931965%23931965&i=2,orcid.org/0000-0003-4462-3325,sem orcid,orcid.org/0000-0002-8972-080X,,,,,University of Campinas,9,Orlando Lee,no info,State University of Campinas,sem orcid,sem orcid,Fábio Usberti,no info,,,,,,,sem orcid,,,,,,,,,,,,,,,,,,,,,,,,,,,,,2014,,,,,,,,,,,,,,,,,,,,,,,,,,,,,,,,,,,,,,Masculino,sem orcid,Masculino,não anotado,não anotado,não anotado,não anotado
MESTRADO,https://repositorio.unicamp.br/acervo/detalhe/932510?guid=1652485307244&returnUrl=%2fresultado%2flistar%3fguid%3d1652485307244%26quantidadePaginas%3d1%26codigoRegistro%3d932510%23932510&i=1,orcid.org/0000-0001-9772-263X,orcid.org/0000-0002-4236-8212,orcid.org/0000-0001-5203-4366,,,,,Universidade Estadual de Campinas,10,Ricardo Torres,Netherlands,no info,Anderson Rocha,Brazil,Luciano da Fontoura Costa,no info,,,multimedia retrieval,multimedia classification,machine learning,information visualization,Universidade Estadual de Campinas,,,,,,,,,,,,,,,Machine Intelligence; Digital Forensics; Reasoning for Complex Data,,,,,,,,,,,,,,2014,data science,,,,,,,,,,,,,,,,,,,,,,,,,,,,,,,,,,,,,Masculino,Masculino,Masculino,não anotado,não anotado,não anotado,não anotado
MESTRADO,https://repositorio.unicamp.br/acervo/detalhe/932011?guid=1652485445678&returnUrl=%2fresultado%2flistar%3fguid%3d1652485445678%26quantidadePaginas%3d1%26codigoRegistro%3d932011%23932011&i=1,orcid.org/0000-0003-4462-3325,orcid.org/0000-0001-6030-2682,orcid.org/0000-0002-4252-3710,,,,,University of Campinas,11,Orlando Lee,no info,no info,Eduardo C. Xavier,Brazil,Jair Donadelli,no info,,,,,,,University of Campinas,,,,,,,,,,,,,,,,,,,,,,,,,,,,,2014,,,,,,,,,,,,,,,,,,,,,,,,,,,,,,,,,,,,,,Masculino,Masculino,Masculino,não anotado,não anotado,não anotado,não anotado
MESTRADO,https://repositorio.unicamp.br/acervo/detalhe/934643?guid=1652485587643&returnUrl=%2fresultado%2flistar%3fguid%3d1652485587643%26quantidadePaginas%3d1%26codigoRegistro%3d934643%23934643&i=1,orcid.org/0000-0003-4462-3325,orcid.org/0000-0003-4237-4281,sem orcid,,,,,University of Campinas,12,Orlando Lee,no info,sem orcid,C. N. Campos,Brazil,sem orcid,sem orcid,,,,,,,University of Campinas,,,,,,,,,,,,,,,,,,,,,,,,,,,,,2014,,,,,,,,,,,,,,,,,,,,,,,,,,,,,,,,,,,,,,Masculino,Feminino,sem orcid,não anotado,não anotado,não anotado,não anotado
MESTRADO,https://repositorio.unicamp.br/acervo/detalhe/932496?guid=1652485736479&returnUrl=%2fresultado%2flistar%3fguid%3d1652485736479%26quantidadePaginas%3d1%26codigoRegistro%3d932496%23932496&i=1,orcid.org/0000-0002-1180-2637,orcid.org/0000-0001-5378-4732,orcid.org/0000-0003-2046-602X,,,,,UNICAMP - University of Campinas,13,Edmundo Madeira,no info,Universidade Estadual de Campinas,Djamel F Hadj Sadok,Brazil,Nelson L. S. da Fonseca,no info,,,,,,,Universidade Federal de Pernambuco,,,,,,,,,,,,,,,Computer Networks,Communication Systems,Protocols,Security,Cloud Computing,,,,,,,,,,2014,,,,,,,,,,,,,,,,,,,,,,,,,,,,,,,,,,,,,,Masculino,Masculino,Masculino,não anotado,não anotado,não anotado,não anotado
MESTRADO,https://repositorio.unicamp.br/acervo/detalhe/932504?guid=1652486053119&returnUrl=%2fresultado%2flistar%3fguid%3d1652486053119%26quantidadePaginas%3d1%26codigoRegistro%3d932504%23932504&i=5,orcid.org/0000-0002-1067-6421,orcid.org/0000-0001-6030-2682,orcid.org/0000-0003-2674-3366,,,,,no info,14,Flávio K. Miyazawa,no info,Universidade Federal de Catalão,Eduardo C. Xavier,Brazil,"Alves de Queiroz, Thiago",Brazil,,,,,,,University of Campinas,,,,,,,,,,,,,,,,,,,,,,,,,,,,,2014,,,,,,,,,,,,,,,,,,,,,,,,,,,,,,,,,,,,,,Masculino,Masculino,Masculino,não anotado,não anotado,não anotado,não anotado
MESTRADO,https://repositorio.unicamp.br/acervo/detalhe/954520?guid=1652486084808&returnUrl=%2fresultado%2flistar%3fguid%3d1652486084808%26quantidadePaginas%3d1%26codigoRegistro%3d954520%23954520&i=1,orcid.org/0000-0001-5685-8004,orcid.org/0000-0001-5201-1244,orcid.org/0000-0001-5396-9868,,,,,no info,15,Siome Goldenstein,no info,Universidade Estadual de Campinas,Jacques Wainer,Brazil,Eduardo Valle,Brazil,,,,,,,no info,,,,,,,,,,,,,,,,,,,,,,,,,,,,,2014,,,,,,,,,,,,,,,,,,,,,,,,,,,,,,,,,,,,,,Masculino,Masculino,Masculino,não anotado,não anotado,não anotado,não anotado
MESTRADO,https://repositorio.unicamp.br/acervo/detalhe/935838?guid=1652486124522&returnUrl=%2fresultado%2flistar%3fguid%3d1652486124522%26quantidadePaginas%3d1%26codigoRegistro%3d935838%23935838&i=1,orcid.org/0000-0001-5685-8004,orcid.org/0000-0001-5201-1244,orcid.org/0000-0003-2618-5499,,,,,no info,16,Siome Goldenstein,no info,State University of Campinas,Jacques Wainer,Brazil,Renato Lopes,no info,,,,,,,no info,,,,,,,,,,,,,,,,,,,,,,,,,,,,,2014,,,,,,,,,,,,,,,,,,,,,,,,,,,,,,,,,,,,,,Masculino,Masculino,Masculino,não anotado,não anotado,não anotado,não anotado
MESTRADO,https://repositorio.unicamp.br/acervo/detalhe/932081?guid=1652486206506&returnUrl=%2fresultado%2flistar%3fguid%3d1652486206506%26quantidadePaginas%3d1%26codigoRegistro%3d932081%23932081&i=1,orcid.org/0000-0003-1783-4231,orcid.org/0000-0002-8588-8197,orcid.org/0000-0002-9539-6874,,,,,Universidade Estadual de Campinas,17,Edson Borin,no info,Universidade Estadual de Campinas,SILVA A F,Brazil,Sandro Rigo,Brazil,Computer Architecture,Compilers,,,,,Universidade Estadual de Maringá,,,,,,,,,,,,,Code Optimization,High-Performance Computing,,,,,,,,,,,,,,,2014,,,,,,,,,,,,,,,,,,,,,,,,,,,,,,,,,,,,,,Masculino,Masculino,Masculino,não anotado,não anotado,não anotado,não anotado
MESTRADO,https://repositorio.unicamp.br/acervo/detalhe/934630?guid=1652486305817&returnUrl=%2fresultado%2flistar%3fguid%3d1652486305817%26quantidadePaginas%3d1%26codigoRegistro%3d934630%23934630&i=2,orcid.org/0000-0002-5945-0845,orcid.org/0000-0001-5683-693X,orcid.org/0000-0002-8972-080X,,,,,Universidade Estadual de Campinas,18,Cid de Souza,Brazil,State University of Campinas,Luiz Henrique de Figueiredo,Brazil,Fábio Usberti,no info,,,Integer Programming,Combinatorial Optimization,Algorithms (design and analysis),Operations Research,no info,,,,,,,,,,,,,,,,,,,,,,,,,,,,,2014,,,,,,,,,,,,,,,,,,,,,,,,,,,,,,,,,,,,,,Masculino,Masculino,Masculino,não anotado,não anotado,não anotado,não anotado
MESTRADO,https://repositorio.unicamp.br/acervo/detalhe/935847?guid=1652486368933&returnUrl=%2fresultado%2flistar%3fguid%3d1652486368933%26quantidadePaginas%3d1%26codigoRegistro%3d935847%23935847&i=1,orcid.org/0000-0003-4549-7105,orcid.org/0000-0001-5103-8541,orcid.org/0000-0003-4290-6508,,,,,no info,19,Cecilia Mary Fischer Rubira Rubira,no info,no info,Marco Vieira,Portugal,Eliane Martins,no info,,,,,,,University of Coimbra,,,,,,,,,,,,,,,Dependability, Security, Software Engineering, Web Services, Databases,,,,,,,,,,2014,,,,,,,,,,,,,,,,,,,,,,,,,,,,,,,,,,,,,,Feminino,Masculino,Feminino,não anotado,não anotado,não anotado,não anotado
MESTRADO,https://repositorio.unicamp.br/acervo/detalhe/935853?guid=1652486445313&returnUrl=%2fresultado%2flistar%3fguid%3d1652486445313%26quantidadePaginas%3d1%26codigoRegistro%3d935853%23935853&i=2,orcid.org/0000-0002-4236-8212,sem orcid,orcid.org/0000-0002-2914-5380,,,,,Universidade Estadual de Campinas,20,Anderson Rocha,Brazil,Universidade Estadual de Campinas,sem orcid,sem orcid,Alexandre Falcao,Brazil,image processing, visualization,Machine Intelligence; Digital Forensics; Reasoning for Complex Data,,,,sem orcid,,,,,,,,,,,,, and analysis, (interactive) machine learning ,,,,,,,,,,,,,,,2014,,,,,,,,,,,,,,,,,,,,,,,,,,,,,,,,,,,,,,Masculino,sem orcid,Masculino,não anotado,não anotado,não anotado,não anotado
MESTRADO,https://repositorio.unicamp.br/acervo/detalhe/935835?guid=1652486472821&returnUrl=%2fresultado%2flistar%3fguid%3d1652486472821%26quantidadePaginas%3d1%26codigoRegistro%3d935835%23935835&i=1,orcid.org/0000-0001-9772-263X,orcid.org/0000-0002-1756-4852,sem orcid,,,,,Universidade Estadual de Campinas,21,Ricardo Torres,Netherlands,sem orcid,André Santanchè,no info,sem orcid,sem orcid,,,multimedia retrieval,multimedia classification,machine learning,information visualization,Universidade Estadual de Campinas,,,,,,,,,,,,,,,,,,,,,,,,,,,,,2014,data science,,,,,,,,,,,,,,,,,,,,,,,,,,,,,,,,,,,,,Masculino,Masculino,sem orcid,não anotado,não anotado,não anotado,não anotado
MESTRADO,https://repositorio.unicamp.br/acervo/detalhe/955604?guid=1652486549064&returnUrl=%2fresultado%2flistar%3fguid%3d1652486549064%26quantidadePaginas%3d1%26codigoRegistro%3d955604%23955604&i=1,orcid.org/0000-0003-0125-630X,orcid.org/0000-0003-0040-0752,orcid.org/0000-0001-5015-2131,,,,,University of Campinas,22,Helio Pedrini,Brazil,no info,"Nunes, FLS",Brazil,Neucimar Leite,no info,,,image and video processing; machine learning; computer vision,,,,no info,,,,,,,,,,,,,,,,,,,,,,,,,,,,,2014,,,,,,,,,,,,,,,,,,,,,,,,,,,,,,,,,,,,,,Masculino,Feminino,Masculino,não anotado,não anotado,não anotado,não anotado
MESTRADO,https://repositorio.unicamp.br/acervo/detalhe/945092?guid=1652487049882&returnUrl=%2fresultado%2flistar%3fguid%3d1652487049882%26quantidadePaginas%3d1%26codigoRegistro%3d945092%23945092&i=2,orcid.org/0000-0002-5945-0845,orcid.org/0000-0002-8105-3627,orcid.org/0000-0003-3333-6822,,,,,Universidade Estadual de Campinas,23,Cid de Souza,Brazil,University of Campinas,Carlile Lavor,no info,Zanoni Dias,Brazil,,,Integer Programming,Combinatorial Optimization,Algorithms (design and analysis),Operations Research,Universidade Estadual de Campinas,,,,,,,,,,,,,,,,,,,,,,,,,,,,,2014,,,,,,,,,,,,,,,,,,,,,,,,,,,,,,,,,,,,,,Masculino,Masculino,Masculino,não anotado,não anotado,não anotado,não anotado
MESTRADO,https://repositorio.unicamp.br/acervo/detalhe/944925?guid=1652487208971&returnUrl=%2fresultado%2flistar%3fguid%3d1652487208971%26quantidadePaginas%3d1%26codigoRegistro%3d944925%23944925&i=1,orcid.org/0000-0002-9529-4253,orcid.org/0000-0002-8972-080X,orcid.org/0000-0002-5259-2859,,,,,University of Campinas,24,Pedro J. de Rezende,no info,University of Sao Paulo,Fábio Usberti,no info,Cristina G. Fernandes,no info,approximation algorithms,,,,,,State University of Campinas,,,,,,,,,,,,,,,,,,,,,,,,,,,,,2014,,,,,,,,,,,,,,,,,,,,,,,,,,,,,,,,,,,,,,Masculino,Masculino,Feminino,não anotado,não anotado,não anotado,não anotado
MESTRADO,https://repositorio.unicamp.br/acervo/detalhe/947217?guid=1652487312979&returnUrl=%2fresultado%2flistar%3fguid%3d1652487312979%26quantidadePaginas%3d1%26codigoRegistro%3d947217%23947217&i=2,orcid.org/0000-0002-2914-5380,orcid.org/0000-0001-8182-5554,sem orcid,,,,,Universidade Estadual de Campinas,25,Alexandre Falcao,Brazil,sem orcid,Leticia Rittner,no info,sem orcid,sem orcid,,,image processing, visualization, and analysis, (interactive) machine learning ,University of Campinas,,,,,,,,,,,,,,,,,,,,,,,,,,,,,2014,,,,,,,,,,,,,,,,,,,,,,,,,,,,,,,,,,,,,,Masculino,Feminino,sem orcid,não anotado,não anotado,não anotado,não anotado
MESTRADO,https://repositorio.unicamp.br/acervo/detalhe/950521?guid=1652487384752&returnUrl=%2fresultado%2flistar%3fguid%3d1652487384752%26quantidadePaginas%3d1%26codigoRegistro%3d950521%23950521&i=1,orcid.org/0000-0002-6731-1482,orcid.org/0000-0003-0125-630X,sem orcid,,,,,no info,26,Julio Cesar Lopez Hernandez,Mexico,sem orcid,Helio Pedrini,Brazil,sem orcid,sem orcid,,,,,,,University of Campinas,,,,,,,,,,,,,,,image and video processing; machine learning; computer vision,,,,,,,,,,,,,,2014,,,,,,,,,,,,,,,,,,,,,,,,,,,,,,,,,,,,,,Masculino,Masculino,sem orcid,não anotado,não anotado,não anotado,não anotado
MESTRADO,https://repositorio.unicamp.br/acervo/detalhe/946000?guid=1652487509099&returnUrl=%2fresultado%2flistar%3fguid%3d1652487509099%26quantidadePaginas%3d1%26codigoRegistro%3d946000%23946000&i=1,orcid.org/0000-0001-6030-2682,sem orcid,orcid.org/0000-0002-5945-0845,,,,,University of Campinas,27,Eduardo C. Xavier,Brazil,Universidade Estadual de Campinas,sem orcid,sem orcid,Cid de Souza,Brazil,Integer Programming,Combinatorial Optimization,,,,,sem orcid,,,,,,,,,,,,,Algorithms (design and analysis),Operations Research,,,,,,,,,,,,,,,2014,,,,,,,,,,,,,,,,,,,,,,,,,,,,,,,,,,,,,,Masculino,sem orcid,Masculino,não anotado,não anotado,não anotado,não anotado
MESTRADO,https://repositorio.unicamp.br/acervo/detalhe/945944?guid=1652487673305&returnUrl=%2fresultado%2flistar%3fguid%3d1652487673305%26quantidadePaginas%3d1%26codigoRegistro%3d945944%23945944&i=1,orcid.org/0000-0001-8309-6367,orcid.org/0000-0003-0125-630X,sem orcid,,,,,Universidade Estadual de Campinas,28,Ariadne Carvalho,no info,sem orcid,Helio Pedrini,Brazil,sem orcid,sem orcid,,,,,,,University of Campinas,,,,,,,,,,,,,,,image and video processing; machine learning; computer vision,,,,,,,,,,,,,,2014,,,,,,,,,,,,,,,,,,,,,,,,,,,,,,,,,,,,,,Feminino,Masculino,sem orcid,não anotado,não anotado,não anotado,não anotado
MESTRADO,https://repositorio.unicamp.br/acervo/detalhe/945171?guid=1652487755655&returnUrl=%2fresultado%2flistar%3fguid%3d1652487755655%26quantidadePaginas%3d1%26codigoRegistro%3d945171%23945171&i=1,orcid.org/0000-0002-5945-0845,orcid.org/0000-0001-6030-2682,sem orcid,,,,,Universidade Estadual de Campinas,29,Cid de Souza,Brazil,sem orcid,Eduardo C. Xavier,Brazil,sem orcid,sem orcid,,,Integer Programming,Combinatorial Optimization,Algorithms (design and analysis),Operations Research,University of Campinas,,,,,,,,,,,,,,,,,,,,,,,,,,,,,2014,,,,,,,,,,,,,,,,,,,,,,,,,,,,,,,,,,,,,,Masculino,Masculino,sem orcid,não anotado,não anotado,não anotado,não anotado
MESTRADO,https://repositorio.unicamp.br/acervo/detalhe/945177?guid=1652487832875&returnUrl=%2fresultado%2flistar%3fguid%3d1652487832875%26quantidadePaginas%3d1%26codigoRegistro%3d945177%23945177&i=1,orcid.org/0000-0003-2046-602X,sem orcid,orcid.org/0000-0002-1180-2637,,,,,Universidade Estadual de Campinas,30,Nelson L. S. da Fonseca,no info,UNICAMP - University of Campinas,sem orcid,sem orcid,Edmundo Madeira,no info,,,,,,,sem orcid,,,,,,,,,,,,,,,,,,,,,,,,,,,,,2014,,,,,,,,,,,,,,,,,,,,,,,,,,,,,,,,,,,,,,Masculino,sem orcid,Masculino,não anotado,não anotado,não anotado,não anotado
DOUTORADO,https://repositorio.unicamp.br/acervo/detalhe/926513?guid=1652488112317&returnUrl=%2fresultado%2flistar%3fguid%3d1652488112317%26quantidadePaginas%3d1%26codigoRegistro%3d926513%23926513&i=1,orcid.org/0000-0001-9772-263X,orcid.org/0000-0002-7327-848X,sem orcid,orcid.org/0000-0001-6305-9059,orcid.org/0000-0001-8309-6367,,,Universidade Estadual de Campinas,31,Ricardo Torres,Netherlands,sem orcid,Clodoveu Davis,Brazil,sem orcid,sem orcid,,,multimedia retrieval,multimedia classification,machine learning,information visualization,Universidade Federal de Minas Gerais,Universidade Estadual de Campinas,,Luiz Fernando Bittencourt,no info,,,,,Universidade Estadual de Campinas,Ariadne Carvalho,no info,,,,Spatial databases,Geographic Information Systems,Spatial Data Infrastructures,Geocoding,Urban Computing,,,,,,,,,,2014,data science,,,,,,,,,,,,,,,,,,,,,,,,,,,,,,,,,,,,,Masculino,Masculino,sem orcid,Masculino,Feminino,não anotado,não anotado
DOUTORADO,https://repositorio.unicamp.br/acervo/detalhe/928475?guid=1652488192998&returnUrl=%2fresultado%2flistar%3fguid%3d1652488192998%26quantidadePaginas%3d1%26codigoRegistro%3d928475%23928475&i=1,orcid.org/0000-0001-9772-263X,orcid.org/0000-0003-1449-8834,orcid.org/0000-0003-3589-1619,orcid.org/0000-0003-0125-630X,orcid.org/0000-0001-8182-5554,,,Universidade Estadual de Campinas,32,Ricardo Torres,Netherlands,Universidade Federal do Rio Grande do Sul,William Schwartz,Brazil,Renata Galante,no info,,,multimedia retrieval,multimedia classification,machine learning,information visualization,Universidade Federal de Minas Gerais,University of Campinas,,Helio Pedrini,Brazil,,,,,University of Campinas,Leticia Rittner,no info,,,,Computer Vision,Machine Learning,Smart Surveillance,Biometrics,,,image and video processing; machine learning; computer vision,,,,,,,,2014,data science,,,,,,,,,,,,,,,,,,,,,,,,,,,,,,,,,,,,,Masculino,Masculino,Feminino,Masculino,Feminino,não anotado,não anotado
DOUTORADO,https://repositorio.unicamp.br/acervo/detalhe/959664?guid=1652488287661&returnUrl=%2fresultado%2flistar%3fguid%3d1652488287661%26quantidadePaginas%3d1%26codigoRegistro%3d959664%23959664&i=2,sem orcid,sem orcid,orcid.org/0000-0003-3233-0314,orcid.org/0000-0002-1756-4852,sem orcid,,,sem orcid,33,sem orcid,sem orcid,Federal University of São Carlos,sem orcid,sem orcid,Joice Lee Otsuka,Brazil,educational game,accessibility,,,,,sem orcid,sem orcid,,André Santanchè,no info,,,,,Universidade Estadual de Campinas,sem orcid,sem orcid,,inclusive design,serious game,,,,,,,,,,,,,,,2014,,,,,,,,,,,,,,,,,,,,,,,,,,,,,,,,,,,,,,sem orcid,sem orcid,Feminino,Masculino,sem orcid,não anotado,não anotado
DOUTORADO,https://repositorio.unicamp.br/acervo/detalhe/926520?guid=1652488353307&returnUrl=%2fresultado%2flistar%3fguid%3d1652488353307%26quantidadePaginas%3d1%26codigoRegistro%3d926520%23926520&i=1,orcid.org/0000-0002-8803-0401,sem orcid,sem orcid,orcid.org/0000-0003-4869-5190,orcid.org/0000-0002-3891-1593,,,UNICAMP,34,Rodolfo Azevedo,Brazil,sem orcid,sem orcid,sem orcid,sem orcid,sem orcid,,,,,,,sem orcid,Universidade Estadual de Campinas,,Guido Araujo,no info,,,,,Universidade Estadual de Campinas,mario cortes,no info,,,,,,,,,,,,,,,,,,2014,,,,,,,,,,,,,,,,,,,,,,,,,,,,,,,,,,,,,,Masculino,sem orcid,sem orcid,Masculino,Masculino,não anotado,não anotado
DOUTORADO,https://repositorio.unicamp.br/acervo/detalhe/932513?guid=1652488426363&returnUrl=%2fresultado%2flistar%3fguid%3d1652488426363%26quantidadePaginas%3d1%26codigoRegistro%3d932513%23932513&i=2,orcid.org/0000-0002-4236-8212,orcid.org/0000-0001-5685-8004,orcid.org/0000-0002-9707-799X,sem orcid,sem orcid,,,Universidade Estadual de Campinas,35,Anderson Rocha,Brazil,Universidade Estadual de Campinas (UNICAMP),Siome Goldenstein,no info,José Mario De Martino,no info,,,Machine Intelligence; Digital Forensics; Reasoning for Complex Data,,,,no info,sem orcid,,sem orcid,sem orcid,,,,,sem orcid,sem orcid,sem orcid,,,,,,,,,,,,,,,,,,2014,,,,,,,,,,,,,,,,,,,,,,,,,,,,,,,,,,,,,,Masculino,Masculino,Masculino,sem orcid,sem orcid,não anotado,não anotado
DOUTORADO,https://repositorio.unicamp.br/acervo/detalhe/931981?guid=1652488475317&returnUrl=%2fresultado%2flistar%3fguid%3d1652488475317%26quantidadePaginas%3d1%26codigoRegistro%3d931981%23931981&i=1,orcid.org/0000-0002-7002-875X,sem orcid,orcid.org/0000-0002-1957-9943,orcid.org/0000-0002-6731-1482,orcid.org/0000-0002-2457-0783,,,University of Campinas,36,Ricardo Dahab,Brazil,University of Brasilia,sem orcid,sem orcid,Mylene Farias,United States,quality of experience,signal processing,Cryptography, Graph Theory,,,sem orcid,Aarhus University,,Julio Cesar Lopez Hernandez,Mexico,,,,,no info,Diego F. Aranha,Denmark,,image processing,quality assessment,,,,,,,,,,Cryptography, Computer Security,,,,2014,,,,,,,,,,,,,,,,,,,,,,,,,,,,,,,,,,,,,,Masculino,sem orcid,Feminino,Masculino,Masculino,não anotado,não anotado
DOUTORADO,https://repositorio.unicamp.br/acervo/detalhe/937441?guid=1652488519790&returnUrl=%2fresultado%2flistar%3fguid%3d1652488519790%26quantidadePaginas%3d1%26codigoRegistro%3d937441%23937441&i=5,orcid.org/0000-0002-4830-5298,orcid.org/0000-0003-0683-7672,orcid.org/0000-0002-1347-186X,sem orcid,sem orcid,sem orcid,,Universidade Estadual de Campinas,37,Maria Cecilia Calani Baranauskas,Brazil,no info,Anamaria Gomide,no info,Jose Armando Valente,no info,,,HCI,Socially Aware Design,Organizational Semiotics,Participatory Design,no info,sem orcid,sem orcid,sem orcid,sem orcid,,,sem orcid,sem orcid,sem orcid,sem orcid,sem orcid,,,,,,,,,,,,,,,,,,2014,,,,,,,,,,,,,,,,,,,,,,,,,,,,,,,,,,,,,,Feminino,Feminino,Masculino,sem orcid,sem orcid,sem orcid,não anotado
DOUTORADO,https://repositorio.unicamp.br/acervo/detalhe/931099?guid=1652488553589&returnUrl=%2fresultado%2flistar%3fguid%3d1652488553589%26quantidadePaginas%3d1%26codigoRegistro%3d931099%23931099&i=1,orcid.org/0000-0003-1908-4753,orcid.org/0000-0003-4549-7105,orcid.org/0000-0001-9886-3506,orcid.org/0000-0003-0040-0752,sem orcid,,,Universidade Estadual de Campinas Instituto de Computação,38,Claudia Medeiros,Brazil,State University of Campinas,Cecilia Mary Fischer Rubira Rubira,no info,Ana Estela Antunes da Silva,Brazil,mineração de texto, aprendizado de máquina,Scientific data management, Data interoperability, Open Science,,no info,sem orcid,,"Nunes, FLS",Brazil,,,,,no info,sem orcid,sem orcid,,,,,,,,,,,,,,,,,,2014,,,,,,,,,,,,,,,,,,,,,,,,,,,,,,,,,,,,,,Feminino,Feminino,Feminino,Feminino,sem orcid,não anotado,não anotado
DOUTORADO,https://repositorio.unicamp.br/acervo/detalhe/931972?guid=1652488618999&returnUrl=%2fresultado%2flistar%3fguid%3d1652488618999%26quantidadePaginas%3d1%26codigoRegistro%3d931972%23931972&i=1,orcid.org/0000-0002-2914-5380,orcid.org/0000-0003-4861-7061,orcid.org/0000-0001-6574-341X,orcid.org/0000-0003-0125-630X,orcid.org/0000-0002-4236-8212,,,Universidade Estadual de Campinas,39,Alexandre Falcao,Brazil,no info,Aparecido Nilceu Marana,no info,Arnaldo  De Albuquerque Araujo ,no info,,,image processing, visualization, and analysis, (interactive) machine learning ,Universidade Estadual Paulista Júlio de Mesquita Filho,Universidade Estadual de Campinas,,Helio Pedrini,Brazil,,,,,University of Campinas,Anderson Rocha,Brazil,,,,,,,,,,image and video processing; machine learning; computer vision,,,Machine Intelligence; Digital Forensics; Reasoning for Complex Data,,,,,2014,,,,,,,,,,,,,,,,,,,,,,,,,,,,,,,,,,,,,,Masculino,Masculino,Masculino,Masculino,Masculino,não anotado,não anotado
DOUTORADO,https://repositorio.unicamp.br/acervo/detalhe/932013?guid=1652488673635&returnUrl=%2fresultado%2flistar%3fguid%3d1652488673635%26quantidadePaginas%3d1%26codigoRegistro%3d932013%23932013&i=1,orcid.org/0000-0002-1067-6421,orcid.org/0000-0002-7538-7305,orcid.org/0000-0002-9598-5732,orcid.org/0000-0002-5259-2859,orcid.org/0000-0003-2998-6785,,,no info,40,Flávio K. Miyazawa,no info,no info,Jayme L Szwarcfiter,no info,Luciana Buriol,no info,,,,,,,Universidade Federal do Rio de Janeiro,State University of Campinas,,Cristina G. Fernandes,no info,,,,,University of Sao Paulo,LUIS MEIRA,Brazil,,,,,,,,,,approximation algorithms,,,optimization,Algorithms,Petroleum engineering,graphs,,2014,,,,,,,,,,,,,,,,,,,,,,,,,,,,,,,,,,,,,,Masculino,Masculino,Feminino,Feminino,Masculino,não anotado,não anotado
DOUTORADO,https://repositorio.unicamp.br/acervo/detalhe/934681?guid=1652488743060&returnUrl=%2fresultado%2flistar%3fguid%3d1652488743060%26quantidadePaginas%3d1%26codigoRegistro%3d934681%23934681&i=2,orcid.org/0000-0003-1908-4753,orcid.org/0000-0002-7327-848X,orcid.org/0000-0003-4890-1548,orcid.org/0000-0002-1756-4852,orcid.org/0000-0002-8972-080X,,,Universidade Estadual de Campinas Instituto de Computação,41,Claudia Medeiros,Brazil,Universidade de São Paulo,Clodoveu Davis,Brazil,"Digiampietri, L.A. ; Digiampietri, L. ; Digiampietri, Luciano ; Digiampietri, Luciano Antonio",Brazil, Bioinformatics, Workflow Management,Scientific data management, Data interoperability, Open Science,,Universidade Federal de Minas Gerais,State University of Campinas,,André Santanchè,no info,,,,,Universidade Estadual de Campinas,Fábio Usberti,no info,,Social Network Analysis,,Spatial databases,Geographic Information Systems,Spatial Data Infrastructures,Geocoding,Urban Computing,,,,,,,,,,2014,,,,,,,,,,,,,,,,,,,,,,,,,,,,,,,,,,,,,,Feminino,Masculino,Masculino,Masculino,Masculino,não anotado,não anotado
DOUTORADO,https://repositorio.unicamp.br/acervo/detalhe/945050?guid=1652488798203&returnUrl=%2fresultado%2flistar%3fguid%3d1652488798203%26quantidadePaginas%3d1%26codigoRegistro%3d945050%23945050&i=3,orcid.org/0000-0002-1180-2637,sem orcid,sem orcid,orcid.org/0000-0002-6023-5982,orcid.org/0000-0003-2046-602X,,,UNICAMP - University of Campinas,42,Edmundo Madeira,no info,sem orcid,sem orcid,sem orcid,sem orcid,sem orcid,,,,,,,sem orcid,Universidade Estadual de Campinas,,Islene Calciolari Garcia,no info,,,,,University of Campinas,Nelson L. S. da Fonseca,no info,,,,,,,,,,,,,,,,,,2014,,,,,,,,,,,,,,,,,,,,,,,,,,,,,,,,,,,,,,Masculino,sem orcid,sem orcid,Feminino,Masculino,não anotado,não anotado
DOUTORADO,https://repositorio.unicamp.br/acervo/detalhe/947717?guid=1652488974980&returnUrl=%2fresultado%2flistar%3fguid%3d1652488974980%26quantidadePaginas%3d1%26codigoRegistro%3d947717%23947717&i=1,orcid.org/0000-0002-7002-875X,orcid.org/0000-0001-9242-2806,sem orcid,orcid.org/0000-0002-2457-0783,orcid.org/0000-0002-8837-9291,,,University of Campinas,43,Ricardo Dahab,Brazil,sem orcid,Routo Terada,Brazil,sem orcid,sem orcid,,,Cryptography, Graph Theory,,,Universidade de São Paulo,University of Campinas,,Diego F. Aranha,Denmark,,,,,Aarhus University,Sueli I. R. Costa,no info,,,,Cryptography,,,,,,Cryptography, Computer Security,,Lattices and applications to coding and cryptography,Information geometry,,,,2014,,,,,,,,,,,,,,,,,,,,,,,,,,,,,,,,,,,,,,Masculino,Masculino,sem orcid,Masculino,Feminino,não anotado,não anotado
MESTRADO,https://repositorio.unicamp.br/acervo/detalhe/953355?guid=1652546717193&returnUrl=%2fresultado%2flistar%3fguid%3d1652546717193%26quantidadePaginas%3d1%26codigoRegistro%3d953355%23953355&i=1,orcid.org/0000-0003-2046-602X,orcid.org/0000-0001-9756-378X,orcid.org/0000-0002-1067-6421,,,,,Universidade Estadual de Campinas,0,Nelson L. S. da Fonseca,no info,no info,"Figueiredo, G.B.",no info,Flávio K. Miyazawa,no info,,,,,,,Federal University of Bahia,,,,,,,,,,,,,,,,,,,,,,,,,,,,,2015,,,,,,,,,,,,,,,,,,,,,,,,,,,,,,,,,,,,,,Masculino,Masculino,Masculino,não anotado,não anotado,não anotado,não anotado
MESTRADO,https://repositorio.unicamp.br/acervo/detalhe/947723?guid=1652546767341&returnUrl=%2fresultado%2flistar%3fguid%3d1652546767341%26quantidadePaginas%3d1%26codigoRegistro%3d947723%23947723&i=1,orcid.org/0000-0001-6030-2682,sem orcid,orcid.org/0000-0002-1067-6421,,,,,University of Campinas,1,Eduardo C. Xavier,Brazil,no info,sem orcid,sem orcid,Flávio K. Miyazawa,no info,,,,,,,sem orcid,,,,,,,,,,,,,,,,,,,,,,,,,,,,,2015,,,,,,,,,,,,,,,,,,,,,,,,,,,,,,,,,,,,,,Masculino,sem orcid,Masculino,não anotado,não anotado,não anotado,não anotado
MESTRADO,https://repositorio.unicamp.br/acervo/detalhe/950532?guid=1652546812514&returnUrl=%2fresultado%2flistar%3fguid%3d1652546812514%26quantidadePaginas%3d1%26codigoRegistro%3d950532%23950532&i=2,orcid.org/0000-0002-8803-0401,orcid.org/0000-0003-3738-6448,sem orcid,,,,,UNICAMP,2,Rodolfo Azevedo,Brazil,sem orcid,Bruno Albertini,no info,sem orcid,sem orcid,,,,,,,Universidade de São Paulo,,,,,,,,,,,,,,,,,,,,,,,,,,,,,2015,,,,,,,,,,,,,,,,,,,,,,,,,,,,,,,,,,,,,,Masculino,Masculino,sem orcid,não anotado,não anotado,não anotado,não anotado
MESTRADO,https://repositorio.unicamp.br/acervo/detalhe/947734?guid=1652546846628&returnUrl=%2fresultado%2flistar%3fguid%3d1652546846628%26quantidadePaginas%3d1%26codigoRegistro%3d947734%23947734&i=1,sem orcid,sem orcid,orcid.org/0000-0003-4462-3325,,,,,sem orcid,3,sem orcid,sem orcid,University of Campinas,sem orcid,sem orcid,Orlando Lee,no info,,,,,,,sem orcid,,,,,,,,,,,,,,,,,,,,,,,,,,,,,2015,,,,,,,,,,,,,,,,,,,,,,,,,,,,,,,,,,,,,,sem orcid,sem orcid,Masculino,não anotado,não anotado,não anotado,não anotado
MESTRADO,https://repositorio.unicamp.br/acervo/detalhe/951382?guid=1652546888549&returnUrl=%2fresultado%2flistar%3fguid%3d1652546888549%26quantidadePaginas%3d1%26codigoRegistro%3d951382%23951382&i=4,orcid.org/0000-0003-2046-602X,sem orcid,orcid.org/0000-0002-3372-3366,,,,,Universidade Estadual de Campinas,4,Nelson L. S. da Fonseca,no info,Universidade Estadual de Campinas,sem orcid,sem orcid,Leandro Villas,Brazil,,,,,,,sem orcid,,,,,,,,,,,,,,,,,,,,,,,,,,,,,2015,,,,,,,,,,,,,,,,,,,,,,,,,,,,,,,,,,,,,,Masculino,sem orcid,Masculino,não anotado,não anotado,não anotado,não anotado
MESTRADO,https://repositorio.unicamp.br/acervo/detalhe/951350?guid=1652546943728&returnUrl=%2fresultado%2flistar%3fguid%3d1652546943728%26quantidadePaginas%3d1%26codigoRegistro%3d951350%23951350&i=1,orcid.org/0000-0002-2914-5380,sem orcid,orcid.org/0000-0002-9529-4253,,,,,Universidade Estadual de Campinas,5,Alexandre Falcao,Brazil,University of Campinas,sem orcid,sem orcid,Pedro J. de Rezende,no info,,,image processing, visualization, and analysis, (interactive) machine learning ,sem orcid,,,,,,,,,,,,,,,,,,,,,,,,,,,,,2015,,,,,,,,,,,,,,,,,,,,,,,,,,,,,,,,,,,,,,Masculino,sem orcid,Masculino,não anotado,não anotado,não anotado,não anotado
MESTRADO,https://repositorio.unicamp.br/acervo/detalhe/951355?guid=1652547093586&returnUrl=%2fresultado%2flistar%3fguid%3d1652547093586%26quantidadePaginas%3d1%26codigoRegistro%3d951355%23951355&i=1,orcid.org/0000-0002-2914-5380,sem orcid,orcid.org/0000-0001-5015-2131,,,,,Universidade Estadual de Campinas,6,Alexandre Falcao,Brazil,no info,sem orcid,sem orcid,Neucimar Leite,no info,,,image processing, visualization, and analysis, (interactive) machine learning ,sem orcid,,,,,,,,,,,,,,,,,,,,,,,,,,,,,2015,,,,,,,,,,,,,,,,,,,,,,,,,,,,,,,,,,,,,,Masculino,sem orcid,Masculino,não anotado,não anotado,não anotado,não anotado
MESTRADO,https://repositorio.unicamp.br/acervo/detalhe/951342?guid=1652547139749&returnUrl=%2fresultado%2flistar%3fguid%3d1652547139749%26quantidadePaginas%3d1%26codigoRegistro%3d951342%23951342&i=1,orcid.org/0000-0002-2914-5380,orcid.org/0000-0003-0125-630X,sem orcid,,,,,Universidade Estadual de Campinas,7,Alexandre Falcao,Brazil,sem orcid,Helio Pedrini,Brazil,sem orcid,sem orcid,,,image processing, visualization, and analysis, (interactive) machine learning ,University of Campinas,,,,,,,,,,,,,,,image and video processing; machine learning; computer vision,,,,,,,,,,,,,,2015,,,,,,,,,,,,,,,,,,,,,,,,,,,,,,,,,,,,,,Masculino,Masculino,sem orcid,não anotado,não anotado,não anotado,não anotado
MESTRADO,https://repositorio.unicamp.br/acervo/detalhe/950343?guid=1652547199871&returnUrl=%2fresultado%2flistar%3fguid%3d1652547199871%26quantidadePaginas%3d1%26codigoRegistro%3d950343%23950343&i=1,orcid.org/0000-0001-9772-263X,orcid.org/0000-0003-2973-2232,orcid.org/0000-0002-4236-8212,,,,,Universidade Estadual de Campinas,8,Ricardo Torres,Netherlands,Universidade Estadual de Campinas,Erickson R. Nascimento,Brazil,Anderson Rocha,Brazil,Machine Intelligence; Digital Forensics; Reasoning for Complex Data,,multimedia retrieval,multimedia classification,machine learning,information visualization,Universidade Federal de Minas Gerais,,,,,,,,,,,,,,,Computer Vision,Pattern Recognition,Underwater Imaging,,,,,,,,,,,,2015,data science,,,,,,,,,,,,,,,,,,,,,,,,,,,,,,,,,,,,,Masculino,Masculino,Masculino,não anotado,não anotado,não anotado,não anotado
MESTRADO,https://repositorio.unicamp.br/acervo/detalhe/953592?guid=1652547225588&returnUrl=%2fresultado%2flistar%3fguid%3d1652547225588%26quantidadePaginas%3d1%26codigoRegistro%3d953592%23953592&i=1,orcid.org/0000-0003-4290-6508,orcid.org/0000-0002-1756-4852,sem orcid,,,,,no info,9,Eliane Martins,no info,sem orcid,André Santanchè,no info,sem orcid,sem orcid,,,,,,,Universidade Estadual de Campinas,,,,,,,,,,,,,,,,,,,,,,,,,,,,,2015,,,,,,,,,,,,,,,,,,,,,,,,,,,,,,,,,,,,,,Feminino,Masculino,sem orcid,não anotado,não anotado,não anotado,não anotado
MESTRADO,https://repositorio.unicamp.br/acervo/detalhe/959748?guid=1652547274898&returnUrl=%2fresultado%2flistar%3fguid%3d1652547274898%26quantidadePaginas%3d1%26codigoRegistro%3d959748%23959748&i=1,orcid.org/0000-0001-9772-263X,orcid.org/0000-0003-4177-1322,orcid.org/0000-0002-4248-2744,,,,,Universidade Estadual de Campinas,10,Ricardo Torres,Netherlands,no info,Debora Drucker,Brazil,Heiko Hornung,no info,,,multimedia retrieval,multimedia classification,machine learning,information visualization,Embrapa Agricultura Digital,,,,,,,,,,,,,,,,,,,,,,,,,,,,,2015,data science,,,,,,,,,,,,,,,,,,,,,,,,,,,,,,,,,,,,,Masculino,Feminino,Masculino,não anotado,não anotado,não anotado,não anotado
MESTRADO,https://repositorio.unicamp.br/acervo/detalhe/959651?guid=1652547361334&returnUrl=%2fresultado%2flistar%3fguid%3d1652547361334%26quantidadePaginas%3d1%26codigoRegistro%3d959651%23959651&i=1,orcid.org/0000-0002-4236-8212,orcid.org/0000-0001-9722-5764,orcid.org/0000-0003-0125-630X,,,,,Universidade Estadual de Campinas,11,Anderson Rocha,Brazil,University of Campinas,Nina S. T. Hirata,no info,Helio Pedrini,Brazil,image and video processing; machine learning; computer vision,,Machine Intelligence; Digital Forensics; Reasoning for Complex Data,,,,Universidade de São Paulo,,,,,,,,,,,,,,,Machine Learning, Deep learning, Pattern Recognition, Image analysis, Image Processing,,,,,,,,,,2015,,,,,,,,,,,,,,,,,,,,,,,,,,,,,,,,,,,,,,Masculino,Feminino,Masculino,não anotado,não anotado,não anotado,não anotado
MESTRADO,https://repositorio.unicamp.br/acervo/detalhe/954851?guid=1652547489985&returnUrl=%2fresultado%2flistar%3fguid%3d1652547489985%26quantidadePaginas%3d1%26codigoRegistro%3d954851%23954851&i=2,orcid.org/0000-0003-4237-4281,sem orcid,orcid.org/0000-0002-8639-3532,,,,,University of Campinas,12,C. N. Campos,Brazil,Federal University of Technology - Paraná,sem orcid,sem orcid,Sheila Almeida,Brazil,,,,,,,sem orcid,,,,,,,,,,,,,,,,,,,,,,,,,,,,,2015,,,,,,,,,,,,,,,,,,,,,,,,,,,,,,,,,,,,,,Feminino,sem orcid,Feminino,não anotado,não anotado,não anotado,não anotado
MESTRADO,https://repositorio.unicamp.br/acervo/detalhe/956228?guid=1652547545574&returnUrl=%2fresultado%2flistar%3fguid%3d1652547545574%26quantidadePaginas%3d1%26codigoRegistro%3d956228%23956228&i=1,orcid.org/0000-0003-1783-4231,orcid.org/0000-0002-2312-7042,orcid.org/0000-0002-6023-5982,,,,,Universidade Estadual de Campinas,13,Edson Borin,no info,University of Campinas,Mario Dantas,Brazil,Islene Calciolari Garcia,no info,,,,,,,Universidade Federal de Santa Catarina,,,,,,,,,,,,,,,HPC, Data Intensive Scalable Computing, E-Heath, HCI,Distributed and Parallel Computing,,,,,,,,,,2015,,,,,,,,, IoT,,,,,,,,,,,,,,,,,,,,,,,,,,,,,Masculino,Masculino,Feminino,não anotado,não anotado,não anotado,não anotado
MESTRADO,https://repositorio.unicamp.br/acervo/detalhe/955540?guid=1652547593529&returnUrl=%2fresultado%2flistar%3fguid%3d1652547593529%26quantidadePaginas%3d1%26codigoRegistro%3d955540%23955540&i=7,orcid.org/0000-0002-3891-1593,orcid.org/0000-0003-4869-5190,orcid.org/0000-0001-5597-613X,,,,,Universidade Estadual de Campinas,14,mario cortes,no info,Federal University of ABC,Guido Araujo,no info,Carlos Alberto dos Reis Filho,no info,,,,,,,Universidade Estadual de Campinas,,,,,,,,,,,,,,,,,,,,,,,,,,,,,2015,,,,,,,,,,,,,,,,,,,,,,,,,,,,,,,,,,,,,,Masculino,Masculino,Masculino,não anotado,não anotado,não anotado,não anotado
MESTRADO,https://repositorio.unicamp.br/acervo/detalhe/954212?guid=1652547649823&returnUrl=%2fresultado%2flistar%3fguid%3d1652547649823%26quantidadePaginas%3d1%26codigoRegistro%3d954212%23954212&i=1,orcid.org/0000-0001-6030-2682,sem orcid,orcid.org/0000-0002-8603-699X,,,,,University of Campinas,15,Eduardo C. Xavier,Brazil,University of Campinas,sem orcid,sem orcid,Juliana Freitag Borin,Brazil,Internet of Things, Smart Cities,,,,,sem orcid,,,,,,,,,,,,, Computer network protocols,,,,,,,,,,,,,,,,2015,,,,,,,,,,,,,,,,,,,,,,,,,,,,,,,,,,,,,,Masculino,sem orcid,Feminino,não anotado,não anotado,não anotado,não anotado
MESTRADO,https://repositorio.unicamp.br/acervo/detalhe/953631?guid=1652547712371&returnUrl=%2fresultado%2flistar%3fguid%3d1652547712371%26quantidadePaginas%3d1%26codigoRegistro%3d953631%23953631&i=2,orcid.org/0000-0003-1908-4753,orcid.org/0000-0003-4549-7105,orcid.org/0000-0002-7603-9695,,,,,Universidade Estadual de Campinas Instituto de Computação,16,Claudia Medeiros,Brazil,Universidade Estadual de Campinas,Cecilia Mary Fischer Rubira Rubira,no info,Leonardo Montecchi,Norway,,,Scientific data management, Data interoperability, Open Science,,no info,,,,,,,,,,,,,,,,,,,,,,,,,,,,,2015,,,,,,,,,,,,,,,,,,,,,,,,,,,,,,,,,,,,,,Feminino,Feminino,Masculino,não anotado,não anotado,não anotado,não anotado
MESTRADO,https://repositorio.unicamp.br/acervo/detalhe/953626?guid=1652547779538&returnUrl=%2fresultado%2flistar%3fguid%3d1652547779538%26quantidadePaginas%3d1%26codigoRegistro%3d953626%23953626&i=1,orcid.org/0000-0003-0125-630X,orcid.org/0000-0001-5015-2131,orcid.org/0000-0003-0040-0752,,,,,University of Campinas,17,Helio Pedrini,Brazil,no info,Neucimar Leite,no info,"Nunes, FLS",Brazil,,,image and video processing; machine learning; computer vision,,,,no info,,,,,,,,,,,,,,,,,,,,,,,,,,,,,2015,,,,,,,,,,,,,,,,,,,,,,,,,,,,,,,,,,,,,,Masculino,Masculino,Feminino,não anotado,não anotado,não anotado,não anotado
MESTRADO,https://repositorio.unicamp.br/acervo/detalhe/955292?guid=1652547872021&returnUrl=%2fresultado%2flistar%3fguid%3d1652547872021%26quantidadePaginas%3d1%26codigoRegistro%3d955292%23955292&i=1,orcid.org/0000-0003-3333-6822,orcid.org/0000-0001-5615-1746,orcid.org/0000-0003-2608-4807,,,,,University of Campinas,18,Zanoni Dias,Brazil,Universidade Estadual de Campinas,Nalvo F Almeida,Brazil,Guilherme P. Telles,Brazil,,,,,,,Universidade Federal de Mato Grosso do Sul,,,,,,,,,,,,,,,,,,,,,,,,,,,,,2015,,,,,,,,,,,,,,,,,,,,,,,,,,,,,,,,,,,,,,Masculino,Masculino,Masculino,não anotado,não anotado,não anotado,não anotado
MESTRADO,https://repositorio.unicamp.br/acervo/detalhe/953639?guid=1652547954403&returnUrl=%2fresultado%2flistar%3fguid%3d1652547954403%26quantidadePaginas%3d1%26codigoRegistro%3d953639%23953639&i=1,orcid.org/0000-0003-0125-630X,sem orcid,orcid.org/0000-0002-3159-4839,,,,,University of Campinas,19,Helio Pedrini,Brazil,State University of Campinas,sem orcid,sem orcid,Jorge Stolfi,no info,,,image and video processing; machine learning; computer vision,,,,sem orcid,,,,,,,,,,,,,,,,,,,,,,,,,,,,,2015,,,,,,,,,,,,,,,,,,,,,,,,,,,,,,,,,,,,,,Masculino,sem orcid,Masculino,não anotado,não anotado,não anotado,não anotado
MESTRADO,https://repositorio.unicamp.br/acervo/detalhe/954777?guid=1652548027183&returnUrl=%2fresultado%2flistar%3fguid%3d1652548027183%26quantidadePaginas%3d1%26codigoRegistro%3d954777%23954777&i=1,orcid.org/0000-0003-2608-4807,orcid.org/0000-0001-9772-263X,sem orcid,,,,,Universidade Estadual de Campinas,20,Guilherme P. Telles,Brazil,sem orcid,Ricardo Torres,Netherlands,sem orcid,sem orcid,,,,,,,Universidade Estadual de Campinas,,,,,,,,,,,,,,,multimedia retrieval,multimedia classification,machine learning,information visualization,data science,,,,,,,,,,2015,,,,,,,,,,,,,,,,,,,,,,,,,,,,,,,,,,,,,,Masculino,Masculino,sem orcid,não anotado,não anotado,não anotado,não anotado
MESTRADO,https://repositorio.unicamp.br/acervo/detalhe/953596?guid=1652548098605&returnUrl=%2fresultado%2flistar%3fguid%3d1652548098605%26quantidadePaginas%3d1%26codigoRegistro%3d953596%23953596&i=1,orcid.org/0000-0003-1908-4753,sem orcid,orcid.org/0000-0002-1756-4852,,,,,Universidade Estadual de Campinas Instituto de Computação,21,Claudia Medeiros,Brazil,Universidade Estadual de Campinas,sem orcid,sem orcid,André Santanchè,no info,,,Scientific data management, Data interoperability, Open Science,,sem orcid,,,,,,,,,,,,,,,,,,,,,,,,,,,,,2015,,,,,,,,,,,,,,,,,,,,,,,,,,,,,,,,,,,,,,Feminino,sem orcid,Masculino,não anotado,não anotado,não anotado,não anotado
MESTRADO,https://repositorio.unicamp.br/acervo/detalhe/953644?guid=1652548179394&returnUrl=%2fresultado%2flistar%3fguid%3d1652548179394%26quantidadePaginas%3d1%26codigoRegistro%3d953644%23953644&i=1,orcid.org/0000-0003-1908-4753,sem orcid,orcid.org/0000-0001-8309-6367,,,,,Universidade Estadual de Campinas Instituto de Computação,22,Claudia Medeiros,Brazil,Universidade Estadual de Campinas,sem orcid,sem orcid,Ariadne Carvalho,no info,,,Scientific data management, Data interoperability, Open Science,,sem orcid,,,,,,,,,,,,,,,,,,,,,,,,,,,,,2015,,,,,,,,,,,,,,,,,,,,,,,,,,,,,,,,,,,,,,Feminino,sem orcid,Feminino,não anotado,não anotado,não anotado,não anotado
MESTRADO,https://repositorio.unicamp.br/acervo/detalhe/954809?guid=1652548272823&returnUrl=%2fresultado%2flistar%3fguid%3d1652548272823%26quantidadePaginas%3d1%26codigoRegistro%3d954809%23954809&i=3,orcid.org/0000-0003-0125-630X,orcid.org/0000-0003-2059-9463,orcid.org/0000-0001-5015-2131,,,,,University of Campinas,23,Helio Pedrini,Brazil,no info,Moacir Ponti,no info,Neucimar Leite,no info,,,image and video processing; machine learning; computer vision,,,,Universidade de São Paulo,,,,,,,,,,,,,,,,,,,,,,,,,,,,,2015,,,,,,,,,,,,,,,,,,,,,,,,,,,,,,,,,,,,,,Masculino,Masculino,Masculino,não anotado,não anotado,não anotado,não anotado
MESTRADO,https://repositorio.unicamp.br/acervo/detalhe/955270?guid=1652548406551&returnUrl=%2fresultado%2flistar%3fguid%3d1652548406551%26quantidadePaginas%3d1%26codigoRegistro%3d955270%23955270&i=1,orcid.org/0000-0003-0125-630X,orcid.org/0000-0001-8229-3385,orcid.org/0000-0002-3152-4523,,,,,University of Campinas,24,Helio Pedrini,Brazil,University of Campinas,Afonso Paiva,Brazil,Shin-Ting Wu,no info,,,image and video processing; machine learning; computer vision,,,,Universidade de São Paulo Instituto de Ciências Matemáticas e de Computação,,,,,,,,,,,,,,,,,,,,,,,,,,,,,2015,,,,,,,,,,,,,,,,,,,,,,,,,,,,,,,,,,,,,,Masculino,Masculino,Feminino,não anotado,não anotado,não anotado,não anotado
MESTRADO,https://repositorio.unicamp.br/acervo/detalhe/959703?guid=1652548475889&returnUrl=%2fresultado%2flistar%3fguid%3d1652548475889%26quantidadePaginas%3d1%26codigoRegistro%3d959703%23959703&i=4,orcid.org/0000-0002-3372-3366,orcid.org/0000-0002-1953-9132,orcid.org/0000-0002-6023-5982,,,,,Universidade Estadual de Campinas,25,Leandro Villas,Brazil,University of Campinas,Daniel L. Guidoni,Brazil,Islene Calciolari Garcia,no info,,,,,,,Universidade Federal de Ouro Preto,,,,,,,,,,,,,,,,,,,,,,,,,,,,,2015,,,,,,,,,,,,,,,,,,,,,,,,,,,,,,,,,,,,,,Masculino,Masculino,Feminino,não anotado,não anotado,não anotado,não anotado
MESTRADO,https://repositorio.unicamp.br/acervo/detalhe/956223?guid=1652548525927&returnUrl=%2fresultado%2flistar%3fguid%3d1652548525927%26quantidadePaginas%3d1%26codigoRegistro%3d956223%23956223&i=1,orcid.org/0000-0002-3823-8941,orcid.org/0000-0002-6023-5982,orcid.org/0000-0003-2314-5117,,,,,University of Campinas,26,Luiz Eduardo Buzato,Brazil,no info,Islene Calciolari Garcia,no info,Alcides Calsavara,no info,,,distributed systems,distributed algorithms,fault tolerance,,University of Campinas,,,,,,,,,,,,,,,,,,,,,,,,,,,,,2015,,,,,,,,,,,,,,,,,,,,,,,,,,,,,,,,,,,,,,Masculino,Feminino,Masculino,não anotado,não anotado,não anotado,não anotado
MESTRADO,https://repositorio.unicamp.br/acervo/detalhe/954495?guid=1652548585733&returnUrl=%2fresultado%2flistar%3fguid%3d1652548585733%26quantidadePaginas%3d1%26codigoRegistro%3d954495%23954495&i=1,sem orcid,sem orcid,orcid.org/0000-0002-6731-1482,,,,,sem orcid,27,sem orcid,sem orcid,no info,sem orcid,sem orcid,Julio Cesar Lopez Hernandez,Mexico,,,,,,,sem orcid,,,,,,,,,,,,,,,,,,,,,,,,,,,,,2015,,,,,,,,,,,,,,,,,,,,,,,,,,,,,,,,,,,,,,sem orcid,sem orcid,Masculino,não anotado,não anotado,não anotado,não anotado
MESTRADO,https://repositorio.unicamp.br/acervo/detalhe/967502?guid=1652548624253&returnUrl=%2fresultado%2flistar%3fguid%3d1652548624253%26quantidadePaginas%3d1%26codigoRegistro%3d967502%23967502&i=2,orcid.org/0000-0002-7002-875X,orcid.org/0000-0002-3823-8941,orcid.org/0000-0003-1783-4231,sem orcid,,,,University of Campinas,28,Ricardo Dahab,Brazil,Universidade Estadual de Campinas,Luiz Eduardo Buzato,Brazil,Edson Borin,no info,,,Cryptography, Graph Theory,,,University of Campinas,,,sem orcid,sem orcid,,,,,sem orcid,,,,,,distributed systems,distributed algorithms,fault tolerance,,,,,,,,,,,,2015,,,,,,,,,,,,,,,,,,,,,,,,,,,,,,,,,,,,,,Masculino,Masculino,Masculino,sem orcid,não anotado,não anotado,não anotado
MESTRADO,https://repositorio.unicamp.br/acervo/detalhe/960993?guid=1652548675298&returnUrl=%2fresultado%2flistar%3fguid%3d1652548675298%26quantidadePaginas%3d1%26codigoRegistro%3d960993%23960993&i=2,orcid.org/0000-0001-9772-263X,orcid.org/0000-0002-5243-0921,orcid.org/0000-0002-4236-8212,,,,,Universidade Estadual de Campinas,29,Ricardo Torres,Netherlands,Universidade Estadual de Campinas,Fernanda Andaló,no info,Anderson Rocha,Brazil,Machine Intelligence; Digital Forensics; Reasoning for Complex Data,,multimedia retrieval,multimedia classification,machine learning,information visualization,no info,,,,,,,,,,,,,,,,,,,,,,,,,,,,,2015,data science,,,,,,,,,,,,,,,,,,,,,,,,,,,,,,,,,,,,,Masculino,Feminino,Masculino,não anotado,não anotado,não anotado,não anotado
MESTRADO,https://repositorio.unicamp.br/acervo/detalhe/959740?guid=1652548736432&returnUrl=%2fresultado%2flistar%3fguid%3d1652548736432%26quantidadePaginas%3d1%26codigoRegistro%3d959740%23959740&i=1,orcid.org/0000-0003-2046-602X,orcid.org/0000-0001-8515-0582,orcid.org/0000-0002-1180-2637,,,,,Universidade Estadual de Campinas,30,Nelson L. S. da Fonseca,no info,UNICAMP - University of Campinas,Helio Waldman,no info,Edmundo Madeira,no info,,,,,,,Universidade Estadual de Campinas,,,,,,,,,,,,,,,,,,,,,,,,,,,,,2015,,,,,,,,,,,,,,,,,,,,,,,,,,,,,,,,,,,,,,Masculino,Masculino,Masculino,não anotado,não anotado,não anotado,não anotado
MESTRADO,https://repositorio.unicamp.br/acervo/detalhe/959709?guid=1652548838038&returnUrl=%2fresultado%2flistar%3fguid%3d1652548838038%26quantidadePaginas%3d1%26codigoRegistro%3d959709%23959709&i=2,orcid.org/0000-0002-1180-2637,orcid.org/0000-0002-5250-1785,orcid.org/0000-0002-8603-699X,,,,,UNICAMP - University of Campinas,31,Edmundo Madeira,no info,University of Campinas,Antonio A. F. Loureiro,no info,Juliana Freitag Borin,Brazil,Internet of Things, Smart Cities,,,,,Universidade Federal de Minas Gerais,,,,,,,,,,,,, Computer network protocols,,,,,,,,,,,,,,,,2015,,,,,,,,,,,,,,,,,,,,,,,,,,,,,,,,,,,,,,Masculino,Masculino,Feminino,não anotado,não anotado,não anotado,não anotado
MESTRADO,https://repositorio.unicamp.br/acervo/detalhe/959777?guid=1652548947480&returnUrl=%2fresultado%2flistar%3fguid%3d1652548947480%26quantidadePaginas%3d1%26codigoRegistro%3d959777%23959777&i=1,orcid.org/0000-0001-9772-263X,orcid.org/0000-0002-8972-080X,sem orcid,,,,,Universidade Estadual de Campinas,32,Ricardo Torres,Netherlands,sem orcid,Fábio Usberti,no info,sem orcid,sem orcid,,,multimedia retrieval,multimedia classification,machine learning,information visualization,State University of Campinas,,,,,,,,,,,,,,,,,,,,,,,,,,,,,2015,data science,,,,,,,,,,,,,,,,,,,,,,,,,,,,,,,,,,,,,Masculino,Masculino,sem orcid,não anotado,não anotado,não anotado,não anotado
MESTRADO,https://repositorio.unicamp.br/acervo/detalhe/962103?guid=1652549034295&returnUrl=%2fresultado%2flistar%3fguid%3d1652549034295%26quantidadePaginas%3d1%26codigoRegistro%3d962103%23962103&i=2,orcid.org/0000-0003-2608-4807,orcid.org/0000-0002-0527-1083,orcid.org/0000-0001-5122-5646,,,,,Universidade Estadual de Campinas,33,Guilherme P. Telles,Brazil,Universidade Estadual de Campinas,Renato Vicentini,Brazil,Benilton Carvalho,Brazil,Applied Statistics,Biostatistics,,,,,Universidade Estadual de Campinas,,,,,,,,,,,,,Bioinformatics,Computational Biology,,,,,,Next-Generation Sequencing,,,,,,,,,2015,,,,,,,,,,,RNA-Seq,DNA-Seq,WES-Seq,Gene Expression,Genotyping,Association Studies,,,,,,,,,,,,,,,,,,,,,,Masculino,Masculino,Masculino,não anotado,não anotado,não anotado,não anotado
MESTRADO,https://repositorio.unicamp.br/acervo/detalhe/959796?guid=1652549067076&returnUrl=%2fresultado%2flistar%3fguid%3d1652549067076%26quantidadePaginas%3d1%26codigoRegistro%3d959796%23959796&i=13,orcid.org/0000-0003-3333-6822,orcid.org/0000-0001-6822-931X,orcid.org/0000-0003-2608-4807,,,,,University of Campinas,34,Zanoni Dias,Brazil,Universidade Estadual de Campinas,Maria Emilia Walter,Brazil,Guilherme P. Telles,Brazil,,,,,,,University of Brasilia,,,,,,,,,,,,,,,bioinformatics, non-coding RNAs, genomics, transcriptomics, genome rearrangements,,,,,,,,,,2015,,,,,,,,,,,,,,,,,,,,,,,,,,,,,,,,,,,,,,Masculino,Feminino,Masculino,não anotado,não anotado,não anotado,não anotado
MESTRADO,https://repositorio.unicamp.br/acervo/detalhe/960941?guid=1652549118499&returnUrl=%2fresultado%2flistar%3fguid%3d1652549118499%26quantidadePaginas%3d1%26codigoRegistro%3d960941%23960941&i=1,orcid.org/0000-0003-4549-7105,orcid.org/0000-0002-7754-4298,orcid.org/0000-0003-4290-6508,,,,,no info,35,Cecilia Mary Fischer Rubira Rubira,no info,no info,Elisa Yumi Nakagawa,no info,Eliane Martins,no info,,,,,,,no info,,,,,,,,,,,,,,,,,,,,,,,,,,,,,2015,,,,,,,,,,,,,,,,,,,,,,,,,,,,,,,,,,,,,,Feminino,Feminino,Feminino,não anotado,não anotado,não anotado,não anotado
MESTRADO,https://repositorio.unicamp.br/acervo/detalhe/962881?guid=1652549149923&returnUrl=%2fresultado%2flistar%3fguid%3d1652549149923%26quantidadePaginas%3d1%26codigoRegistro%3d962881%23962881&i=1,orcid.org/0000-0003-4549-7105,orcid.org/0000-0003-1399-7535,orcid.org/0000-0001-8309-6367,,,,,no info,36,Cecilia Mary Fischer Rubira Rubira,no info,Universidade Estadual de Campinas,Marco Gerosa,United States,Ariadne Carvalho,no info,,,,,,,Universidade de São Paulo,,,,,,,,,,,,,,,,,,,,,,,,,,,,,2015,,,,,,,,,,,,,,,,,,,,,,,,,,,,,,,,,,,,,,Feminino,Masculino,Feminino,não anotado,não anotado,não anotado,não anotado
MESTRADO,https://repositorio.unicamp.br/acervo/detalhe/965252?guid=1652549194626&returnUrl=%2fresultado%2flistar%3fguid%3d1652549194626%26quantidadePaginas%3d1%26codigoRegistro%3d965252%23965252&i=1,orcid.org/0000-0003-3333-6822,orcid.org/0000-0002-9671-9313,orcid.org/0000-0001-5122-5646,,,,,University of Campinas,37,Zanoni Dias,Brazil,Universidade Estadual de Campinas,Francisco Pereira Lobo,Brazil,Benilton Carvalho,Brazil,Applied Statistics,Biostatistics,,,,,Embrapa Informática Agropecuária,,,,,,,,,,,,,Bioinformatics,Computational Biology,computational biology,bioinformatics,comparative genomics,evolution,machine learning,Next-Generation Sequencing,,,,,,,,,2015,,,,,,,,,,,RNA-Seq,DNA-Seq,WES-Seq,Gene Expression,Genotyping,Association Studies,,,,,,,,,,,,,,,,,,,,,,Masculino,Masculino,Masculino,não anotado,não anotado,não anotado,não anotado
MESTRADO,https://repositorio.unicamp.br/acervo/detalhe/961379?guid=1652549239376&returnUrl=%2fresultado%2flistar%3fguid%3d1652549239376%26quantidadePaginas%3d1%26codigoRegistro%3d961379%23961379&i=1,orcid.org/0000-0003-4549-7105,orcid.org/0000-0002-4248-2744,sem orcid,,,,,no info,38,Cecilia Mary Fischer Rubira Rubira,no info,sem orcid,Heiko Hornung,no info,sem orcid,sem orcid,,,,,,,no info,,,,,,,,,,,,,,,,,,,,,,,,,,,,,2015,,,,,,,,,,,,,,,,,,,,,,,,,,,,,,,,,,,,,,Feminino,Masculino,sem orcid,não anotado,não anotado,não anotado,não anotado
MESTRADO,https://repositorio.unicamp.br/acervo/detalhe/961142?guid=1652549274299&returnUrl=%2fresultado%2flistar%3fguid%3d1652549274299%26quantidadePaginas%3d1%26codigoRegistro%3d961142%23961142&i=1,orcid.org/0000-0001-5201-1244,orcid.org/0000-0001-5685-8004,sem orcid,,,,,no info,39,Jacques Wainer,Brazil,sem orcid,Siome Goldenstein,no info,sem orcid,sem orcid,,,,,,,no info,,,,,,,,,,,,,,,,,,,,,,,,,,,,,2015,,,,,,,,,,,,,,,,,,,,,,,,,,,,,,,,,,,,,,Masculino,Masculino,sem orcid,não anotado,não anotado,não anotado,não anotado
MESTRADO,https://repositorio.unicamp.br/acervo/detalhe/965693?guid=1652549298711&returnUrl=%2fresultado%2flistar%3fguid%3d1652549298711%26quantidadePaginas%3d1%26codigoRegistro%3d965693%23965693&i=4,orcid.org/0000-0001-5201-1244,orcid.org/0000-0001-5396-9868,orcid.org/0000-0002-4236-8212,,,,,no info,40,Jacques Wainer,Brazil,Universidade Estadual de Campinas,Eduardo Valle,Brazil,Anderson Rocha,Brazil,Machine Intelligence; Digital Forensics; Reasoning for Complex Data,,,,,,Universidade Estadual de Campinas,,,,,,,,,,,,,,,,,,,,,,,,,,,,,2015,,,,,,,,,,,,,,,,,,,,,,,,,,,,,,,,,,,,,,Masculino,Masculino,Masculino,não anotado,não anotado,não anotado,não anotado
MESTRADO,https://repositorio.unicamp.br/acervo/detalhe/962877?guid=1652549343156&returnUrl=%2fresultado%2flistar%3fguid%3d1652549343156%26quantidadePaginas%3d1%26codigoRegistro%3d962877%23962877&i=4,orcid.org/0000-0003-2046-602X,sem orcid,orcid.org/0000-0001-6030-2682,,,,,Universidade Estadual de Campinas,41,Nelson L. S. da Fonseca,no info,University of Campinas,sem orcid,sem orcid,Eduardo C. Xavier,Brazil,,,,,,,sem orcid,,,,,,,,,,,,,,,,,,,,,,,,,,,,,2015,,,,,,,,,,,,,,,,,,,,,,,,,,,,,,,,,,,,,,Masculino,sem orcid,Masculino,não anotado,não anotado,não anotado,não anotado
MESTRADO,https://repositorio.unicamp.br/acervo/detalhe/964406?guid=1652549376363&returnUrl=%2fresultado%2flistar%3fguid%3d1652549376363%26quantidadePaginas%3d1%26codigoRegistro%3d964406%23964406&i=2,orcid.org/0000-0002-6731-1482,orcid.org/0000-0001-5227-7165,orcid.org/0000-0001-9241-2229,,,,,no info,42,Julio Cesar Lopez Hernandez,Mexico,University of Campinas,Marcos Simplicio,Brazil,Marco A. Amaral Henriques,no info,,,,,,,Universidade de São Paulo,,,,,,,,,,,,,,,,,,,,,,,,,,,,,2015,,,,,,,,,,,,,,,,,,,,,,,,,,,,,,,,,,,,,,Masculino,Masculino,Masculino,não anotado,não anotado,não anotado,não anotado
DOUTORADO,https://repositorio.unicamp.br/acervo/detalhe/945945?guid=1652549417410&returnUrl=%2fresultado%2flistar%3fguid%3d1652549417410%26quantidadePaginas%3d1%26codigoRegistro%3d945945%23945945&i=1,orcid.org/0000-0002-4830-5298,orcid.org/0000-0002-8803-0401,orcid.org/0000-0002-9707-799X,sem orcid,orcid.org/0000-0002-6750-5965,,,Universidade Estadual de Campinas,43,Maria Cecilia Calani Baranauskas,Brazil,Universidade Estadual de Campinas (UNICAMP),Rodolfo Azevedo,Brazil,José Mario De Martino,no info,,,HCI,Socially Aware Design,Organizational Semiotics,Participatory Design,UNICAMP,Pontifícia Universidade Católica do Rio de Janeiro,,sem orcid,sem orcid,,,,,sem orcid,Laura Sánchez García,no info,,,,,,,,,,,,,,,,,,2015,,,,,,,,,,,,,,,,,,,,,,,,,,,,,,,,,,,,,,Feminino,Masculino,Masculino,sem orcid,Feminino,não anotado,não anotado
DOUTORADO,https://repositorio.unicamp.br/acervo/detalhe/947704?guid=1652549699148&returnUrl=%2fresultado%2flistar%3fguid%3d1652549699148%26quantidadePaginas%3d1%26codigoRegistro%3d947704%23947704&i=1,orcid.org/0000-0002-8803-0401,orcid.org/0000-0002-1756-4852,orcid.org/0000-0002-4830-5298,orcid.org/0000-0002-6560-6965,orcid.org/0000-0003-3233-0314,,,UNICAMP,44,Rodolfo Azevedo,Brazil,Universidade Estadual de Campinas,André Santanchè,no info,Maria Cecilia Calani Baranauskas,Brazil,HCI,Socially Aware Design,,,,,Universidade Estadual de Campinas,Federal University of São Carlos,,Eduardo Hideki Tanaka,Brazil,,,,,Instituto Eldorado,Joice Lee Otsuka,Brazil,,Organizational Semiotics,Participatory Design,,,,,,,,,,educational game,accessibility,inclusive design,serious game,,2015,,,,,,,,,,,,,,,,,,,,,,,,,,,,,,,,,,,,,,Masculino,Masculino,Feminino,Masculino,Feminino,não anotado,não anotado
DOUTORADO,https://repositorio.unicamp.br/acervo/detalhe/949473?guid=1652549752057&returnUrl=%2fresultado%2flistar%3fguid%3d1652549752057%26quantidadePaginas%3d1%26codigoRegistro%3d949473%23949473&i=3,orcid.org/0000-0003-4869-5190,orcid.org/0000-0002-6790-5184,orcid.org/0000-0001-8824-3055,orcid.org/0000-0002-9992-8540,orcid.org/0000-0002-9539-6874,,,Universidade Estadual de Campinas,45,Guido Araujo,no info,"Universidade Estadual Paulista, Instituto de Geociências e Ciências Exatas",Andre Rauber Du Bois,no info,Alexandro Baldassin,Brazil,Computer architecture,Parallel Programming,,,,,Universidade Federal de Pelotas,Universidade Estadual de Campinas,,Márcio Castro,Brazil,,,,,Inria Centre de Recherche Grenoble Rhone-Alpes,Sandro Rigo,Brazil,,Transactional Memory,Persistent Memory,,,,,,,Parallel and Distributed Computing,High Performance Computing,Parallel Architectures,Computer Architecture,Compilers,Code Optimization,High-Performance Computing,,2015,,,,,,,Parallel Programming Languages,,,,,,,,,,,,,,,,,,,,,,,,,,,,,,,Masculino,Masculino,Masculino,Masculino,Masculino,não anotado,não anotado
DOUTORADO,https://repositorio.unicamp.br/acervo/detalhe/953970?guid=1652549814463&returnUrl=%2fresultado%2flistar%3fguid%3d1652549814463%26quantidadePaginas%3d1%26codigoRegistro%3d953970%23953970&i=5,orcid.org/0000-0002-1067-6421,orcid.org/0000-0002-6831-2006,orcid.org/0000-0002-9598-5732,orcid.org/0000-0002-5945-0845,orcid.org/0000-0002-1649-6843,,,no info,46,Flávio K. Miyazawa,no info,no info,Thiago Noronha,Brazil,Luciana Buriol,no info,,,,,,,Universidade Federal de Minas Gerais,Universidade Federal de São Paulo,,Cid de Souza,Brazil,,,,,Universidade Estadual de Campinas,Kelly Poldi,no info,,,,,,,,,,Integer Programming,Combinatorial Optimization,Algorithms (design and analysis),,,,,,2015,,,,,,,Operations Research,,,,,,,,,,,,,,,,,,,,,,,,,,,,,,,Masculino,Masculino,Feminino,Masculino,Feminino,não anotado,não anotado
DOUTORADO,https://repositorio.unicamp.br/acervo/detalhe/950550?guid=1652549887272&returnUrl=%2fresultado%2flistar%3fguid%3d1652549887272%26quantidadePaginas%3d1%26codigoRegistro%3d950550%23950550&i=1,orcid.org/0000-0003-4462-3325,orcid.org/0000-0001-6030-2682,orcid.org/0000-0002-0472-4810,sem orcid,orcid.org/0000-0002-5259-2859,,,University of Campinas,47,Orlando Lee,no info,Universidade Estadual de Campinas,Eduardo C. Xavier,Brazil,Rafael C. S. Schouery,no info,,,,,,,University of Campinas,University of Sao Paulo,,sem orcid,sem orcid,,,,,sem orcid,Cristina G. Fernandes,no info,,,,,,,,,,,,,approximation algorithms,,,,,2015,,,,,,,,,,,,,,,,,,,,,,,,,,,,,,,,,,,,,,Masculino,Masculino,Masculino,sem orcid,Feminino,não anotado,não anotado
DOUTORADO,https://repositorio.unicamp.br/acervo/detalhe/950571?guid=1652549938998&returnUrl=%2fresultado%2flistar%3fguid%3d1652549938998%26quantidadePaginas%3d1%26codigoRegistro%3d950571%23950571&i=2,orcid.org/0000-0003-2046-602X,orcid.org/0000-0002-7789-3359,orcid.org/0000-0002-1180-2637,orcid.org/0000-0002-8972-080X,orcid.org/0000-0002-6972-6913,,,Universidade Estadual de Campinas,48,Nelson L. S. da Fonseca,no info,UNICAMP - University of Campinas,Luís Henrique M. K. Costa,no info,Edmundo Madeira,no info,,,,,,,Universidade Federal do Rio de Janeiro,Federal University of Pernambuco,,Fábio Usberti,no info,,,,,State University of Campinas,Joaquim F. Martins Filho,Brazil,,,,,,,,,,,,,Optical Networks,Optical Sensors,Photonics,Optical Communications,,2015,,,,,,,,,,,,,,,,,,,,,,,,,,,,,,,,,,,,,,Masculino,Masculino,Masculino,Masculino,Masculino,não anotado,não anotado
DOUTORADO,https://repositorio.unicamp.br/acervo/detalhe/953620?guid=1652549995518&returnUrl=%2fresultado%2flistar%3fguid%3d1652549995518%26quantidadePaginas%3d1%26codigoRegistro%3d953620%23953620&i=1,orcid.org/0000-0003-2046-602X,orcid.org/0000-0002-7959-6569,sem orcid,orcid.org/0000-0002-1180-2637,orcid.org/0000-0001-6305-9059,,,Universidade Estadual de Campinas,49,Nelson L. S. da Fonseca,no info,sem orcid,Célio Albuquerque,Brazil,sem orcid,sem orcid,,,,,,,Universidade Federal Fluminense,Universidade Estadual de Campinas,,Edmundo Madeira,no info,,,,,UNICAMP - University of Campinas,Luiz Fernando Bittencourt,no info,,,,,,,,,,,,,,,,,,2015,,,,,,,,,,,,,,,,,,,,,,,,,,,,,,,,,,,,,,Masculino,Masculino,sem orcid,Masculino,Masculino,não anotado,não anotado
DOUTORADO,https://repositorio.unicamp.br/acervo/detalhe/959720?guid=1652550034901&returnUrl=%2fresultado%2flistar%3fguid%3d1652550034901%26quantidadePaginas%3d1%26codigoRegistro%3d959720%23959720&i=1,orcid.org/0000-0003-0125-630X,orcid.org/0000-0002-6494-7514,sem orcid,orcid.org/0000-0002-4236-8212,orcid.org/0000-0002-9707-799X,,,University of Campinas,50,Helio Pedrini,Brazil,sem orcid,João Paulo Papa,no info,sem orcid,sem orcid,,,image and video processing; machine learning; computer vision,,,,no info,Universidade Estadual de Campinas (UNICAMP),,Anderson Rocha,Brazil,,,,,Universidade Estadual de Campinas,José Mario De Martino,no info,,,,machine learning, image processing, computervision, meta-heuristics,,,Machine Intelligence; Digital Forensics; Reasoning for Complex Data,,,,,,,,2015,,,,,,,,,,,,,,,,,,,,,,,,,,,,,,,,,,,,,,Masculino,Masculino,sem orcid,Masculino,Masculino,não anotado,não anotado
DOUTORADO,https://repositorio.unicamp.br/acervo/detalhe/962177?guid=1652550079366&returnUrl=%2fresultado%2flistar%3fguid%3d1652550079366%26quantidadePaginas%3d1%26codigoRegistro%3d962177%23962177&i=12,orcid.org/0000-0002-6540-8686,orcid.org/0000-0002-1180-2637,orcid.org/0000-0002-2457-0783,orcid.org/0000-0003-2592-3664,sem orcid,,,University of Campinas,51,Paulo de Geus,Brazil,Aarhus University,Edmundo Madeira,no info,Diego F. Aranha,Denmark,Cryptography, Computer Security,Computer Security,,,,UNICAMP - University of Campinas,sem orcid,,Carlos Maziero,Brazil,,,,,Universidade Tecnológica Federal do Paraná,sem orcid,sem orcid,,,,,,,,,,Operating Systems,Computer Security,Distributed Systems,,,,,,2015,,,,,,,,,,,,,,,,,,,,,,,,,,,,,,,,,,,,,,Masculino,Masculino,Masculino,Masculino,sem orcid,não anotado,não anotado
DOUTORADO,https://repositorio.unicamp.br/acervo/detalhe/961083?guid=1652550146732&returnUrl=%2fresultado%2flistar%3fguid%3d1652550146732%26quantidadePaginas%3d1%26codigoRegistro%3d961083%23961083&i=4,orcid.org/0000-0002-2914-5380,orcid.org/0000-0003-0125-630X,orcid.org/0000-0001-5015-2131,orcid.org/0000-0001-8522-2056,orcid.org/0000-0002-8514-8033,,,Universidade Estadual de Campinas,52,Alexandre Falcao,Brazil,no info,Helio Pedrini,Brazil,Neucimar Leite,no info,,,image processing, visualization, and analysis, (interactive) machine learning ,University of Campinas,Universidade de São Paulo,,Silvio GUIMARAES,Brazil,,,,,Pontifícia Universidade Católica de Minas Gerais,Luis Nonato,no info,,,,image and video processing; machine learning; computer vision,,,,,,,,,,,,,,2015,,,,,,,,,,,,,,,,,,,,,,,,,,,,,,,,,,,,,,Masculino,Masculino,Masculino,Masculino,Masculino,não anotado,não anotado
DOUTORADO,https://repositorio.unicamp.br/acervo/detalhe/959756?guid=1652550191711&returnUrl=%2fresultado%2flistar%3fguid%3d1652550191711%26quantidadePaginas%3d1%26codigoRegistro%3d959756%23959756&i=1,orcid.org/0000-0003-3333-6822,orcid.org/0000-0001-6822-931X,orcid.org/0000-0002-8229-3139,orcid.org/0000-0001-6030-2682,orcid.org/0000-0003-2608-4807,,,University of Campinas,53,Zanoni Dias,Brazil,Universidade de São Paulo,Maria Emilia Walter,Brazil,Yoshiko Wakabayashi,Brazil,,,,,,,University of Brasilia,Universidade Estadual de Campinas,,Eduardo C. Xavier,Brazil,,,,,University of Campinas,Guilherme P. Telles,Brazil,,,,bioinformatics, non-coding RNAs, genomics, transcriptomics, genome rearrangements,,,,,,,,,,2015,,,,,,,,,,,,,,,,,,,,,,,,,,,,,,,,,,,,,,Masculino,Feminino,Feminino,Masculino,Masculino,não anotado,não anotado
DOUTORADO,https://repositorio.unicamp.br/acervo/detalhe/959789?guid=1652550258045&returnUrl=%2fresultado%2flistar%3fguid%3d1652550258045%26quantidadePaginas%3d1%26codigoRegistro%3d959789%23959789&i=1,orcid.org/0000-0002-1180-2637,orcid.org/0000-0001-8956-8660,orcid.org/0000-0002-5455-8910,orcid.org/0000-0002-6023-5982,orcid.org/0000-0003-3109-4305,,,UNICAMP - University of Campinas,54,Edmundo Madeira,no info,Federal University of São Carlos,Lisandro Zambenedetti Granville,Brazil,Fabio Verdi,Brazil,Computer Networks, SDN,,,,,Federal University of Rio Grande do Sul,Universidade Estadual de Campinas (UNICAMP),,Islene Calciolari Garcia,no info,,,,,University of Campinas,Christian Esteve Rothenberg,no info,, Cloud computing, monitoring,,,,,, management,,,,,,,,,2015,,,,,,,,,,, virtualizatoin,,,,,,,,,,,,,,,,,,,,,,,,,,,Masculino,Masculino,Masculino,Feminino,Masculino,não anotado,não anotado
DOUTORADO,https://repositorio.unicamp.br/acervo/detalhe/960309?guid=1652550333699&returnUrl=%2fresultado%2flistar%3fguid%3d1652550333699%26quantidadePaginas%3d1%26codigoRegistro%3d960309%23960309&i=1,orcid.org/0000-0002-1756-4852,sem orcid,orcid.org/0000-0001-9772-263X,orcid.org/0000-0002-5564-698X,sem orcid,,,Universidade Estadual de Campinas,55,André Santanchè,no info,Universidade Estadual de Campinas,sem orcid,sem orcid,Ricardo Torres,Netherlands,multimedia retrieval,multimedia classification,,,,,sem orcid,sem orcid,,Lucas Wanner,no info,,,,,University of Campinas,sem orcid,sem orcid,,machine learning,information visualization,,,,,,data science,,,,,,,,,2015,,,,,,,,,,,,,,,,,,,,,,,,,,,,,,,,,,,,,,Masculino,sem orcid,Masculino,Masculino,sem orcid,não anotado,não anotado
DOUTORADO,https://repositorio.unicamp.br/acervo/detalhe/961153?guid=1652550365453&returnUrl=%2fresultado%2flistar%3fguid%3d1652550365453%26quantidadePaginas%3d1%26codigoRegistro%3d961153%23961153&i=2,orcid.org/0000-0003-4290-6508,orcid.org/0000-0001-5103-8541,orcid.org/0000-0002-0796-3868,orcid.org/0000-0003-4549-7105,orcid.org/0000-0002-1914-5790,,,no info,56,Eliane Martins,no info,Instituto Nacional de Pesquisas Espaciais,Marco Vieira,Portugal,Fátima Mattiello-Francisco,Brazil,Space engineering, Verification and Validation,,,,,University of Coimbra,no info,,Cecilia Mary Fischer Rubira Rubira,no info,,,,,no info,Mario Jino,no info,,  operation concept,,Dependability, Security, Software Engineering, Web Services, Databases,,,,,,,,,,2015,,,,,,,,,,,,,,,,,,,,,,,,,,,,,,,,,,,,,,Feminino,Masculino,Feminino,Feminino,Masculino,não anotado,não anotado
DOUTORADO,https://repositorio.unicamp.br/acervo/detalhe/966453?guid=1652550401038&returnUrl=%2fresultado%2flistar%3fguid%3d1652550401038%26quantidadePaginas%3d1%26codigoRegistro%3d966453%23966453&i=3,orcid.org/0000-0002-8803-0401,sem orcid,orcid.org/0000-0001-8824-3055,orcid.org/0000-0003-4869-5190,orcid.org/0000-0002-5564-698X,,,UNICAMP,57,Rodolfo Azevedo,Brazil,"Universidade Estadual Paulista, Instituto de Geociências e Ciências Exatas",sem orcid,sem orcid,Alexandro Baldassin,Brazil,Computer architecture,Parallel Programming,,,,,sem orcid,University of Campinas,,Guido Araujo,no info,,,,,Universidade Estadual de Campinas,Lucas Wanner,no info,,Transactional Memory,Persistent Memory,,,,,,,,,,,,,,,2015,,,,,,,,,,,,,,,,,,,,,,,,,,,,,,,,,,,,,,Masculino,sem orcid,Masculino,Masculino,Masculino,não anotado,não anotado
DOUTORADO,https://repositorio.unicamp.br/acervo/detalhe/962753?guid=1652550435356&returnUrl=%2fresultado%2flistar%3fguid%3d1652550435356%26quantidadePaginas%3d1%26codigoRegistro%3d962753%23962753&i=3,orcid.org/0000-0002-4830-5298,sem orcid,orcid.org/0000-0003-1929-9391,orcid.org/0000-0002-1756-4852,orcid.org/0000-0002-1347-186X,,,Universidade Estadual de Campinas,58,Maria Cecilia Calani Baranauskas,Brazil,no info,sem orcid,sem orcid,Leonardo Cunha de Miranda,Brazil,,,HCI,Socially Aware Design,Organizational Semiotics,Participatory Design,sem orcid,no info,,André Santanchè,no info,,,,,Universidade Estadual de Campinas,Jose Armando Valente,no info,,,,,,,,,,,,,,,,,,2015,,,,,,,,,,,,,,,,,,,,,,,,,,,,,,,,,,,,,,Feminino,sem orcid,Masculino,Masculino,Masculino,não anotado,não anotado
DOUTORADO,https://repositorio.unicamp.br/acervo/detalhe/961780?guid=1652550489042&returnUrl=%2fresultado%2flistar%3fguid%3d1652550489042%26quantidadePaginas%3d1%26codigoRegistro%3d961780%23961780&i=4,orcid.org/0000-0003-0125-630X,orcid.org/0000-0002-0189-8540,orcid.org/0000-0002-9707-799X,orcid.org/0000-0003-2059-9463,orcid.org/0000-0001-5015-2131,,,University of Campinas,59,Helio Pedrini,Brazil,Universidade Estadual de Campinas (UNICAMP),Alexandre Gonçalves Silva,no info,José Mario De Martino,no info,,,image and video processing; machine learning; computer vision,,,,no info,no info,,Moacir Ponti,no info,,,,,Universidade de São Paulo,Neucimar Leite,no info,,,,,,,,,,,,,,,,,,2015,,,,,,,,,,,,,,,,,,,,,,,,,,,,,,,,,,,,,,Masculino,Masculino,Masculino,Masculino,Masculino,não anotado,não anotado
DOUTORADO,https://repositorio.unicamp.br/acervo/detalhe/963167?guid=1652550515893&returnUrl=%2fresultado%2flistar%3fguid%3d1652550515893%26quantidadePaginas%3d1%26codigoRegistro%3d963167%23963167&i=2,orcid.org/0000-0001-9772-263X,sem orcid,orcid.org/0000-0002-6494-7514,orcid.org/0000-0001-8309-6367,orcid.org/0000-0003-0125-630X,,,Universidade Estadual de Campinas,60,Ricardo Torres,Netherlands,no info,sem orcid,sem orcid,João Paulo Papa,no info,machine learning, image processing,multimedia retrieval,multimedia classification,machine learning,information visualization,sem orcid,University of Campinas,,Ariadne Carvalho,no info,,,,,Universidade Estadual de Campinas,Helio Pedrini,Brazil,, computervision, meta-heuristics,,,,,,,,,,image and video processing; machine learning; computer vision,,,,,2015,data science,,,,,,,,,,,,,,,,,,,,,,,,,,,,,,,,,,,,,Masculino,sem orcid,Masculino,Feminino,Masculino,não anotado,não anotado
MESTRADO,https://repositorio.unicamp.br/acervo/detalhe/968855?guid=1652561646808&returnUrl=%2fresultado%2flistar%3fguid%3d1652561646808%26quantidadePaginas%3d1%26codigoRegistro%3d968855%23968855&i=1,orcid.org/0000-0001-9772-263X,orcid.org/0000-0002-0512-506X,orcid.org/0000-0001-5295-3514,,,,,Universidade Estadual de Campinas,0,Ricardo Torres,Netherlands,Universidade Estadual de Campinas,Alexandre Ferreira,no info,Luiz Camolesi Júnior,no info,,,multimedia retrieval,multimedia classification,machine learning,information visualization,no info,,,,,,,,,,,,,,,,,,,,,,,,,,,,,2016,data science,,,,,,,,,,,,,,,,,,,,,,,,,,,,,,,,,,,,,Masculino,Masculino,Masculino,não anotado,não anotado,não anotado,não anotado
MESTRADO,https://repositorio.unicamp.br/acervo/detalhe/966459?guid=1652561714517&returnUrl=%2fresultado%2flistar%3fguid%3d1652561714517%26quantidadePaginas%3d1%26codigoRegistro%3d966459%23966459&i=2,orcid.org/0000-0001-6305-9059,orcid.org/0000-0002-8803-0401,orcid.org/0000-0003-0524-3274,,,,,Universidade Estadual de Campinas,1,Luiz Fernando Bittencourt,no info,Univesity of Sao Paulo,Rodolfo Azevedo,Brazil,Julio Cezar Estrella,Brazil,Distributed Systems, Cloud Computing,,,,,UNICAMP,,,,,,,,,,,,, Internet of Things,,,,,,,,,,,,,,,,2016,,,,,,,,,,,,,,,,,,,,,,,,,,,,,,,,,,,,,,Masculino,Masculino,Masculino,não anotado,não anotado,não anotado,não anotado
MESTRADO,https://repositorio.unicamp.br/acervo/detalhe/965602?guid=1652561746695&returnUrl=%2fresultado%2flistar%3fguid%3d1652561746695%26quantidadePaginas%3d1%26codigoRegistro%3d965602%23965602&i=1,orcid.org/0000-0002-1756-4852,sem orcid,orcid.org/0000-0001-9772-263X,,,,,Universidade Estadual de Campinas,2,André Santanchè,no info,Universidade Estadual de Campinas,sem orcid,sem orcid,Ricardo Torres,Netherlands,multimedia retrieval,multimedia classification,,,,,sem orcid,,,,,,,,,,,,,machine learning,information visualization,,,,,,data science,,,,,,,,,2016,,,,,,,,,,,,,,,,,,,,,,,,,,,,,,,,,,,,,,Masculino,sem orcid,Masculino,não anotado,não anotado,não anotado,não anotado
MESTRADO,https://repositorio.unicamp.br/acervo/detalhe/970901?guid=1652561772399&returnUrl=%2fresultado%2flistar%3fguid%3d1652561772399%26quantidadePaginas%3d1%26codigoRegistro%3d970901%23970901&i=2,orcid.org/0000-0002-4830-5298,orcid.org/0000-0001-5396-9868,orcid.org/0000-0002-8803-0401,,,,,Universidade Estadual de Campinas,3,Maria Cecilia Calani Baranauskas,Brazil,UNICAMP,Eduardo Valle,Brazil,Rodolfo Azevedo,Brazil,,,HCI,Socially Aware Design,Organizational Semiotics,Participatory Design,Universidade Estadual de Campinas,,,,,,,,,,,,,,,,,,,,,,,,,,,,,2016,,,,,,,,,,,,,,,,,,,,,,,,,,,,,,,,,,,,,,Feminino,Masculino,Masculino,não anotado,não anotado,não anotado,não anotado
MESTRADO,https://repositorio.unicamp.br/acervo/detalhe/967948?guid=1652561805224&returnUrl=%2fresultado%2flistar%3fguid%3d1652561805224%26quantidadePaginas%3d1%26codigoRegistro%3d967948%23967948&i=2,orcid.org/0000-0003-4549-7105,sem orcid,orcid.org/0000-0003-4290-6508,,,,,no info,4,Cecilia Mary Fischer Rubira Rubira,no info,no info,sem orcid,sem orcid,Eliane Martins,no info,,,,,,,sem orcid,,,,,,,,,,,,,,,,,,,,,,,,,,,,,2016,,,,,,,,,,,,,,,,,,,,,,,,,,,,,,,,,,,,,,Feminino,sem orcid,Feminino,não anotado,não anotado,não anotado,não anotado
MESTRADO,https://repositorio.unicamp.br/acervo/detalhe/971455?guid=1652561833142&returnUrl=%2fresultado%2flistar%3fguid%3d1652561833142%26quantidadePaginas%3d1%26codigoRegistro%3d971455%23971455&i=2,orcid.org/0000-0003-4290-6508,sem orcid,orcid.org/0000-0003-4549-7105,,,,,no info,5,Eliane Martins,no info,no info,sem orcid,sem orcid,Cecilia Mary Fischer Rubira Rubira,no info,,,,,,,sem orcid,,,,,,,,,,,,,,,,,,,,,,,,,,,,,2016,,,,,,,,,,,,,,,,,,,,,,,,,,,,,,,,,,,,,,Feminino,sem orcid,Feminino,não anotado,não anotado,não anotado,não anotado
MESTRADO,https://repositorio.unicamp.br/acervo/detalhe/969439?guid=1652561859145&returnUrl=%2fresultado%2flistar%3fguid%3d1652561859145%26quantidadePaginas%3d1%26codigoRegistro%3d969439%23969439&i=2,orcid.org/0000-0002-3372-3366,orcid.org/0000-0003-2162-6523,orcid.org/0000-0002-1180-2637,,,,,Universidade Estadual de Campinas,6,Leandro Villas,Brazil,UNICAMP - University of Campinas,Eduardo Cerqueira,no info,Edmundo Madeira,no info,,,,,,,no info,,,,,,,,,,,,,,,,,,,,,,,,,,,,,2016,,,,,,,,,,,,,,,,,,,,,,,,,,,,,,,,,,,,,,Masculino,Masculino,Masculino,não anotado,não anotado,não anotado,não anotado
MESTRADO,https://repositorio.unicamp.br/acervo/detalhe/970857?guid=1652561974213&returnUrl=%2fresultado%2flistar%3fguid%3d1652561974213%26quantidadePaginas%3d1%26codigoRegistro%3d970857%23970857&i=1,orcid.org/0000-0003-4869-5190,orcid.org/0000-0001-5597-613X,orcid.org/0000-0002-0210-0908,,,,,Universidade Estadual de Campinas,7,Guido Araujo,no info,Universidade Estadual de Campinas,Carlos Alberto dos Reis Filho,no info,Ricardo  Pannain,no info,,,,,,,Federal University of ABC,,,,,,,,,,,,,,,,,,,,,,,,,,,,,2016,,,,,,,,,,,,,,,,,,,,,,,,,,,,,,,,,,,,,,Masculino,Masculino,Masculino,não anotado,não anotado,não anotado,não anotado
MESTRADO,https://repositorio.unicamp.br/acervo/detalhe/971818?guid=1652562013837&returnUrl=%2fresultado%2flistar%3fguid%3d1652562013837%26quantidadePaginas%3d1%26codigoRegistro%3d971818%23971818&i=2,orcid.org/0000-0003-1783-4231,orcid.org/0000-0002-9957-5861,orcid.org/0000-0002-5564-698X,,,,,Universidade Estadual de Campinas,8,Edson Borin,no info,University of Campinas,Philippe Navaux,Brazil,Lucas Wanner,no info,,,,,,,Universidade Federal do Rio Grande do Sul,,,,,,,,,,,,,,,,,,,,,,,,,,,,,2016,,,,,,,,,,,,,,,,,,,,,,,,,,,,,,,,,,,,,,Masculino,Masculino,Masculino,não anotado,não anotado,não anotado,não anotado
MESTRADO,https://repositorio.unicamp.br/acervo/detalhe/971102?guid=1652562050750&returnUrl=%2fresultado%2flistar%3fguid%3d1652562050750%26quantidadePaginas%3d1%26codigoRegistro%3d971102%23971102&i=7,orcid.org/0000-0003-3333-6822,orcid.org/0000-0001-6822-931X,orcid.org/0000-0002-8972-080X,,,,,University of Campinas,9,Zanoni Dias,Brazil,State University of Campinas,Maria Emilia Walter,Brazil,Fábio Usberti,no info,,,,,,,University of Brasilia,,,,,,,,,,,,,,,bioinformatics, non-coding RNAs, genomics, transcriptomics, genome rearrangements,,,,,,,,,,2016,,,,,,,,,,,,,,,,,,,,,,,,,,,,,,,,,,,,,,Masculino,Feminino,Masculino,não anotado,não anotado,não anotado,não anotado
MESTRADO,https://repositorio.unicamp.br/acervo/detalhe/971449?guid=1652562073372&returnUrl=%2fresultado%2flistar%3fguid%3d1652562073372%26quantidadePaginas%3d1%26codigoRegistro%3d971449%23971449&i=1,orcid.org/0000-0002-7002-875X,sem orcid,orcid.org/0000-0002-6731-1482,,,,,University of Campinas,10,Ricardo Dahab,Brazil,no info,sem orcid,sem orcid,Julio Cesar Lopez Hernandez,Mexico,,,Cryptography, Graph Theory,,,sem orcid,,,,,,,,,,,,,,,,,,,,,,,,,,,,,2016,,,,,,,,,,,,,,,,,,,,,,,,,,,,,,,,,,,,,,Masculino,sem orcid,Masculino,não anotado,não anotado,não anotado,não anotado
MESTRADO,https://repositorio.unicamp.br/acervo/detalhe/972829?guid=1652562115700&returnUrl=%2fresultado%2flistar%3fguid%3d1652562115700%26quantidadePaginas%3d1%26codigoRegistro%3d972829%23972829&i=1,orcid.org/0000-0002-8972-080X,orcid.org/0000-0001-6030-2682,orcid.org/0000-0003-4931-9891,,,,,State University of Campinas,11,Fábio Usberti,no info,Universidade Estadual Paulista,Eduardo C. Xavier,Brazil,José Federico Vizcaino Gonzalez,no info,,,,,,,University of Campinas,,,,,,,,,,,,,,,,,,,,,,,,,,,,,2016,,,,,,,,,,,,,,,,,,,,,,,,,,,,,,,,,,,,,,Masculino,Masculino,Masculino,não anotado,não anotado,não anotado,não anotado
MESTRADO,https://repositorio.unicamp.br/acervo/detalhe/973253?guid=1652562153402&returnUrl=%2fresultado%2flistar%3fguid%3d1652562153402%26quantidadePaginas%3d1%26codigoRegistro%3d973253%23973253&i=1,orcid.org/0000-0001-9772-263X,sem orcid,orcid.org/0000-0003-0467-3133,,,,,Universidade Estadual de Campinas,12,Ricardo Torres,Netherlands,Universidade Estadual de Campinas,sem orcid,sem orcid,Esther Luna Colombini,no info,,,multimedia retrieval,multimedia classification,machine learning,information visualization,sem orcid,,,,,,,,,,,,,,,,,,,,,,,,,,,,,2016,data science,,,,,,,,,,,,,,,,,,,,,,,,,,,,,,,,,,,,,Masculino,sem orcid,Feminino,não anotado,não anotado,não anotado,não anotado
MESTRADO,https://repositorio.unicamp.br/acervo/detalhe/972911?guid=1652562196947&returnUrl=%2fresultado%2flistar%3fguid%3d1652562196947%26quantidadePaginas%3d1%26codigoRegistro%3d972911%23972911&i=2,orcid.org/0000-0002-2457-0783,orcid.org/0000-0002-6731-1482,orcid.org/0000-0002-4113-7543,,,,,Aarhus University,13,Diego F. Aranha,Denmark,no info,Julio Cesar Lopez Hernandez,Mexico,Rafael Misoczki,no info,,,Cryptography, Computer Security,,,no info,,,,,,,,,,,,,,,,,,,,,,,,,,,,,2016,,,,,,,,,,,,,,,,,,,,,,,,,,,,,,,,,,,,,,Masculino,Masculino,Masculino,não anotado,não anotado,não anotado,não anotado
MESTRADO,https://repositorio.unicamp.br/acervo/detalhe/973327?guid=1652562223514&returnUrl=%2fresultado%2flistar%3fguid%3d1652562223514%26quantidadePaginas%3d1%26codigoRegistro%3d973327%23973327&i=5,orcid.org/0000-0002-4236-8212,orcid.org/0000-0001-9772-263X,orcid.org/0000-0002-4128-5415,,,,,Universidade Estadual de Campinas,14,Anderson Rocha,Brazil,Universidade Estadual de Campinas,Ricardo Torres,Netherlands,Fernando J. Von Zuben,no info,,,Machine Intelligence; Digital Forensics; Reasoning for Complex Data,,,,Universidade Estadual de Campinas,,,,,,,,,,,,,,,multimedia retrieval,multimedia classification,machine learning,information visualization,data science,,,,,,,,,,2016,,,,,,,,,,,,,,,,,,,,,,,,,,,,,,,,,,,,,,Masculino,Masculino,Masculino,não anotado,não anotado,não anotado,não anotado
MESTRADO,https://repositorio.unicamp.br/acervo/detalhe/972932?guid=1652562256200&returnUrl=%2fresultado%2flistar%3fguid%3d1652562256200%26quantidadePaginas%3d1%26codigoRegistro%3d972932%23972932&i=1,orcid.org/0000-0001-5685-8004,orcid.org/0000-0001-5426-7083,orcid.org/0000-0001-9772-263X,,,,,no info,15,Siome Goldenstein,no info,Universidade Estadual de Campinas,Milton Shoiti Misuta,no info,Ricardo Torres,Netherlands,multimedia retrieval,multimedia classification,,,,,Universidade Estadual de Campinas,,,,,,,,,,,,,machine learning,information visualization,,,,,,data science,,,,,,,,,2016,,,,,,,,,,,,,,,,,,,,,,,,,,,,,,,,,,,,,,Masculino,Masculino,Masculino,não anotado,não anotado,não anotado,não anotado
MESTRADO,https://repositorio.unicamp.br/acervo/detalhe/974198?guid=1652562287539&returnUrl=%2fresultado%2flistar%3fguid%3d1652562287539%26quantidadePaginas%3d1%26codigoRegistro%3d974198%23974198&i=1,orcid.org/0000-0002-4830-5298,orcid.org/0000-0002-6023-5982,orcid.org/0000-0002-4059-8700,,,,,Universidade Estadual de Campinas,16,Maria Cecilia Calani Baranauskas,Brazil,Federal University of São Carlos,Islene Calciolari Garcia,no info,Vânia Paula de Almeida Neris,no info,,,HCI,Socially Aware Design,Organizational Semiotics,Participatory Design,University of Campinas,,,,,,,,,,,,,,,,,,,,,,,,,,,,,2016,,,,,,,,,,,,,,,,,,,,,,,,,,,,,,,,,,,,,,Feminino,Feminino,Feminino,não anotado,não anotado,não anotado,não anotado
MESTRADO,https://repositorio.unicamp.br/acervo/detalhe/974392?guid=1652562317063&returnUrl=%2fresultado%2flistar%3fguid%3d1652562317063%26quantidadePaginas%3d1%26codigoRegistro%3d974392%23974392&i=1,orcid.org/0000-0002-8972-080X,orcid.org/0000-0003-1001-082X,orcid.org/0000-0002-1649-6843,,,,,State University of Campinas,17,Fábio Usberti,no info,Universidade Federal de São Paulo,Lehilton Pedrosa,no info,Kelly Poldi,no info,,,,,,,University of Campinas,,,,,,,,,,,,,,,,,,,,,,,,,,,,,2016,,,,,,,,,,,,,,,,,,,,,,,,,,,,,,,,,,,,,,Masculino,Masculino,Feminino,não anotado,não anotado,não anotado,não anotado
MESTRADO,https://repositorio.unicamp.br/acervo/detalhe/973537?guid=1652562336438&returnUrl=%2fresultado%2flistar%3fguid%3d1652562336438%26quantidadePaginas%3d1%26codigoRegistro%3d973537%23973537&i=1,orcid.org/0000-0001-6305-9059,orcid.org/0000-0002-5455-8910,orcid.org/0000-0002-1180-2637,,,,,Universidade Estadual de Campinas,18,Luiz Fernando Bittencourt,no info,UNICAMP - University of Campinas,Fabio Verdi,Brazil,Edmundo Madeira,no info,,,,,,,Federal University of São Carlos,,,,,,,,,,,,,,,Computer Networks, SDN, Cloud computing, monitoring, management,,,,,,,,,,2016,,,,,,,,, virtualizatoin,,,,,,,,,,,,,,,,,,,,,,,,,,,,,Masculino,Masculino,Masculino,não anotado,não anotado,não anotado,não anotado
MESTRADO,https://repositorio.unicamp.br/acervo/detalhe/973821?guid=1652562378704&returnUrl=%2fresultado%2flistar%3fguid%3d1652562378704%26quantidadePaginas%3d1%26codigoRegistro%3d973821%23973821&i=4,orcid.org/0000-0002-1756-4852,orcid.org/0000-0002-0145-5571,orcid.org/0000-0001-9772-263X,,,,,Universidade Estadual de Campinas,19,André Santanchè,no info,Universidade Estadual de Campinas,Francisco Rodrigues,Brazil,Ricardo Torres,Netherlands,multimedia retrieval,multimedia classification,,,,,Universidade de São Paulo,,,,,,,,,,,,,machine learning,information visualization,Complex Networks,Complex Systems,Machine Learning,,,data science,,,,,,,,,2016,,,,,,,,,,,,,,,,,,,,,,,,,,,,,,,,,,,,,,Masculino,Masculino,Masculino,não anotado,não anotado,não anotado,não anotado
MESTRADO,https://repositorio.unicamp.br/acervo/detalhe/974397?guid=1652562411769&returnUrl=%2fresultado%2flistar%3fguid%3d1652562411769%26quantidadePaginas%3d1%26codigoRegistro%3d974397%23974397&i=1,orcid.org/0000-0002-1756-4852,orcid.org/0000-0002-9545-2098,orcid.org/0000-0003-4177-1322,,,,,Universidade Estadual de Campinas,20,André Santanchè,no info,Embrapa Agricultura Digital,Julio Cesar Dos Reis,no info,Debora Drucker,Brazil,,,,,,,Universidade Estadual de Campinas (UNICAMP),,,,,,,,,,,,,,,,,,,,,,,,,,,,,2016,,,,,,,,,,,,,,,,,,,,,,,,,,,,,,,,,,,,,,Masculino,Masculino,Feminino,não anotado,não anotado,não anotado,não anotado
MESTRADO,https://repositorio.unicamp.br/acervo/detalhe/975456?guid=1652562493102&returnUrl=%2fresultado%2flistar%3fguid%3d1652562493102%26quantidadePaginas%3d1%26codigoRegistro%3d975456%23975456&i=2,orcid.org/0000-0002-1756-4852,orcid.org/0000-0001-8309-6367,orcid.org/0000-0001-8264-5811,,,,,Universidade Estadual de Campinas,21,André Santanchè,no info,Universidade de São Paulo,Ariadne Carvalho,no info,Maria da Graça Campos Pimentel,no info,,,,,,,Universidade Estadual de Campinas,,,,,,,,,,,,,,,,,,,,,,,,,,,,,2016,,,,,,,,,,,,,,,,,,,,,,,,,,,,,,,,,,,,,,Masculino,Feminino,Feminino,não anotado,não anotado,não anotado,não anotado
MESTRADO,https://repositorio.unicamp.br/acervo/detalhe/976520?guid=1652562530580&returnUrl=%2fresultado%2flistar%3fguid%3d1652562530580%26quantidadePaginas%3d1%26codigoRegistro%3d976520%23976520&i=3,orcid.org/0000-0002-4830-5298,orcid.org/0000-0003-3441-0887,orcid.org/0000-0002-6023-5982,,,,,Universidade Estadual de Campinas,22,Maria Cecilia Calani Baranauskas,Brazil,University of Campinas,Rodrigo Bonacin,no info,Islene Calciolari Garcia,no info,,,HCI,Socially Aware Design,Organizational Semiotics,Participatory Design,Centro de Tecnologia da Informação Renato Archer,,,,,,,,,,,,,,,,,,,,,,,,,,,,,2016,,,,,,,,,,,,,,,,,,,,,,,,,,,,,,,,,,,,,,Feminino,Masculino,Feminino,não anotado,não anotado,não anotado,não anotado
MESTRADO,https://repositorio.unicamp.br/acervo/detalhe/974502?guid=1652562569851&returnUrl=%2fresultado%2flistar%3fguid%3d1652562569851%26quantidadePaginas%3d1%26codigoRegistro%3d974502%23974502&i=6,orcid.org/0000-0003-1001-082X,orcid.org/0000-0002-5320-9209,orcid.org/0000-0001-6030-2682,,,,,University of Campinas,23,Lehilton Pedrosa,no info,University of Campinas,Ueverton S. Souza,Brazil,Eduardo C. Xavier,Brazil,,,,,,,Universidade Federal Fluminense,,,,,,,,,,,,,,,Algorithms, Graphs, Parameterized Complexity,,,,,,,,,,,,2016,,,,,,,,,,,,,,,,,,,,,,,,,,,,,,,,,,,,,,Masculino,Masculino,Masculino,não anotado,não anotado,não anotado,não anotado
MESTRADO,https://repositorio.unicamp.br/acervo/detalhe/974962?guid=1652562613244&returnUrl=%2fresultado%2flistar%3fguid%3d1652562613244%26quantidadePaginas%3d1%26codigoRegistro%3d974962%23974962&i=1,orcid.org/0000-0003-4869-5190,orcid.org/0000-0002-5564-698X,orcid.org/0000-0002-0375-1657,,,,,Universidade Estadual de Campinas,24,Guido Araujo,no info,Universidade Federal de Minas Gerais,Lucas Wanner,no info,Fernando Magno Quintão Pereira,Brazil,Compilers, Programming Languages,,,,,University of Campinas,,,,,,,,,,,,,,,,,,,,,,,,,,,,,2016,,,,,,,,,,,,,,,,,,,,,,,,,,,,,,,,,,,,,,Masculino,Masculino,Masculino,não anotado,não anotado,não anotado,não anotado
MESTRADO,https://repositorio.unicamp.br/acervo/detalhe/975469?guid=1652562643802&returnUrl=%2fresultado%2flistar%3fguid%3d1652562643802%26quantidadePaginas%3d1%26codigoRegistro%3d975469%23975469&i=1,orcid.org/0000-0003-2608-4807,orcid.org/0000-0001-6822-931X,orcid.org/0000-0003-3333-6822,,,,,Universidade Estadual de Campinas,25,Guilherme P. Telles,Brazil,University of Campinas,Maria Emilia Walter,Brazil,Zanoni Dias,Brazil,,,,,,,University of Brasilia,,,,,,,,,,,,,,,bioinformatics, non-coding RNAs, genomics, transcriptomics, genome rearrangements,,,,,,,,,,2016,,,,,,,,,,,,,,,,,,,,,,,,,,,,,,,,,,,,,,Masculino,Feminino,Masculino,não anotado,não anotado,não anotado,não anotado
MESTRADO,https://repositorio.unicamp.br/acervo/detalhe/976168?guid=1652562679149&returnUrl=%2fresultado%2flistar%3fguid%3d1652562679149%26quantidadePaginas%3d1%26codigoRegistro%3d976168%23976168&i=2,orcid.org/0000-0003-4549-7105,sem orcid,orcid.org/0000-0003-4290-6508,,,,,no info,26,Cecilia Mary Fischer Rubira Rubira,no info,no info,sem orcid,sem orcid,Eliane Martins,no info,,,,,,,sem orcid,,,,,,,,,,,,,,,,,,,,,,,,,,,,,2016,,,,,,,,,,,,,,,,,,,,,,,,,,,,,,,,,,,,,,Feminino,sem orcid,Feminino,não anotado,não anotado,não anotado,não anotado
MESTRADO,https://repositorio.unicamp.br/acervo/detalhe/974575?guid=1652562727284&returnUrl=%2fresultado%2flistar%3fguid%3d1652562727284%26quantidadePaginas%3d1%26codigoRegistro%3d974575%23974575&i=1,orcid.org/0000-0002-3372-3366,orcid.org/0000-0002-0171-4430,orcid.org/0000-0002-8972-080X,,,,,Universidade Estadual de Campinas,27,Leandro Villas,Brazil,State University of Campinas,Otávio A. B. Penatti,no info,Fábio Usberti,no info,,,,,,,no info,,,,,,,,,,,,,,,,,,,,,,,,,,,,,2016,,,,,,,,,,,,,,,,,,,,,,,,,,,,,,,,,,,,,,Masculino,Masculino,Masculino,não anotado,não anotado,não anotado,não anotado
MESTRADO,https://repositorio.unicamp.br/acervo/detalhe/978844?guid=1652562806408&returnUrl=%2fresultado%2flistar%3fguid%3d1652562806408%26quantidadePaginas%3d1%26codigoRegistro%3d978844%23978844&i=1,orcid.org/0000-0002-1067-6421,orcid.org/0000-0002-1649-6843,orcid.org/0000-0002-8972-080X,,,,,no info,28,Flávio K. Miyazawa,no info,State University of Campinas,Kelly Poldi,no info,Fábio Usberti,no info,,,,,,,Universidade Federal de São Paulo,,,,,,,,,,,,,,,,,,,,,,,,,,,,,2016,,,,,,,,,,,,,,,,,,,,,,,,,,,,,,,,,,,,,,Masculino,Feminino,Masculino,não anotado,não anotado,não anotado,não anotado
MESTRADO,https://repositorio.unicamp.br/acervo/detalhe/974401?guid=1652562837496&returnUrl=%2fresultado%2flistar%3fguid%3d1652562837496%26quantidadePaginas%3d1%26codigoRegistro%3d974401%23974401&i=1,orcid.org/0000-0002-2457-0783,orcid.org/0000-0001-9241-2229,orcid.org/0000-0001-5685-8004,,,,,Aarhus University,29,Diego F. Aranha,Denmark,no info,Marco A. Amaral Henriques,no info,Siome Goldenstein,no info,,,Cryptography, Computer Security,,,University of Campinas,,,,,,,,,,,,,,,,,,,,,,,,,,,,,2016,,,,,,,,,,,,,,,,,,,,,,,,,,,,,,,,,,,,,,Masculino,Masculino,Masculino,não anotado,não anotado,não anotado,não anotado
MESTRADO,https://repositorio.unicamp.br/acervo/detalhe/978836?guid=1652562868929&returnUrl=%2fresultado%2flistar%3fguid%3d1652562868929%26quantidadePaginas%3d1%26codigoRegistro%3d978836%23978836&i=1,orcid.org/0000-0002-6540-8686,orcid.org/0000-0002-6023-5982,sem orcid,,,,,University of Campinas,30,Paulo de Geus,Brazil,sem orcid,Islene Calciolari Garcia,no info,sem orcid,sem orcid,,,Computer Security,,,,University of Campinas,,,,,,,,,,,,,,,,,,,,,,,,,,,,,2016,,,,,,,,,,,,,,,,,,,,,,,,,,,,,,,,,,,,,,Masculino,Feminino,sem orcid,não anotado,não anotado,não anotado,não anotado
MESTRADO,https://repositorio.unicamp.br/acervo/detalhe/978685?guid=1652562922939&returnUrl=%2fresultado%2flistar%3fguid%3d1652562922939%26quantidadePaginas%3d1%26codigoRegistro%3d978685%23978685&i=1,orcid.org/0000-0003-2046-602X,sem orcid,orcid.org/0000-0002-6023-5982,,,,,Universidade Estadual de Campinas,31,Nelson L. S. da Fonseca,no info,University of Campinas,sem orcid,sem orcid,Islene Calciolari Garcia,no info,,,,,,,sem orcid,,,,,,,,,,,,,,,,,,,,,,,,,,,,,2016,,,,,,,,,,,,,,,,,,,,,,,,,,,,,,,,,,,,,,Masculino,sem orcid,Feminino,não anotado,não anotado,não anotado,não anotado
MESTRADO,https://repositorio.unicamp.br/acervo/detalhe/978934?guid=1652562963683&returnUrl=%2fresultado%2flistar%3fguid%3d1652562963683%26quantidadePaginas%3d1%26codigoRegistro%3d978934%23978934&i=1,orcid.org/0000-0003-0125-630X,orcid.org/0000-0003-0467-3133,orcid.org/0000-0002-6494-7514,orcid.org/0000-0001-9772-263X,,,,University of Campinas,32,Helio Pedrini,Brazil,no info,Esther Luna Colombini,no info,João Paulo Papa,no info,machine learning, image processing,image and video processing; machine learning; computer vision,,,,Universidade Estadual de Campinas,,,Ricardo Torres,Netherlands,,,,,Universidade Estadual de Campinas,,,, computervision, meta-heuristics,,,,,,,multimedia retrieval,multimedia classification,machine learning,,,,,,2016,,,,,,,information visualization,data science,,,,,,,,,,,,,,,,,,,,,,,,,,,,,,Masculino,Feminino,Masculino,Masculino,não anotado,não anotado,não anotado
MESTRADO,https://repositorio.unicamp.br/acervo/detalhe/979031?guid=1652562994382&returnUrl=%2fresultado%2flistar%3fguid%3d1652562994382%26quantidadePaginas%3d1%26codigoRegistro%3d979031%23979031&i=2,orcid.org/0000-0002-1067-6421,orcid.org/0000-0001-6030-2682,orcid.org/0000-0003-2998-6785,,,,,no info,33,Flávio K. Miyazawa,no info,State University of Campinas,Eduardo C. Xavier,Brazil,LUIS MEIRA,Brazil,optimization,Algorithms,,,,,University of Campinas,,,,,,,,,,,,,Petroleum engineering,graphs,,,,,,,,,,,,,,,2016,,,,,,,,,,,,,,,,,,,,,,,,,,,,,,,,,,,,,,Masculino,Masculino,Masculino,não anotado,não anotado,não anotado,não anotado
MESTRADO,https://repositorio.unicamp.br/acervo/detalhe/978688?guid=1652563028026&returnUrl=%2fresultado%2flistar%3fguid%3d1652563028026%26quantidadePaginas%3d1%26codigoRegistro%3d978688%23978688&i=1,orcid.org/0000-0003-2046-602X,sem orcid,orcid.org/0000-0002-1180-2637,,,,,Universidade Estadual de Campinas,34,Nelson L. S. da Fonseca,no info,UNICAMP - University of Campinas,sem orcid,sem orcid,Edmundo Madeira,no info,,,,,,,sem orcid,,,,,,,,,,,,,,,,,,,,,,,,,,,,,2016,,,,,,,,,,,,,,,,,,,,,,,,,,,,,,,,,,,,,,Masculino,sem orcid,Masculino,não anotado,não anotado,não anotado,não anotado
MESTRADO,https://repositorio.unicamp.br/acervo/detalhe/979564?guid=1652563160842&returnUrl=%2fresultado%2flistar%3fguid%3d1652563160842%26quantidadePaginas%3d1%26codigoRegistro%3d979564%23979564&i=1,orcid.org/0000-0003-4549-7105,orcid.org/0000-0003-3692-2202,orcid.org/0000-0003-4290-6508,,,,,no info,35,Cecilia Mary Fischer Rubira Rubira,no info,no info,Delano Beder,no info,Eliane Martins,no info,,,,,,,no info,,,,,,,,,,,,,,,,,,,,,,,,,,,,,2016,,,,,,,,,,,,,,,,,,,,,,,,,,,,,,,,,,,,,,Feminino,Masculino,Feminino,não anotado,não anotado,não anotado,não anotado
MESTRADO,https://repositorio.unicamp.br/acervo/detalhe/980693?guid=1652563194469&returnUrl=%2fresultado%2flistar%3fguid%3d1652563194469%26quantidadePaginas%3d1%26codigoRegistro%3d980693%23980693&i=1,orcid.org/0000-0001-9772-263X,orcid.org/0000-0002-2075-3363,orcid.org/0000-0002-1756-4852,,,,,Universidade Estadual de Campinas,36,Ricardo Torres,Netherlands,Universidade Estadual de Campinas,Marcos André Gonçalves,no info,André Santanchè,no info,,,multimedia retrieval,multimedia classification,machine learning,information visualization,Universidade Federal de Minas Gerais,,,,,,,,,,,,,,,,,,,,,,,,,,,,,2016,data science,,,,,,,,,,,,,,,,,,,,,,,,,,,,,,,,,,,,,Masculino,Masculino,Masculino,não anotado,não anotado,não anotado,não anotado
DOUTORADO,https://repositorio.unicamp.br/acervo/detalhe/968422?guid=1652563234659&returnUrl=%2fresultado%2flistar%3fguid%3d1652563234659%26quantidadePaginas%3d1%26codigoRegistro%3d968422%23968422&i=1,orcid.org/0000-0001-5015-2131,orcid.org/0000-0002-0483-3435,orcid.org/0000-0003-4861-7061,orcid.org/0000-0001-9772-263X,orcid.org/0000-0002-1756-4852,,,no info,37,Neucimar Leite,no info,Universidade Estadual Paulista Júlio de Mesquita Filho,Leyza Dorini,no info,Aparecido Nilceu Marana,no info,,,,,,,no info,Universidade Estadual de Campinas,,Ricardo Torres,Netherlands,,,,,Universidade Estadual de Campinas,André Santanchè,no info,,,,,,,,,,multimedia retrieval,multimedia classification,machine learning,,,,,,2016,,,,,,,information visualization,data science,,,,,,,,,,,,,,,,,,,,,,,,,,,,,,Masculino,Feminino,Masculino,Masculino,Masculino,não anotado,não anotado
DOUTORADO,https://repositorio.unicamp.br/acervo/detalhe/971624?guid=1652563274415&returnUrl=%2fresultado%2flistar%3fguid%3d1652563274415%26quantidadePaginas%3d1%26codigoRegistro%3d971624%23971624&i=1,orcid.org/0000-0002-4830-5298,orcid.org/0000-0002-4627-9743,orcid.org/0009-0000-2453-6617,orcid.org/0000-0003-3580-5178,orcid.org/0000-0003-4427-652X,,,Universidade Estadual de Campinas,38,Maria Cecilia Calani Baranauskas,Brazil,no info,Juan Pablo Hourcade,United States,Amanda Meincke Melo,no info,,,HCI,Socially Aware Design,Organizational Semiotics,Participatory Design,The University of Iowa,no info,,Marcos Augusto Francisco Borges,Brazil,,,,,Unicamp,Alessandro Arpetti,no info,,,,,,,,,,Computational Thinking; Creative Learning; Serious Games; Lean IT; Agile; Entrepeneurship,,,,,,,,2016,,,,,,,,,,,,,,,,,,,,,,,,,,,,,,,,,,,,,,Feminino,Masculino,Feminino,Masculino,Masculino,não anotado,não anotado
DOUTORADO,https://repositorio.unicamp.br/acervo/detalhe/971451?guid=1652563318837&returnUrl=%2fresultado%2flistar%3fguid%3d1652563318837%26quantidadePaginas%3d1%26codigoRegistro%3d971451%23971451&i=1,orcid.org/0000-0002-5945-0845,orcid.org/0000-0002-9955-5721,sem orcid,orcid.org/0000-0002-8972-080X,orcid.org/0000-0002-9529-4253,,,Universidade Estadual de Campinas,39,Cid de Souza,Brazil,sem orcid,Alexandre Cunha,no info,sem orcid,sem orcid,,,Integer Programming,Combinatorial Optimization,Algorithms (design and analysis),Operations Research,no info,University of Campinas,,Fábio Usberti,no info,,,,,State University of Campinas,Pedro J. de Rezende,no info,,,,,,,,,,,,,,,,,,2016,,,,,,,,,,,,,,,,,,,,,,,,,,,,,,,,,,,,,,Masculino,Masculino,sem orcid,Masculino,Masculino,não anotado,não anotado
DOUTORADO,https://repositorio.unicamp.br/acervo/detalhe/972702?guid=1652563358849&returnUrl=%2fresultado%2flistar%3fguid%3d1652563358849%26quantidadePaginas%3d1%26codigoRegistro%3d972702%23972702&i=3,orcid.org/0000-0002-1067-6421,orcid.org/0000-0002-6946-9670,orcid.org/0000-0002-3948-305X,orcid.org/0000-0002-1649-6843,orcid.org/0000-0003-2998-6785,,,no info,40,Flávio K. Miyazawa,no info,Universidade Federal de São Carlos,"Yanasse, H.H.",Brazil,Reinaldo Morabito,Brazil,,,,,,,Universidade Federal de São Paulo,State University of Campinas,,Kelly Poldi,no info,,,,,Universidade Federal de São Paulo,LUIS MEIRA,Brazil,,,,,,,,,,,,,optimization,Algorithms,Petroleum engineering,graphs,,2016,,,,,,,,,,,,,,,,,,,,,,,,,,,,,,,,,,,,,,Masculino,Masculino,Masculino,Feminino,Masculino,não anotado,não anotado
DOUTORADO,https://repositorio.unicamp.br/acervo/detalhe/973248?guid=1652563433737&returnUrl=%2fresultado%2flistar%3fguid%3d1652563433737%26quantidadePaginas%3d1%26codigoRegistro%3d973248%23973248&i=3,orcid.org/0000-0002-1180-2637,sem orcid,orcid.org/0000-0003-4861-7061,orcid.org/0000-0001-5201-1244,orcid.org/0000-0002-6023-5982,,,UNICAMP - University of Campinas,41,Edmundo Madeira,no info,Universidade Estadual Paulista Júlio de Mesquita Filho,sem orcid,sem orcid,Aparecido Nilceu Marana,no info,,,,,,,sem orcid,University of Campinas,,Jacques Wainer,Brazil,,,,,no info,Islene Calciolari Garcia,no info,,,,,,,,,,,,,,,,,,2016,,,,,,,,,,,,,,,,,,,,,,,,,,,,,,,,,,,,,,Masculino,sem orcid,Masculino,Masculino,Feminino,não anotado,não anotado
DOUTORADO,https://repositorio.unicamp.br/acervo/detalhe/971900?guid=1652563466773&returnUrl=%2fresultado%2flistar%3fguid%3d1652563466773%26quantidadePaginas%3d1%26codigoRegistro%3d971900%23971900&i=2,orcid.org/0000-0002-4236-8212,orcid.org/0000-0002-7002-875X,orcid.org/0000-0001-9241-2229,orcid.org/0000-0003-2973-2232,orcid.org/0000-0001-9722-5764,,,Universidade Estadual de Campinas,42,Anderson Rocha,Brazil,University of Campinas,Ricardo Dahab,Brazil,Marco A. Amaral Henriques,no info,,,Machine Intelligence; Digital Forensics; Reasoning for Complex Data,,,,University of Campinas,Universidade de São Paulo,,Erickson R. Nascimento,Brazil,,,,,Universidade Federal de Minas Gerais,Nina S. T. Hirata,no info,,,,Cryptography, Graph Theory,,,,,Computer Vision,Pattern Recognition,Underwater Imaging,Machine Learning, Deep learning, Pattern Recognition, Image analysis, Image Processing,2016,,,,,,,,,,,,,,,,,,,,,,,,,,,,,,,,,,,,,,Masculino,Masculino,Masculino,Masculino,Feminino,não anotado,não anotado
DOUTORADO,https://repositorio.unicamp.br/acervo/detalhe/979323?guid=1652563506083&returnUrl=%2fresultado%2flistar%3fguid%3d1652563506083%26quantidadePaginas%3d1%26codigoRegistro%3d979323%23979323&i=1,orcid.org/0000-0002-1180-2637,orcid.org/0000-0001-6305-9059,orcid.org/0000-0001-5746-4154,sem orcid,orcid.org/0000-0003-3109-4305,orcid.org/0000-0002-1067-6421,,UNICAMP - University of Campinas,43,Edmundo Madeira,no info,no info,Luiz Fernando Bittencourt,no info,Alfredo Goldman,no info,,,,,,,Universidade Estadual de Campinas,Universidade Estadual de Campinas (UNICAMP),no info,sem orcid,sem orcid,,,Flávio K. Miyazawa,no info,sem orcid,Christian Esteve Rothenberg,no info,,,,,,,,,,,,,,,,,,2016,,,,,,,,,,,,,,,,,,,,,,,,,,,,,,,,,,,,,,Masculino,Masculino,Masculino,sem orcid,Masculino,Masculino,não anotado
DOUTORADO,https://repositorio.unicamp.br/acervo/detalhe/977097?guid=1652563542562&returnUrl=%2fresultado%2flistar%3fguid%3d1652563542562%26quantidadePaginas%3d1%26codigoRegistro%3d977097%23977097&i=2,orcid.org/0000-0002-7002-875X,sem orcid,sem orcid,orcid.org/0000-0002-6731-1482,orcid.org/0000-0003-4568-8040,,,University of Campinas,44,Ricardo Dahab,Brazil,sem orcid,sem orcid,sem orcid,sem orcid,sem orcid,,,Cryptography, Graph Theory,,,sem orcid,no info,,Julio Cesar Lopez Hernandez,Mexico,,,,,no info,Antonio Campello,no info,,,,,,,,,,,,,,,,,,2016,,,,,,,,,,,,,,,,,,,,,,,,,,,,,,,,,,,,,,Masculino,sem orcid,sem orcid,Masculino,Masculino,não anotado,não anotado
DOUTORADO,https://repositorio.unicamp.br/acervo/detalhe/972970?guid=1652563585136&returnUrl=%2fresultado%2flistar%3fguid%3d1652563585136%26quantidadePaginas%3d1%26codigoRegistro%3d972970%23972970&i=1,orcid.org/0000-0002-4236-8212,orcid.org/0000-0003-0467-3133,orcid.org/0000-0001-9068-938X,orcid.org/0000-0003-4929-7258,orcid.org/0000-0003-3861-7260,,,Universidade Estadual de Campinas,45,Anderson Rocha,Brazil,Universidade Estadual de Campinas,Esther Luna Colombini,no info,Sandra Avila,no info,,,Machine Intelligence; Digital Forensics; Reasoning for Complex Data,,,,Universidade Estadual de Campinas,Universidade de São Paulo,,Agma Traina,no info,,,,,Universidade de São Paulo Instituto de Ciências Matemáticas e de Computação,Roberto Hirata Jr.,Brazil,,,,,,,,,,,,,,,,,,2016,,,,,,,,,,,,,,,,,,,,,,,,,,,,,,,,,,,,,,Masculino,Feminino,Feminino,Feminino,Masculino,não anotado,não anotado
DOUTORADO,https://repositorio.unicamp.br/acervo/detalhe/973034?guid=1652563634929&returnUrl=%2fresultado%2flistar%3fguid%3d1652563634929%26quantidadePaginas%3d1%26codigoRegistro%3d973034%23973034&i=4,orcid.org/0000-0001-5685-8004,sem orcid,sem orcid,orcid.org/0000-0001-9772-263X,orcid.org/0000-0002-4248-2744,,,no info,46,Siome Goldenstein,no info,sem orcid,sem orcid,sem orcid,sem orcid,sem orcid,,,,,,,sem orcid,no info,,Ricardo Torres,Netherlands,,,,,Universidade Estadual de Campinas,Heiko Hornung,no info,,,,,,,,,,multimedia retrieval,multimedia classification,machine learning,,,,,,2016,,,,,,,information visualization,data science,,,,,,,,,,,,,,,,,,,,,,,,,,,,,,Masculino,sem orcid,sem orcid,Masculino,Masculino,não anotado,não anotado
DOUTORADO,https://repositorio.unicamp.br/acervo/detalhe/976389?guid=1652563660947&returnUrl=%2fresultado%2flistar%3fguid%3d1652563660947%26quantidadePaginas%3d1%26codigoRegistro%3d976389%23976389&i=1,orcid.org/0000-0001-6305-9059,orcid.org/0000-0002-7350-8599,sem orcid,sem orcid,orcid.org/0000-0002-1180-2637,,,Universidade Estadual de Campinas,47,Luiz Fernando Bittencourt,no info,sem orcid,Andrey Brito,no info,sem orcid,sem orcid,,,,,,,Universidade Federal de Campina Grande,UNICAMP - University of Campinas,,sem orcid,sem orcid,,,,,sem orcid,Edmundo Madeira,no info,,,,,,,,,,,,,,,,,,2016,,,,,,,,,,,,,,,,,,,,,,,,,,,,,,,,,,,,,,Masculino,Masculino,sem orcid,sem orcid,Masculino,não anotado,não anotado
DOUTORADO,https://repositorio.unicamp.br/acervo/detalhe/974513?guid=1652563701116&returnUrl=%2fresultado%2flistar%3fguid%3d1652563701116%26quantidadePaginas%3d1%26codigoRegistro%3d974513%23974513&i=2,orcid.org/0000-0001-7878-4990,orcid.org/0000-0001-6822-931X,sem orcid,orcid.org/0000-0003-3333-6822,orcid.org/0000-0002-4763-3046,,,State University of Campinas,48,Joao Meidanis,no info,sem orcid,Maria Emilia Walter,Brazil,sem orcid,sem orcid,,,,,,,University of Brasilia,University of Campinas,,Zanoni Dias,Brazil,,,,,University of Campinas,Ulisses Dias,no info,,,,bioinformatics, non-coding RNAs, genomics, transcriptomics, genome rearrangements,,,,,,,,,,2016,,,,,,,,,,,,,,,,,,,,,,,,,,,,,,,,,,,,,,Masculino,Feminino,sem orcid,Masculino,Masculino,não anotado,não anotado
DOUTORADO,https://repositorio.unicamp.br/acervo/detalhe/974200?guid=1652563751776&returnUrl=%2fresultado%2flistar%3fguid%3d1652563751776%26quantidadePaginas%3d1%26codigoRegistro%3d974200%23974200&i=4,orcid.org/0000-0002-4236-8212,orcid.org/0000-0003-2112-4806,orcid.org/0000-0003-1449-8834,orcid.org/0000-0002-5652-0852,orcid.org/0000-0001-9772-263X,,,Universidade Estadual de Campinas,49,Anderson Rocha,Brazil,Universidade Federal de Minas Gerais,Cristina Vasconcelos,no info,William Schwartz,Brazil,Computer Vision,Machine Learning,Machine Intelligence; Digital Forensics; Reasoning for Complex Data,,,,no info,Universidade Estadual de Campinas,,Roberto Lotufo,no info,,,,,Universidade Estadual de Campinas,Ricardo Torres,Netherlands,,Smart Surveillance,Biometrics,,,,,,,,,,multimedia retrieval,multimedia classification,machine learning,information visualization,data science,2016,,,,,,,,,,,,,,,,,,,,,,,,,,,,,,,,,,,,,,Masculino,Feminino,Masculino,Masculino,Masculino,não anotado,não anotado
DOUTORADO,https://repositorio.unicamp.br/acervo/detalhe/979457?guid=1652563781046&returnUrl=%2fresultado%2flistar%3fguid%3d1652563781046%26quantidadePaginas%3d1%26codigoRegistro%3d979457%23979457&i=4,orcid.org/0000-0001-7878-4990,orcid.org/0000-0002-5945-0845,orcid.org/0000-0001-9174-2816,orcid.org/0000-0003-2070-2061,orcid.org/0000-0003-3333-6822,orcid.org/0000-0002-8972-080X,,State University of Campinas,50,Joao Meidanis,no info,Universidade de Sao Paulo,Cid de Souza,Brazil,Joao C. Setubal,no info,Bioinformatics, Genomics,,,,,Universidade Estadual de Campinas,University of Campinas,State University of Campinas,sr matioli,Brazil,,,Fábio Usberti,no info,Universidade de São Paulo,Zanoni Dias,Brazil,, Metagenomics, Microbiomes,Integer Programming,Combinatorial Optimization,Algorithms (design and analysis),Operations Research,, Transcriptomics,,,,,,,,,2016,,,,,,,,,,, Computational Biology,,,,,,,,,,,,,,,,,,,,,,,,,,,Masculino,Masculino,Masculino,Masculino,Masculino,Masculino,não anotado
DOUTORADO,https://repositorio.unicamp.br/acervo/detalhe/976398?guid=1652563828590&returnUrl=%2fresultado%2flistar%3fguid%3d1652563828590%26quantidadePaginas%3d1%26codigoRegistro%3d976398%23976398&i=1,orcid.org/0000-0002-3159-4839,sem orcid,sem orcid,orcid.org/0000-0003-4237-4281,orcid.org/0000-0003-4462-3325,,,State University of Campinas,51,Jorge Stolfi,no info,sem orcid,sem orcid,sem orcid,sem orcid,sem orcid,,,,,,,sem orcid,University of Campinas,,C. N. Campos,Brazil,,,,,University of Campinas,Orlando Lee,no info,,,,,,,,,,,,,,,,,,2016,,,,,,,,,,,,,,,,,,,,,,,,,,,,,,,,,,,,,,Masculino,sem orcid,sem orcid,Feminino,Masculino,não anotado,não anotado
DOUTORADO,https://repositorio.unicamp.br/acervo/detalhe/976392?guid=1652563866847&returnUrl=%2fresultado%2flistar%3fguid%3d1652563866847%26quantidadePaginas%3d1%26codigoRegistro%3d976392%23976392&i=1,orcid.org/0000-0003-1783-4231,orcid.org/0000-0002-9957-5861,orcid.org/0000-0002-0375-1657,orcid.org/0000-0002-8803-0401,orcid.org/0000-0002-9539-6874,,,Universidade Estadual de Campinas,52,Edson Borin,no info,Universidade Federal de Minas Gerais,Philippe Navaux,Brazil,Fernando Magno Quintão Pereira,Brazil,Compilers, Programming Languages,,,,,Universidade Federal do Rio Grande do Sul,Universidade Estadual de Campinas,,Rodolfo Azevedo,Brazil,,,,,UNICAMP,Sandro Rigo,Brazil,,,,,,,,,,,,,Computer Architecture,Compilers,Code Optimization,High-Performance Computing,,2016,,,,,,,,,,,,,,,,,,,,,,,,,,,,,,,,,,,,,,Masculino,Masculino,Masculino,Masculino,Masculino,não anotado,não anotado
DOUTORADO,https://repositorio.unicamp.br/acervo/detalhe/983291?guid=1652563902705&returnUrl=%2fresultado%2flistar%3fguid%3d1652563902705%26quantidadePaginas%3d1%26codigoRegistro%3d983291%23983291&i=1,orcid.org/0000-0002-1067-6421,orcid.org/0000-0002-3948-305X,orcid.org/0000-0003-3910-8804,orcid.org/0000-0001-6030-2682,orcid.org/0000-0002-8972-080X,,,no info,53,Flávio K. Miyazawa,no info,UNESP - Universidade Estadual Paulista,Reinaldo Morabito,Brazil,Socorro Rangel,no info,,,,,,,Universidade Federal de São Carlos,State University of Campinas,,Eduardo C. Xavier,Brazil,,,,,University of Campinas,Fábio Usberti,no info,,,,,,,,,,,,,,,,,,2016,,,,,,,,,,,,,,,,,,,,,,,,,,,,,,,,,,,,,,Masculino,Masculino,Feminino,Masculino,Masculino,não anotado,não anotado
DOUTORADO,https://repositorio.unicamp.br/acervo/detalhe/979994?guid=1652563940662&returnUrl=%2fresultado%2flistar%3fguid%3d1652563940662%26quantidadePaginas%3d1%26codigoRegistro%3d979994%23979994&i=4,orcid.org/0000-0001-7358-6696,,,,,,,Universidade Estadual de Campinas,54,"AMORIM, Raul Reis",Brazil,,,,,,,,,,,,,,,,,,,,,,,,,,,,,,,,,,,,,,,,,2016,,,,,,,,,,,,,,,,,,,,,,,,,,,,,,,,,,,,,,Masculino,não anotado,não anotado,não anotado,não anotado,não anotado,não anotado
DOUTORADO,https://repositorio.unicamp.br/acervo/detalhe/978692?guid=1652564002435&returnUrl=%2fresultado%2flistar%3fguid%3d1652564002435%26quantidadePaginas%3d1%26codigoRegistro%3d978692%23978692&i=2,orcid.org/0000-0002-5945-0845,orcid.org/0000-0002-8229-3139,orcid.org/0000-0003-2962-2033,orcid.org/0000-0002-8105-3627,orcid.org/0000-0002-1067-6421,,,Universidade Estadual de Campinas,55,Cid de Souza,Brazil,Universidade Federal do Ceará,Yoshiko Wakabayashi,Brazil,Manoel Campêlo,Brazil,mathematical optimization,integer programming,Integer Programming,Combinatorial Optimization,Algorithms (design and analysis),Operations Research,Universidade de São Paulo,no info,,Carlile Lavor,no info,,,,,Universidade Estadual de Campinas,Flávio K. Miyazawa,no info,,combinatorial optimization,,,,,,,,,,,,,,,,2016,,,,,,,,,,,,,,,,,,,,,,,,,,,,,,,,,,,,,,Masculino,Feminino,Masculino,Masculino,Masculino,não anotado,não anotado
DOUTORADO,https://repositorio.unicamp.br/acervo/detalhe/979352?guid=1652564037422&returnUrl=%2fresultado%2flistar%3fguid%3d1652564037422%26quantidadePaginas%3d1%26codigoRegistro%3d979352%23979352&i=2,orcid.org/0000-0003-4290-6508,orcid.org/0000-0003-2592-3664,orcid.org/0000-0001-6816-208X,orcid.org/0000-0002-6540-8686,orcid.org/0000-0001-9241-2229,,,no info,56,Eliane Martins,no info,no info,Carlos Maziero,Brazil,Kalinka Branco,no info,,,,,,,Universidade Tecnológica Federal do Paraná,University of Campinas,,Paulo de Geus,Brazil,,,,,University of Campinas,Marco A. Amaral Henriques,no info,,,,Operating Systems,Computer Security,Distributed Systems,,,,Computer Security,,,,,,,,2016,,,,,,,,,,,,,,,,,,,,,,,,,,,,,,,,,,,,,,Feminino,Masculino,Feminino,Masculino,Masculino,não anotado,não anotado
DOUTORADO,https://repositorio.unicamp.br/acervo/detalhe/979636?guid=1652564085184&returnUrl=%2fresultado%2flistar%3fguid%3d1652564085184%26quantidadePaginas%3d1%26codigoRegistro%3d979636%23979636&i=1,orcid.org/0000-0003-3333-6822,orcid.org/0000-0001-6822-931X,orcid.org/0000-0002-5259-2859,orcid.org/0000-0001-6030-2682,orcid.org/0000-0002-8972-080X,,,University of Campinas,57,Zanoni Dias,Brazil,University of Sao Paulo,Maria Emilia Walter,Brazil,Cristina G. Fernandes,no info,approximation algorithms,,,,,,University of Brasilia,State University of Campinas,,Eduardo C. Xavier,Brazil,,,,,University of Campinas,Fábio Usberti,no info,,,,bioinformatics, non-coding RNAs, genomics, transcriptomics, genome rearrangements,,,,,,,,,,2016,,,,,,,,,,,,,,,,,,,,,,,,,,,,,,,,,,,,,,Masculino,Feminino,Feminino,Masculino,Masculino,não anotado,não anotado
DOUTORADO,https://repositorio.unicamp.br/acervo/detalhe/979871?guid=1652564139027&returnUrl=%2fresultado%2flistar%3fguid%3d1652564139027%26quantidadePaginas%3d1%26codigoRegistro%3d979871%23979871&i=1,orcid.org/0000-0002-9539-6874,sem orcid,orcid.org/0000-0002-0375-1657,orcid.org/0000-0002-6540-8686,orcid.org/0000-0002-2457-0783,,,Universidade Estadual de Campinas,58,Sandro Rigo,Brazil,Universidade Federal de Minas Gerais,sem orcid,sem orcid,Fernando Magno Quintão Pereira,Brazil,Compilers, Programming Languages,Computer Architecture,Compilers,Code Optimization,High-Performance Computing,sem orcid,Aarhus University,,Paulo de Geus,Brazil,,,,,University of Campinas,Diego F. Aranha,Denmark,,,,,,,,,,Computer Security,,,Cryptography, Computer Security,,,,2016,,,,,,,,,,,,,,,,,,,,,,,,,,,,,,,,,,,,,,Masculino,sem orcid,Masculino,Masculino,Masculino,não anotado,não anotado
DOUTORADO,https://repositorio.unicamp.br/acervo/detalhe/979360?guid=1652564177800&returnUrl=%2fresultado%2flistar%3fguid%3d1652564177800%26quantidadePaginas%3d1%26codigoRegistro%3d979360%23979360&i=1,orcid.org/0000-0002-6731-1482,orcid.org/0000-0002-7002-875X,sem orcid,sem orcid,,,,no info,59,Julio Cesar Lopez Hernandez,Mexico,sem orcid,Ricardo Dahab,Brazil,sem orcid,sem orcid,,,,,,,University of Campinas,,,sem orcid,sem orcid,,,,,sem orcid,,,,,,Cryptography, Graph Theory,,,,,,,,,,,,,2016,,,,,,,,,,,,,,,,,,,,,,,,,,,,,,,,,,,,,,Masculino,Masculino,sem orcid,sem orcid,não anotado,não anotado,não anotado
DOUTORADO,https://repositorio.unicamp.br/acervo/detalhe/979996?guid=1652564221660&returnUrl=%2fresultado%2flistar%3fguid%3d1652564221660%26quantidadePaginas%3d1%26codigoRegistro%3d979996%23979996&i=3,orcid.org/0000-0003-4869-5190,orcid.org/0000-0001-8824-3055,orcid.org/0000-0002-9992-8540,orcid.org/0000-0002-9539-6874,orcid.org/0000-0002-5374-2521,,,Universidade Estadual de Campinas,60,Guido Araujo,no info,Inria Centre de Recherche Grenoble Rhone-Alpes,Alexandro Baldassin,Brazil,Márcio Castro,Brazil,Parallel and Distributed Computing,High Performance Computing,,,,,"Universidade Estadual Paulista, Instituto de Geociências e Ciências Exatas",no info,,Sandro Rigo,Brazil,,,,,Universidade Estadual de Campinas,Emilio Francesquini,Brazil,,Parallel Architectures,Parallel Programming Languages,Computer architecture,Parallel Programming,Transactional Memory,Persistent Memory,,,Computer Architecture,Compilers,Code Optimization,,,,,,2016,,,,,,,High-Performance Computing,,,,,,,,,,,,,,,,,,,,,,,,,,,,,,,Masculino,Masculino,Masculino,Masculino,Masculino,não anotado,não anotado
MESTRADO,https://repositorio.unicamp.br/acervo/detalhe/980786?guid=1652795020633&returnUrl=%2fresultado%2flistar%3fguid%3d1652795020633%26quantidadePaginas%3d1%26codigoRegistro%3d980786%23980786&i=1,orcid.org/0000-0003-1783-4231,orcid.org/0000-0001-8824-3055,orcid.org/0000-0002-9539-6874,,,,,Universidade Estadual de Campinas,0,Edson Borin,no info,Universidade Estadual de Campinas,Alexandro Baldassin,Brazil,Sandro Rigo,Brazil,Computer Architecture,Compilers,,,,,"Universidade Estadual Paulista, Instituto de Geociências e Ciências Exatas",,,,,,,,,,,,,Code Optimization,High-Performance Computing,Computer architecture,Parallel Programming,Transactional Memory,Persistent Memory,,,,,,,,,,,2017,,,,,,,,,,,,,,,,,,,,,,,,,,,,,,,,,,,,,,Masculino,Masculino,Masculino,não anotado,não anotado,não anotado,não anotado
MESTRADO,https://repositorio.unicamp.br/acervo/detalhe/980739?guid=1652795046025&returnUrl=%2fresultado%2flistar%3fguid%3d1652795046025%26quantidadePaginas%3d1%26codigoRegistro%3d980739%23980739&i=1,orcid.org/0000-0002-8803-0401,orcid.org/0000-0003-3738-6448,orcid.org/0000-0002-9539-6874,,,,,UNICAMP,1,Rodolfo Azevedo,Brazil,Universidade Estadual de Campinas,Bruno Albertini,no info,Sandro Rigo,Brazil,Computer Architecture,Compilers,,,,,Universidade de São Paulo,,,,,,,,,,,,,Code Optimization,High-Performance Computing,,,,,,,,,,,,,,,2017,,,,,,,,,,,,,,,,,,,,,,,,,,,,,,,,,,,,,,Masculino,Masculino,Masculino,não anotado,não anotado,não anotado,não anotado
MESTRADO,https://repositorio.unicamp.br/acervo/detalhe/980364?guid=1652564340898&returnUrl=%2fresultado%2flistar%3fguid%3d1652564340898%26quantidadePaginas%3d1%26codigoRegistro%3d980364%23980364&i=1,orcid.org/0000-0001-9772-263X,orcid.org/0000-0003-0125-630X,orcid.org/0000-0003-3589-1619,,,,,Universidade Estadual de Campinas,2,Ricardo Torres,Netherlands,Universidade Federal do Rio Grande do Sul,Helio Pedrini,Brazil,Renata Galante,no info,,,multimedia retrieval,multimedia classification,machine learning,information visualization,University of Campinas,,,,,,,,,,,,,,,image and video processing; machine learning; computer vision,,,,,,,,,,,,,,2017,data science,,,,,,,,,,,,,,,,,,,,,,,,,,,,,,,,,,,,,Masculino,Masculino,Feminino,não anotado,não anotado,não anotado,não anotado
MESTRADO,https://repositorio.unicamp.br/acervo/detalhe/983860?guid=1652564370935&returnUrl=%2fresultado%2flistar%3fguid%3d1652564370935%26quantidadePaginas%3d1%26codigoRegistro%3d983860%23983860&i=1,orcid.org/0000-0003-2608-4807,sem orcid,orcid.org/0000-0003-0125-630X,,,,,Universidade Estadual de Campinas,3,Guilherme P. Telles,Brazil,University of Campinas,sem orcid,sem orcid,Helio Pedrini,Brazil,image and video processing; machine learning; computer vision,,,,,,sem orcid,,,,,,,,,,,,,,,,,,,,,,,,,,,,,2017,,,,,,,,,,,,,,,,,,,,,,,,,,,,,,,,,,,,,,Masculino,sem orcid,Masculino,não anotado,não anotado,não anotado,não anotado
MESTRADO,https://repositorio.unicamp.br/acervo/detalhe/984825?guid=1652564400766&returnUrl=%2fresultado%2flistar%3fguid%3d1652564400766%26quantidadePaginas%3d1%26codigoRegistro%3d984825%23984825&i=1,orcid.org/0000-0001-5201-1244,sem orcid,orcid.org/0000-0002-4321-9075,,,,,no info,4,Jacques Wainer,Brazil,Universidade Estadual de Campinas,sem orcid,sem orcid,Adín Ramírez Rivera,Norway,,,,,,,sem orcid,,,,,,,,,,,,,,,,,,,,,,,,,,,,,2017,,,,,,,,,,,,,,,,,,,,,,,,,,,,,,,,,,,,,,Masculino,sem orcid,Masculino,não anotado,não anotado,não anotado,não anotado
MESTRADO,https://repositorio.unicamp.br/acervo/detalhe/984388?guid=1652564664068&returnUrl=%2fresultado%2flistar%3fguid%3d1652564664068%26quantidadePaginas%3d1%26codigoRegistro%3d984388%23984388&i=3,orcid.org/0000-0001-9772-263X,sem orcid,orcid.org/0000-0001-9068-938X,,,,,Universidade Estadual de Campinas,5,Ricardo Torres,Netherlands,Universidade Estadual de Campinas,sem orcid,sem orcid,Sandra Avila,no info,,,multimedia retrieval,multimedia classification,machine learning,information visualization,sem orcid,,,,,,,,,,,,,,,,,,,,,,,,,,,,,2017,data science,,,,,,,,,,,,,,,,,,,,,,,,,,,,,,,,,,,,,Masculino,sem orcid,Feminino,não anotado,não anotado,não anotado,não anotado
MESTRADO,https://repositorio.unicamp.br/acervo/detalhe/983916?guid=1652564692442&returnUrl=%2fresultado%2flistar%3fguid%3d1652564692442%26quantidadePaginas%3d1%26codigoRegistro%3d983916%23983916&i=1,orcid.org/0000-0002-4236-8212,orcid.org/0000-0002-9104-613X,orcid.org/0000-0002-5243-0921,,,,,Universidade Estadual de Campinas,6,Anderson Rocha,Brazil,no info,Tiago Fernandes Tavares,Brazil,Fernanda Andaló,no info,,,Machine Intelligence; Digital Forensics; Reasoning for Complex Data,,,,no info,,,,,,,,,,,,,,,Music Information Retrieval,New Interfaces for Musical Expression,Digital Signal Processing,,,,,,,,,,,,2017,,,,,,,,,,,,,,,,,,,,,,,,,,,,,,,,,,,,,,Masculino,Masculino,Feminino,não anotado,não anotado,não anotado,não anotado
MESTRADO,https://repositorio.unicamp.br/acervo/detalhe/984216?guid=1652564726245&returnUrl=%2fresultado%2flistar%3fguid%3d1652564726245%26quantidadePaginas%3d1%26codigoRegistro%3d984216%23984216&i=1,orcid.org/0000-0003-4869-5190,orcid.org/0000-0002-0375-1657,orcid.org/0000-0002-9539-6874,,,,,Universidade Estadual de Campinas,7,Guido Araujo,no info,Universidade Estadual de Campinas,Fernando Magno Quintão Pereira,Brazil,Sandro Rigo,Brazil,Computer Architecture,Compilers,,,,,Universidade Federal de Minas Gerais,,,,,,,,,,,,,Code Optimization,High-Performance Computing,Compilers, Programming Languages,,,,,,,,,,,,,2017,,,,,,,,,,,,,,,,,,,,,,,,,,,,,,,,,,,,,,Masculino,Masculino,Masculino,não anotado,não anotado,não anotado,não anotado
MESTRADO,https://repositorio.unicamp.br/acervo/detalhe/984319?guid=1652564759960&returnUrl=%2fresultado%2flistar%3fguid%3d1652564759960%26quantidadePaginas%3d1%26codigoRegistro%3d984319%23984319&i=1,orcid.org/0000-0002-4321-9075,orcid.org/0000-0003-0125-630X,orcid.org/0000-0003-3861-7260,,,,,Universidade Estadual de Campinas,8,Adín Ramírez Rivera,Norway,Universidade de São Paulo,Helio Pedrini,Brazil,Roberto Hirata Jr.,Brazil,,,,,,,University of Campinas,,,,,,,,,,,,,,,image and video processing; machine learning; computer vision,,,,,,,,,,,,,,2017,,,,,,,,,,,,,,,,,,,,,,,,,,,,,,,,,,,,,,Masculino,Masculino,Masculino,não anotado,não anotado,não anotado,não anotado
MESTRADO,https://repositorio.unicamp.br/acervo/detalhe/983997?guid=1652564786158&returnUrl=%2fresultado%2flistar%3fguid%3d1652564786158%26quantidadePaginas%3d1%26codigoRegistro%3d983997%23983997&i=1,orcid.org/0000-0003-0125-630X,orcid.org/0000-0002-7779-1950,orcid.org/0000-0001-9772-263X,,,,,University of Campinas,9,Helio Pedrini,Brazil,Universidade Estadual de Campinas,Tiago Carvalho,Brazil,Ricardo Torres,Netherlands,multimedia retrieval,multimedia classification,image and video processing; machine learning; computer vision,,,,Instituto Federal de Educação Ciência e Tecnologia de São Paulo,,,,,,,,,,,,,machine learning,information visualization,,,,,,data science,,,,,,,,,2017,,,,,,,,,,,,,,,,,,,,,,,,,,,,,,,,,,,,,,Masculino,Masculino,Masculino,não anotado,não anotado,não anotado,não anotado
MESTRADO,https://repositorio.unicamp.br/acervo/detalhe/984498?guid=1652564814030&returnUrl=%2fresultado%2flistar%3fguid%3d1652564814030%26quantidadePaginas%3d1%26codigoRegistro%3d984498%23984498&i=2,orcid.org/0000-0003-1783-4231,orcid.org/0000-0002-9539-6874,sem orcid,,,,,Universidade Estadual de Campinas,10,Edson Borin,no info,sem orcid,Sandro Rigo,Brazil,sem orcid,sem orcid,,,,,,,Universidade Estadual de Campinas,,,,,,,,,,,,,,,Computer Architecture,Compilers,Code Optimization,High-Performance Computing,,,,,,,,,,,2017,,,,,,,,,,,,,,,,,,,,,,,,,,,,,,,,,,,,,,Masculino,Masculino,sem orcid,não anotado,não anotado,não anotado,não anotado
MESTRADO,https://repositorio.unicamp.br/acervo/detalhe/984003?guid=1652564838498&returnUrl=%2fresultado%2flistar%3fguid%3d1652564838498%26quantidadePaginas%3d1%26codigoRegistro%3d984003%23984003&i=2,orcid.org/0000-0002-3891-1593,orcid.org/0000-0001-8309-6367,orcid.org/0000-0002-9666-3954,,,,,Universidade Estadual de Campinas,11,mario cortes,no info,State University of Campinas,Ariadne Carvalho,no info,Ricardo Gudwin,Brazil,Artificial Intelligence,Cognitive Systems,,,,,Universidade Estadual de Campinas,,,,,,,,,,,,,Intelligent Systems,Cognitive Architectures,,,,,,,,,,,,,,,2017,,,,,,,,,,,,,,,,,,,,,,,,,,,,,,,,,,,,,,Masculino,Feminino,Masculino,não anotado,não anotado,não anotado,não anotado
MESTRADO,https://repositorio.unicamp.br/acervo/detalhe/983950?guid=1652564872341&returnUrl=%2fresultado%2flistar%3fguid%3d1652564872341%26quantidadePaginas%3d1%26codigoRegistro%3d983950%23983950&i=1,orcid.org/0000-0002-2914-5380,orcid.org/0000-0001-9084-7173,sem orcid,,,,,Universidade Estadual de Campinas,12,Alexandre Falcao,Brazil,sem orcid,clarissa yasuda,Brazil,sem orcid,sem orcid,,,image processing, visualization, and analysis, (interactive) machine learning ,University of Campinas,,,,,,,,,,,,,,,,,,,,,,,,,,,,,2017,,,,,,,,,,,,,,,,,,,,,,,,,,,,,,,,,,,,,,Masculino,Feminino,sem orcid,não anotado,não anotado,não anotado,não anotado
MESTRADO,https://repositorio.unicamp.br/acervo/detalhe/983951?guid=1652564974422&returnUrl=%2fresultado%2flistar%3fguid%3d1652564974422%26quantidadePaginas%3d1%26codigoRegistro%3d983951%23983951&i=1,orcid.org/0000-0002-6023-5982,orcid.org/0000-0002-9209-7764,orcid.org/0000-0001-6305-9059,,,,,University of Campinas,13,Islene Calciolari Garcia,no info,Universidade Estadual de Campinas,Gustavo Maciel Dias Vieira,no info,Luiz Fernando Bittencourt,no info,,,,,,,no info,,,,,,,,,,,,,,,,,,,,,,,,,,,,,2017,,,,,,,,,,,,,,,,,,,,,,,,,,,,,,,,,,,,,,Feminino,Masculino,Masculino,não anotado,não anotado,não anotado,não anotado
MESTRADO,https://repositorio.unicamp.br/acervo/detalhe/984175?guid=1652565020182&returnUrl=%2fresultado%2flistar%3fguid%3d1652565020182%26quantidadePaginas%3d1%26codigoRegistro%3d984175%23984175&i=1,orcid.org/0000-0002-2914-5380,orcid.org/0000-0003-0125-630X,orcid.org/0000-0002-6494-7514,,,,,Universidade Estadual de Campinas,14,Alexandre Falcao,Brazil,no info,Helio Pedrini,Brazil,João Paulo Papa,no info,machine learning, image processing,image processing, visualization, and analysis, (interactive) machine learning ,University of Campinas,,,,,,,,,,,,, computervision, meta-heuristics,image and video processing; machine learning; computer vision,,,,,,,,,,,,,,2017,,,,,,,,,,,,,,,,,,,,,,,,,,,,,,,,,,,,,,Masculino,Masculino,Masculino,não anotado,não anotado,não anotado,não anotado
MESTRADO,https://repositorio.unicamp.br/acervo/detalhe/985349?guid=1652565051964&returnUrl=%2fresultado%2flistar%3fguid%3d1652565051964%26quantidadePaginas%3d1%26codigoRegistro%3d985349%23985349&i=1,orcid.org/0000-0002-1756-4852,orcid.org/0000-0001-7008-4092,orcid.org/0000-0002-9545-2098,,,,,Universidade Estadual de Campinas,15,André Santanchè,no info,Universidade Estadual de Campinas (UNICAMP),Marco Antonio Carvalho Filho,Netherlands,Julio Cesar Dos Reis,no info,,,,,,,University Medical Center Groningen,,,,,,,,,,,,,,,Medical Education,Veterinary Medical Education,Clinical Reasoning,Professional Identity Development,,,,,,,,,,,2017,,,,,,,,,,,,,,,,,,,,,,,,,,,,,,,,,,,,,,Masculino,Masculino,Masculino,não anotado,não anotado,não anotado,não anotado
MESTRADO,https://repositorio.unicamp.br/acervo/detalhe/985165?guid=1652565088067&returnUrl=%2fresultado%2flistar%3fguid%3d1652565088067%26quantidadePaginas%3d1%26codigoRegistro%3d985165%23985165&i=3,orcid.org/0000-0002-3372-3366,sem orcid,orcid.org/0000-0001-6305-9059,,,,,Universidade Estadual de Campinas,16,Leandro Villas,Brazil,Universidade Estadual de Campinas,sem orcid,sem orcid,Luiz Fernando Bittencourt,no info,,,,,,,sem orcid,,,,,,,,,,,,,,,,,,,,,,,,,,,,,2017,,,,,,,,,,,,,,,,,,,,,,,,,,,,,,,,,,,,,,Masculino,sem orcid,Masculino,não anotado,não anotado,não anotado,não anotado
MESTRADO,https://repositorio.unicamp.br/acervo/detalhe/985371?guid=1652565118943&returnUrl=%2fresultado%2flistar%3fguid%3d1652565118943%26quantidadePaginas%3d1%26codigoRegistro%3d985371%23985371&i=2,orcid.org/0000-0003-1908-4753,sem orcid,orcid.org/0000-0001-9068-938X,,,,,Universidade Estadual de Campinas Instituto de Computação,17,Claudia Medeiros,Brazil,Universidade Estadual de Campinas,sem orcid,sem orcid,Sandra Avila,no info,,,Scientific data management, Data interoperability, Open Science,,sem orcid,,,,,,,,,,,,,,,,,,,,,,,,,,,,,2017,,,,,,,,,,,,,,,,,,,,,,,,,,,,,,,,,,,,,,Feminino,sem orcid,Feminino,não anotado,não anotado,não anotado,não anotado
MESTRADO,https://repositorio.unicamp.br/acervo/detalhe/984613?guid=1652565152516&returnUrl=%2fresultado%2flistar%3fguid%3d1652565152516%26quantidadePaginas%3d1%26codigoRegistro%3d984613%23984613&i=1,orcid.org/0000-0001-6305-9059,orcid.org/0000-0003-2162-6523,orcid.org/0000-0002-1180-2637,,,,,Universidade Estadual de Campinas,18,Luiz Fernando Bittencourt,no info,UNICAMP - University of Campinas,Eduardo Cerqueira,no info,Edmundo Madeira,no info,,,,,,,no info,,,,,,,,,,,,,,,,,,,,,,,,,,,,,2017,,,,,,,,,,,,,,,,,,,,,,,,,,,,,,,,,,,,,,Masculino,Masculino,Masculino,não anotado,não anotado,não anotado,não anotado
MESTRADO,https://repositorio.unicamp.br/acervo/detalhe/987602?guid=1652565194596&returnUrl=%2fresultado%2flistar%3fguid%3d1652565194596%26quantidadePaginas%3d1%26codigoRegistro%3d987602%23987602&i=2,orcid.org/0000-0002-1180-2637,orcid.org/0000-0001-6305-9059,sem orcid,,,,,UNICAMP - University of Campinas,19,Edmundo Madeira,no info,sem orcid,Luiz Fernando Bittencourt,no info,sem orcid,sem orcid,,,,,,,Universidade Estadual de Campinas,,,,,,,,,,,,,,,,,,,,,,,,,,,,,2017,,,,,,,,,,,,,,,,,,,,,,,,,,,,,,,,,,,,,,Masculino,Masculino,sem orcid,não anotado,não anotado,não anotado,não anotado
MESTRADO,https://repositorio.unicamp.br/acervo/detalhe/988228?guid=1652565232693&returnUrl=%2fresultado%2flistar%3fguid%3d1652565232693%26quantidadePaginas%3d1%26codigoRegistro%3d988228%23988228&i=4,orcid.org/0000-0002-8803-0401,orcid.org/0000-0002-9957-5861,orcid.org/0000-0003-4869-5190,,,,,UNICAMP,20,Rodolfo Azevedo,Brazil,Universidade Estadual de Campinas,Philippe Navaux,Brazil,Guido Araujo,no info,,,,,,,Universidade Federal do Rio Grande do Sul,,,,,,,,,,,,,,,,,,,,,,,,,,,,,2017,,,,,,,,,,,,,,,,,,,,,,,,,,,,,,,,,,,,,,Masculino,Masculino,Masculino,não anotado,não anotado,não anotado,não anotado
MESTRADO,https://repositorio.unicamp.br/acervo/detalhe/986043?guid=1652565295014&returnUrl=%2fresultado%2flistar%3fguid%3d1652565295014%26quantidadePaginas%3d1%26codigoRegistro%3d986043%23986043&i=1,orcid.org/0000-0001-8309-6367,orcid.org/0000-0002-6044-4012,orcid.org/0000-0002-7603-9695,,,,,Universidade Estadual de Campinas,21,Ariadne Carvalho,no info,Universidade Estadual de Campinas,Nuno Antunes,Portugal,Leonardo Montecchi,Norway,,,,,,,no info,,,,,,,,,,,,,,,Security; Dependable Systems; Cloud Security; Software Vulnerabilities,,,,,,,,,,,,,,2017,,,,,,,,,,,,,,,,,,,,,,,,,,,,,,,,,,,,,,Feminino,Masculino,Masculino,não anotado,não anotado,não anotado,não anotado
MESTRADO,https://repositorio.unicamp.br/acervo/detalhe/1050562?guid=1652565335997&returnUrl=%2fresultado%2flistar%3fguid%3d1652565335997%26quantidadePaginas%3d1%26codigoRegistro%3d1050562%231050562&i=2,orcid.org/0000-0002-6540-8686,orcid.org/0000-0003-2592-3664,orcid.org/0000-0002-9539-6874,,,,,University of Campinas,22,Paulo de Geus,Brazil,Universidade Estadual de Campinas,Carlos Maziero,Brazil,Sandro Rigo,Brazil,Computer Architecture,Compilers,Computer Security,,,,Universidade Tecnológica Federal do Paraná,,,,,,,,,,,,,Code Optimization,High-Performance Computing,Operating Systems,Computer Security,Distributed Systems,,,,,,,,,,,,2017,,,,,,,,,,,,,,,,,,,,,,,,,,,,,,,,,,,,,,Masculino,Masculino,Masculino,não anotado,não anotado,não anotado,não anotado
MESTRADO,https://repositorio.unicamp.br/acervo/detalhe/985641?guid=1652565370337&returnUrl=%2fresultado%2flistar%3fguid%3d1652565370337%26quantidadePaginas%3d1%26codigoRegistro%3d985641%23985641&i=4,orcid.org/0000-0001-9772-263X,orcid.org/0000-0003-4555-5598,orcid.org/0000-0002-8972-080X,,,,,Universidade Estadual de Campinas,23,Ricardo Torres,Netherlands,State University of Campinas,Bernardo Flores,no info,Fábio Usberti,no info,,,multimedia retrieval,multimedia classification,machine learning,information visualization,no info,,,,,,,,,,,,,,,,,,,,,,,,,,,,,2017,data science,,,,,,,,,,,,,,,,,,,,,,,,,,,,,,,,,,,,,Masculino,Masculino,Masculino,não anotado,não anotado,não anotado,não anotado
MESTRADO,https://repositorio.unicamp.br/acervo/detalhe/988452?guid=1652565400540&returnUrl=%2fresultado%2flistar%3fguid%3d1652565400540%26quantidadePaginas%3d1%26codigoRegistro%3d988452%23988452&i=2,orcid.org/0000-0002-0472-4810,orcid.org/0000-0003-2162-6523,orcid.org/0000-0002-8972-080X,,,,,Universidade Estadual de Campinas,24,Rafael C. S. Schouery,no info,State University of Campinas,Eduardo Cerqueira,no info,Fábio Usberti,no info,,,,,,,no info,,,,,,,,,,,,,,,,,,,,,,,,,,,,,2017,,,,,,,,,,,,,,,,,,,,,,,,,,,,,,,,,,,,,,Masculino,Masculino,Masculino,não anotado,não anotado,não anotado,não anotado
MESTRADO,https://repositorio.unicamp.br/acervo/detalhe/988670?guid=1652565422834&returnUrl=%2fresultado%2flistar%3fguid%3d1652565422834%26quantidadePaginas%3d1%26codigoRegistro%3d988670%23988670&i=1,orcid.org/0000-0001-9772-263X,sem orcid,sem orcid,,,,,Universidade Estadual de Campinas,25,Ricardo Torres,Netherlands,sem orcid,sem orcid,sem orcid,sem orcid,sem orcid,,,multimedia retrieval,multimedia classification,machine learning,information visualization,sem orcid,,,,,,,,,,,,,,,,,,,,,,,,,,,,,2017,data science,,,,,,,,,,,,,,,,,,,,,,,,,,,,,,,,,,,,,Masculino,sem orcid,sem orcid,não anotado,não anotado,não anotado,não anotado
MESTRADO,https://repositorio.unicamp.br/acervo/detalhe/1060709?guid=1652565449174&returnUrl=%2fresultado%2flistar%3fguid%3d1652565449174%26quantidadePaginas%3d1%26codigoRegistro%3d1060709%231060709&i=3,orcid.org/0000-0001-5201-1244,orcid.org/0000-0001-9068-938X,orcid.org/0000-0003-4861-7061,,,,,no info,26,Jacques Wainer,Brazil,Universidade Estadual Paulista Júlio de Mesquita Filho,Sandra Avila,no info,Aparecido Nilceu Marana,no info,,,,,,,Universidade Estadual de Campinas,,,,,,,,,,,,,,,,,,,,,,,,,,,,,2017,,,,,,,,,,,,,,,,,,,,,,,,,,,,,,,,,,,,,,Masculino,Feminino,Masculino,não anotado,não anotado,não anotado,não anotado
MESTRADO,https://repositorio.unicamp.br/acervo/detalhe/989282?guid=1652565476027&returnUrl=%2fresultado%2flistar%3fguid%3d1652565476027%26quantidadePaginas%3d1%26codigoRegistro%3d989282%23989282&i=3,orcid.org/0000-0002-4248-2744,orcid.org/0000-0002-4830-5298,orcid.org/0000-0002-2431-8457,,,,,no info,27,Heiko Hornung,no info,Sociedade Brasileira de Computação,Maria Cecilia Calani Baranauskas,Brazil,Cristiano  Maciel,Brazil,E-Participation,Citizen Participation,,,,,Universidade Estadual de Campinas,,,,,,,,,,,,,E-Government,E-Democracy,HCI,Socially Aware Design,Organizational Semiotics,Participatory Design,,Social Networks,,,,,,,,,2017,,,,,,,,,,,Web 2.0,Communication,Human-Computer Interaction,Social Network Analysis,Information and Communication Technology,Death and Technologies,Gender, race and Technology,,,,,,,,,,,,,,,,,,,,Masculino,Feminino,Masculino,não anotado,não anotado,não anotado,não anotado
MESTRADO,https://repositorio.unicamp.br/acervo/detalhe/988854?guid=1652565511991&returnUrl=%2fresultado%2flistar%3fguid%3d1652565511991%26quantidadePaginas%3d1%26codigoRegistro%3d988854%23988854&i=1,orcid.org/0000-0002-8803-0401,orcid.org/0000-0001-8824-3055,orcid.org/0000-0002-3823-8941,,,,,UNICAMP,28,Rodolfo Azevedo,Brazil,University of Campinas,Alexandro Baldassin,Brazil,Luiz Eduardo Buzato,Brazil,distributed systems,distributed algorithms,,,,,"Universidade Estadual Paulista, Instituto de Geociências e Ciências Exatas",,,,,,,,,,,,,fault tolerance,,Computer architecture,Parallel Programming,Transactional Memory,Persistent Memory,,,,,,,,,,,2017,,,,,,,,,,,,,,,,,,,,,,,,,,,,,,,,,,,,,,Masculino,Masculino,Masculino,não anotado,não anotado,não anotado,não anotado
MESTRADO,https://repositorio.unicamp.br/acervo/detalhe/989419?guid=1652565542600&returnUrl=%2fresultado%2flistar%3fguid%3d1652565542600%26quantidadePaginas%3d1%26codigoRegistro%3d989419%23989419&i=1,orcid.org/0000-0003-1001-082X,sem orcid,orcid.org/0000-0002-0472-4810,,,,,University of Campinas,29,Lehilton Pedrosa,no info,Universidade Estadual de Campinas,sem orcid,sem orcid,Rafael C. S. Schouery,no info,,,,,,,sem orcid,,,,,,,,,,,,,,,,,,,,,,,,,,,,,2017,,,,,,,,,,,,,,,,,,,,,,,,,,,,,,,,,,,,,,Masculino,sem orcid,Masculino,não anotado,não anotado,não anotado,não anotado
MESTRADO,https://repositorio.unicamp.br/acervo/detalhe/990899?guid=1652565593218&returnUrl=%2fresultado%2flistar%3fguid%3d1652565593218%26quantidadePaginas%3d1%26codigoRegistro%3d990899%23990899&i=1,orcid.org/0000-0003-1783-4231,orcid.org/0000-0003-1979-7817,orcid.org/0000-0002-8803-0401,,,,,Universidade Estadual de Campinas,30,Edson Borin,no info,UNICAMP,Tiago Coimbra,Brazil,Rodolfo Azevedo,Brazil,,,,,,,no info,,,,,,,,,,,,,,,Applied mathematics,Methods of mathematical physics,Exploration seismic methods,,,,,,,,,,,,2017,,,,,,,,,,,,,,,,,,,,,,,,,,,,,,,,,,,,,,Masculino,Masculino,Masculino,não anotado,não anotado,não anotado,não anotado
MESTRADO,https://repositorio.unicamp.br/acervo/detalhe/990516?guid=1652565677356&returnUrl=%2fresultado%2flistar%3fguid%3d1652565677356%26quantidadePaginas%3d1%26codigoRegistro%3d990516%23990516&i=2,orcid.org/0000-0002-2914-5380,orcid.org/0000-0001-8522-2056,orcid.org/0000-0002-6197-2626,,,,,Universidade Estadual de Campinas,31,Alexandre Falcao,Brazil,Microsoft Research,Silvio GUIMARAES,Brazil,T. V. Spina,no info,,,image processing, visualization, and analysis, (interactive) machine learning ,Pontifícia Universidade Católica de Minas Gerais,,,,,,,,,,,,,,,,,,,,,,,,,,,,,2017,,,,,,,,,,,,,,,,,,,,,,,,,,,,,,,,,,,,,,Masculino,Masculino,Masculino,não anotado,não anotado,não anotado,não anotado
MESTRADO,https://repositorio.unicamp.br/acervo/detalhe/989865?guid=1652565713536&returnUrl=%2fresultado%2flistar%3fguid%3d1652565713536%26quantidadePaginas%3d1%26codigoRegistro%3d989865%23989865&i=2,orcid.org/0000-0003-0125-630X,sem orcid,orcid.org/0000-0003-2608-4807,,,,,University of Campinas,32,Helio Pedrini,Brazil,Universidade Estadual de Campinas,sem orcid,sem orcid,Guilherme P. Telles,Brazil,,,image and video processing; machine learning; computer vision,,,,sem orcid,,,,,,,,,,,,,,,,,,,,,,,,,,,,,2017,,,,,,,,,,,,,,,,,,,,,,,,,,,,,,,,,,,,,,Masculino,sem orcid,Masculino,não anotado,não anotado,não anotado,não anotado
MESTRADO,https://repositorio.unicamp.br/acervo/detalhe/993981?guid=1652565740319&returnUrl=%2fresultado%2flistar%3fguid%3d1652565740319%26quantidadePaginas%3d1%26codigoRegistro%3d993981%23993981&i=1,orcid.org/0000-0003-4290-6508,sem orcid,orcid.org/0000-0002-0796-3868,,,,,no info,33,Eliane Martins,no info,Instituto Nacional de Pesquisas Espaciais,sem orcid,sem orcid,Fátima Mattiello-Francisco,Brazil,Space engineering, Verification and Validation,,,,,sem orcid,,,,,,,,,,,,,  operation concept,,,,,,,,,,,,,,,,2017,,,,,,,,,,,,,,,,,,,,,,,,,,,,,,,,,,,,,,Feminino,sem orcid,Feminino,não anotado,não anotado,não anotado,não anotado
MESTRADO,https://repositorio.unicamp.br/acervo/detalhe/989689?guid=1652565772586&returnUrl=%2fresultado%2flistar%3fguid%3d1652565772586%26quantidadePaginas%3d1%26codigoRegistro%3d989689%23989689&i=1,orcid.org/0000-0002-4248-2744,orcid.org/0000-0002-4830-5298,sem orcid,,,,,no info,34,Heiko Hornung,no info,sem orcid,Maria Cecilia Calani Baranauskas,Brazil,sem orcid,sem orcid,,,,,,,Universidade Estadual de Campinas,,,,,,,,,,,,,,,HCI,Socially Aware Design,Organizational Semiotics,Participatory Design,,,,,,,,,,,2017,,,,,,,,,,,,,,,,,,,,,,,,,,,,,,,,,,,,,,Masculino,Feminino,sem orcid,não anotado,não anotado,não anotado,não anotado
MESTRADO,https://repositorio.unicamp.br/acervo/detalhe/994808?guid=1652565800051&returnUrl=%2fresultado%2flistar%3fguid%3d1652565800051%26quantidadePaginas%3d1%26codigoRegistro%3d994808%23994808&i=1,orcid.org/0000-0003-4290-6508,orcid.org/0000-0002-7603-9695,sem orcid,,,,,no info,35,Eliane Martins,no info,sem orcid,Leonardo Montecchi,Norway,sem orcid,sem orcid,,,,,,,Universidade Estadual de Campinas,,,,,,,,,,,,,,,,,,,,,,,,,,,,,2017,,,,,,,,,,,,,,,,,,,,,,,,,,,,,,,,,,,,,,Feminino,Masculino,sem orcid,não anotado,não anotado,não anotado,não anotado
MESTRADO,https://repositorio.unicamp.br/acervo/detalhe/990800?guid=1652565840551&returnUrl=%2fresultado%2flistar%3fguid%3d1652565840551%26quantidadePaginas%3d1%26codigoRegistro%3d990800%23990800&i=2,orcid.org/0000-0002-8603-699X,orcid.org/0000-0002-8972-080X,sem orcid,,,,,University of Campinas,36,Juliana Freitag Borin,Brazil,sem orcid,Fábio Usberti,no info,sem orcid,sem orcid,,,Internet of Things, Smart Cities, Computer network protocols,,State University of Campinas,,,,,,,,,,,,,,,,,,,,,,,,,,,,,2017,,,,,,,,,,,,,,,,,,,,,,,,,,,,,,,,,,,,,,Feminino,Masculino,sem orcid,não anotado,não anotado,não anotado,não anotado
MESTRADO,https://repositorio.unicamp.br/acervo/detalhe/994197?guid=1652565865887&returnUrl=%2fresultado%2flistar%3fguid%3d1652565865887%26quantidadePaginas%3d1%26codigoRegistro%3d994197%23994197&i=1,orcid.org/0000-0002-3372-3366,orcid.org/0000-0002-0472-4810,orcid.org/0000-0001-8881-1657,orcid.org/0000-0002-1953-9132,,,,Universidade Estadual de Campinas,37,Leandro Villas,Brazil,Federal University of Technology - Paraná (UTFPR),Rafael C. S. Schouery,no info,Roberto Sadao Yokoyama,Brazil,,,,,,,Universidade Estadual de Campinas,,,Daniel L. Guidoni,Brazil,,,,,Universidade Federal de Ouro Preto,,,,,,,,,,,,,,,,,,,,2017,,,,,,,,,,,,,,,,,,,,,,,,,,,,,,,,,,,,,,Masculino,Masculino,Masculino,Masculino,não anotado,não anotado,não anotado
MESTRADO,https://repositorio.unicamp.br/acervo/detalhe/993762?guid=1652566022755&returnUrl=%2fresultado%2flistar%3fguid%3d1652566022755%26quantidadePaginas%3d1%26codigoRegistro%3d993762%23993762&i=16,orcid.org/0000-0003-0125-630X,sem orcid,orcid.org/0000-0003-0467-3133,,,,,University of Campinas,38,Helio Pedrini,Brazil,Universidade Estadual de Campinas,sem orcid,sem orcid,Esther Luna Colombini,no info,,,image and video processing; machine learning; computer vision,,,,sem orcid,,,,,,,,,,,,,,,,,,,,,,,,,,,,,2017,,,,,,,,,,,,,,,,,,,,,,,,,,,,,,,,,,,,,,Masculino,sem orcid,Feminino,não anotado,não anotado,não anotado,não anotado
MESTRADO,https://repositorio.unicamp.br/acervo/detalhe/991617?guid=1652566079522&returnUrl=%2fresultado%2flistar%3fguid%3d1652566079522%26quantidadePaginas%3d1%26codigoRegistro%3d991617%23991617&i=1,orcid.org/0000-0003-2046-602X,sem orcid,orcid.org/0000-0002-1180-2637,,,,,Universidade Estadual de Campinas,39,Nelson L. S. da Fonseca,no info,UNICAMP - University of Campinas,sem orcid,sem orcid,Edmundo Madeira,no info,,,,,,,sem orcid,,,,,,,,,,,,,,,,,,,,,,,,,,,,,2017,,,,,,,,,,,,,,,,,,,,,,,,,,,,,,,,,,,,,,Masculino,sem orcid,Masculino,não anotado,não anotado,não anotado,não anotado
DOUTORADO,https://repositorio.unicamp.br/acervo/detalhe/981754?guid=1652566104375&returnUrl=%2fresultado%2flistar%3fguid%3d1652566104375%26quantidadePaginas%3d1%26codigoRegistro%3d981754%23981754&i=2,orcid.org/0000-0002-3159-4839,sem orcid,orcid.org/0000-0003-2277-4632,orcid.org/0000-0003-0125-630X,orcid.org/0000-0002-3152-4523,,,State University of Campinas,40,Jorge Stolfi,no info,no info,sem orcid,sem orcid,Rodrigo Minetto,no info,,,,,,,sem orcid,University of Campinas,,Helio Pedrini,Brazil,,,,,University of Campinas,Shin-Ting Wu,no info,,,,,,,,,,image and video processing; machine learning; computer vision,,,,,,,,2017,,,,,,,,,,,,,,,,,,,,,,,,,,,,,,,,,,,,,,Masculino,sem orcid,Masculino,Masculino,Feminino,não anotado,não anotado
DOUTORADO,https://repositorio.unicamp.br/acervo/detalhe/986670?guid=1652566163698&returnUrl=%2fresultado%2flistar%3fguid%3d1652566163698%26quantidadePaginas%3d1%26codigoRegistro%3d986670%23986670&i=3,orcid.org/0000-0003-0750-0502,sem orcid,sem orcid,sem orcid,sem orcid,sem orcid,orcid.org/0000-0001-9772-263X,no info,41,Alexandru Cristian Telea,no info,sem orcid,sem orcid,sem orcid,sem orcid,sem orcid,,,,,,,sem orcid,sem orcid,sem orcid,sem orcid,sem orcid,Ricardo Torres,Netherlands,sem orcid,sem orcid,sem orcid,sem orcid,sem orcid,Universidade Estadual de Campinas,,,,,,,,,,,,,,,,,2017,,,multimedia retrieval,multimedia classification,machine learning,information visualization,,,,,,,,,,,,,,data science,,,,,,,,,,,,,,,,,,Masculino,sem orcid,sem orcid,sem orcid,sem orcid,sem orcid,Masculino
DOUTORADO,https://repositorio.unicamp.br/acervo/detalhe/984684?guid=1652566199323&returnUrl=%2fresultado%2flistar%3fguid%3d1652566199323%26quantidadePaginas%3d1%26codigoRegistro%3d984684%23984684&i=2,orcid.org/0000-0002-4830-5298,sem orcid,orcid.org/0000-0003-3441-0887,orcid.org/0000-0003-1908-4753,orcid.org/0000-0001-9772-263X,,,Universidade Estadual de Campinas,42,Maria Cecilia Calani Baranauskas,Brazil,Centro de Tecnologia da Informação Renato Archer,sem orcid,sem orcid,Rodrigo Bonacin,no info,,,HCI,Socially Aware Design,Organizational Semiotics,Participatory Design,sem orcid,Universidade Estadual de Campinas,,Claudia Medeiros,Brazil,,,,,Universidade Estadual de Campinas Instituto de Computação,Ricardo Torres,Netherlands,,,,,,,,,,Scientific data management, Data interoperability, Open Science,multimedia retrieval,multimedia classification,machine learning,information visualization,data science,2017,,,,,,,,,,,,,,,,,,,,,,,,,,,,,,,,,,,,,,Feminino,sem orcid,Masculino,Feminino,Masculino,não anotado,não anotado
DOUTORADO,https://repositorio.unicamp.br/acervo/detalhe/984605?guid=1652566237627&returnUrl=%2fresultado%2flistar%3fguid%3d1652566237627%26quantidadePaginas%3d1%26codigoRegistro%3d984605%23984605&i=1,orcid.org/0000-0002-3823-8941,sem orcid,sem orcid,orcid.org/0000-0002-1180-2637,orcid.org/0000-0002-6023-5982,,,University of Campinas,43,Luiz Eduardo Buzato,Brazil,sem orcid,sem orcid,sem orcid,sem orcid,sem orcid,,,distributed systems,distributed algorithms,fault tolerance,,sem orcid,University of Campinas,,Edmundo Madeira,no info,,,,,UNICAMP - University of Campinas,Islene Calciolari Garcia,no info,,,,,,,,,,,,,,,,,,2017,,,,,,,,,,,,,,,,,,,,,,,,,,,,,,,,,,,,,,Masculino,sem orcid,sem orcid,Masculino,Feminino,não anotado,não anotado
DOUTORADO,https://repositorio.unicamp.br/acervo/detalhe/983576?guid=1652566278575&returnUrl=%2fresultado%2flistar%3fguid%3d1652566278575%26quantidadePaginas%3d1%26codigoRegistro%3d983576%23983576&i=1,orcid.org/0000-0002-6731-1482,sem orcid,orcid.org/0000-0001-5227-7165,orcid.org/0000-0002-7002-875X,orcid.org/0000-0001-9241-2229,,,no info,44,Julio Cesar Lopez Hernandez,Mexico,Universidade de São Paulo,sem orcid,sem orcid,Marcos Simplicio,Brazil,,,,,,,sem orcid,University of Campinas,,Ricardo Dahab,Brazil,,,,,University of Campinas,Marco A. Amaral Henriques,no info,,,,,,,,,,Cryptography, Graph Theory,,,,,,,2017,,,,,,,,,,,,,,,,,,,,,,,,,,,,,,,,,,,,,,Masculino,sem orcid,Masculino,Masculino,Masculino,não anotado,não anotado
DOUTORADO,https://repositorio.unicamp.br/acervo/detalhe/987504?guid=1652566312160&returnUrl=%2fresultado%2flistar%3fguid%3d1652566312160%26quantidadePaginas%3d1%26codigoRegistro%3d987504%23987504&i=4,orcid.org/0000-0003-2608-4807,sem orcid,orcid.org/0000-0002-0349-7441,sem orcid,orcid.org/0000-0003-1001-082X,,,Universidade Estadual de Campinas,45,Guilherme P. Telles,Brazil,no info,sem orcid,sem orcid,Said Sadique Adi,no info,,,,,,,sem orcid,University of Campinas,,sem orcid,sem orcid,,,,,sem orcid,Lehilton Pedrosa,no info,,,,,,,,,,,,,,,,,,2017,,,,,,,,,,,,,,,,,,,,,,,,,,,,,,,,,,,,,,Masculino,sem orcid,Masculino,sem orcid,Masculino,não anotado,não anotado
DOUTORADO,https://repositorio.unicamp.br/acervo/detalhe/986056?guid=1652566347261&returnUrl=%2fresultado%2flistar%3fguid%3d1652566347261%26quantidadePaginas%3d1%26codigoRegistro%3d986056%23986056&i=2,orcid.org/0000-0003-4549-7105,sem orcid,orcid.org/0000-0002-4231-9621,sem orcid,orcid.org/0000-0002-4531-1473,,,no info,46,Cecilia Mary Fischer Rubira Rubira,no info,Federal University of Rio de Janeiro,sem orcid,sem orcid,Claudia Maria Lima Werner,no info,,,,,,,sem orcid,Universidade Estadual de Campinas,,sem orcid,sem orcid,,,,,sem orcid,Breno Bernard Nicolau de França,Brazil,,,,,,,,,,,,,Empirical Software Engineering,Continuous Software Engineering,Software Architecture,,,2017,,,,,,,,,,,,,,,,,,,,,,,,,,,,,,,,,,,,,,Feminino,sem orcid,Feminino,sem orcid,Masculino,não anotado,não anotado
DOUTORADO,https://repositorio.unicamp.br/acervo/detalhe/987173?guid=1652566377947&returnUrl=%2fresultado%2flistar%3fguid%3d1652566377947%26quantidadePaginas%3d1%26codigoRegistro%3d987173%23987173&i=1,orcid.org/0000-0003-1908-4753,orcid.org/0000-0003-4036-8064,orcid.org/0000-0001-5944-8246,orcid.org/0000-0002-1756-4852,orcid.org/0000-0003-2608-4807,,,Universidade Estadual de Campinas Instituto de Computação,47,Claudia Medeiros,Brazil,no info,Ana Carolina Salgado,Brazil,Ricardo Ciferri,no info,,,Scientific data management, Data interoperability, Open Science,,Universidade Federal de Pernambuco,Universidade Estadual de Campinas,,André Santanchè,no info,,,,,Universidade Estadual de Campinas,Guilherme P. Telles,Brazil,,,,,,,,,,,,,,,,,,2017,,,,,,,,,,,,,,,,,,,,,,,,,,,,,,,,,,,,,,Feminino,Feminino,Masculino,Masculino,Masculino,não anotado,não anotado
DOUTORADO,https://repositorio.unicamp.br/acervo/detalhe/989942?guid=1652566414804&returnUrl=%2fresultado%2flistar%3fguid%3d1652566414804%26quantidadePaginas%3d1%26codigoRegistro%3d989942%23989942&i=2,orcid.org/0000-0001-5685-8004,orcid.org/0000-0002-6317-218X,sem orcid,orcid.org/0000-0002-5243-0921,orcid.org/0000-0003-0125-630X,,,no info,48,Siome Goldenstein,no info,sem orcid,Flavio de Barros Vidal,no info,sem orcid,sem orcid,,,,,,,University of Brasilia,University of Campinas,,Fernanda Andaló,no info,,,,,no info,Helio Pedrini,Brazil,,,,,,,,,,,,,image and video processing; machine learning; computer vision,,,,,2017,,,,,,,,,,,,,,,,,,,,,,,,,,,,,,,,,,,,,,Masculino,Masculino,sem orcid,Feminino,Masculino,não anotado,não anotado
DOUTORADO,https://repositorio.unicamp.br/acervo/detalhe/987776?guid=1652566446874&returnUrl=%2fresultado%2flistar%3fguid%3d1652566446874%26quantidadePaginas%3d1%26codigoRegistro%3d987776%23987776&i=1,orcid.org/0000-0001-9772-263X,orcid.org/0000-0002-9460-8847,orcid.org/0000-0001-8522-2056,orcid.org/0000-0002-1756-4852,orcid.org/0000-0001-5426-7083,,,Universidade Estadual de Campinas,49,Ricardo Torres,Netherlands,Pontifícia Universidade Católica de Minas Gerais,"SANTIAGO, P. R. P.",Brazil,Silvio GUIMARAES,Brazil,,,multimedia retrieval,multimedia classification,machine learning,information visualization,Universidade de São Paulo,Universidade Estadual de Campinas,,André Santanchè,no info,,,,,Universidade Estadual de Campinas,Milton Shoiti Misuta,no info,,,,Biomechanics,Sports,Physical Education,Computer engineering,Kinematics of human movement,,,,,,,,,,2017,data science,,,,,,,,Motion Capture,,,,,,,,,,Machine Learning,,,,,,,,,,,,,,,,,,,Masculino,Masculino,Masculino,Masculino,Masculino,não anotado,não anotado
DOUTORADO,https://repositorio.unicamp.br/acervo/detalhe/990921?guid=1652566487403&returnUrl=%2fresultado%2flistar%3fguid%3d1652566487403%26quantidadePaginas%3d1%26codigoRegistro%3d990921%23990921&i=1,orcid.org/0000-0003-4869-5190,orcid.org/0000-0001-8824-3055,orcid.org/0000-0002-0375-1657,orcid.org/0000-0002-9539-6874,orcid.org/0000-0003-1140-4513,,,Universidade Estadual de Campinas,50,Guido Araujo,no info,Universidade Federal de Minas Gerais,Alexandro Baldassin,Brazil,Fernando Magno Quintão Pereira,Brazil,Compilers, Programming Languages,,,,,"Universidade Estadual Paulista, Instituto de Geociências e Ciências Exatas",no info,,Sandro Rigo,Brazil,,,,,Universidade Estadual de Campinas,Marcio M. Pereira,Brazil,,,,Computer architecture,Parallel Programming,Transactional Memory,Persistent Memory,,,Computer Architecture,Compilers,Code Optimization,,,,,,2017,,,,,,,High-Performance Computing,,,,,,,,,,,,,,,,,,,,,,,,,,,,,,,Masculino,Masculino,Masculino,Masculino,Masculino,não anotado,não anotado
DOUTORADO,https://repositorio.unicamp.br/acervo/detalhe/989599?guid=1652566523625&returnUrl=%2fresultado%2flistar%3fguid%3d1652566523625%26quantidadePaginas%3d1%26codigoRegistro%3d989599%23989599&i=3,orcid.org/0000-0001-6030-2682,sem orcid,orcid.org/0000-0002-5259-2859,orcid.org/0000-0002-1067-6421,orcid.org/0000-0002-0472-4810,,,University of Campinas,51,Eduardo C. Xavier,Brazil,University of Sao Paulo,sem orcid,sem orcid,Cristina G. Fernandes,no info,approximation algorithms,,,,,,sem orcid,Universidade Estadual de Campinas,,Flávio K. Miyazawa,no info,,,,,no info,Rafael C. S. Schouery,no info,,,,,,,,,,,,,,,,,,2017,,,,,,,,,,,,,,,,,,,,,,,,,,,,,,,,,,,,,,Masculino,sem orcid,Feminino,Masculino,Masculino,não anotado,não anotado
DOUTORADO,https://repositorio.unicamp.br/acervo/detalhe/990267?guid=1652566555354&returnUrl=%2fresultado%2flistar%3fguid%3d1652566555354%26quantidadePaginas%3d1%26codigoRegistro%3d990267%23990267&i=1,orcid.org/0000-0002-1756-4852,orcid.org/0000-0003-2283-1123,sem orcid,orcid.org/0000-0002-4329-6214,orcid.org/0000-0002-9545-2098,,,Universidade Estadual de Campinas,52,André Santanchè,no info,sem orcid,"Saraiva, A.M.",no info,sem orcid,sem orcid,,,,,,,Universidade de São Paulo,Universidade Estadual de Campinas (UNICAMP),,Flavio Santos,no info,,,,,Universidade Estadual de Campinas,Julio Cesar Dos Reis,no info,,,,planetary health,Biodiversity Informatics,Digital Agriculture,Climate change,,,,,,,,,,,2017,,,,,,,,,,,,,,,,,,,,,,,,,,,,,,,,,,,,,,Masculino,Masculino,sem orcid,Masculino,Masculino,não anotado,não anotado
DOUTORADO,https://repositorio.unicamp.br/acervo/detalhe/991387?guid=1652566599126&returnUrl=%2fresultado%2flistar%3fguid%3d1652566599126%26quantidadePaginas%3d1%26codigoRegistro%3d991387%23991387&i=2,orcid.org/0000-0002-1180-2637,orcid.org/0000-0002-3087-9234,sem orcid,orcid.org/0000-0002-6023-5982,orcid.org/0000-0002-3372-3366,,,UNICAMP - University of Campinas,53,Edmundo Madeira,no info,sem orcid,Carlos Kamienski,Brazil,sem orcid,sem orcid,,,,,,,Universidade Federal do ABC,Universidade Estadual de Campinas,,Islene Calciolari Garcia,no info,,,,,University of Campinas,Leandro Villas,Brazil,,,,,,,,,,,,,,,,,,2017,,,,,,,,,,,,,,,,,,,,,,,,,,,,,,,,,,,,,,Masculino,Masculino,sem orcid,Feminino,Masculino,não anotado,não anotado
DOUTORADO,https://repositorio.unicamp.br/acervo/detalhe/1045278?guid=1652566637103&returnUrl=%2fresultado%2flistar%3fguid%3d1652566637103%26quantidadePaginas%3d1%26codigoRegistro%3d1045278%231045278&i=1,orcid.org/0000-0002-4830-5298,orcid.org/0000-0001-6503-8016,orcid.org/0000-0003-1929-9391,orcid.org/0000-0002-1756-4852,orcid.org/0000-0001-8309-6367,,,Universidade Estadual de Campinas,54,Maria Cecilia Calani Baranauskas,Brazil,no info,Lara Piccolo,United Kingdom,Leonardo Cunha de Miranda,Brazil,,,HCI,Socially Aware Design,Organizational Semiotics,Participatory Design,The Open University,Universidade Estadual de Campinas,,André Santanchè,no info,,,,,Universidade Estadual de Campinas,Ariadne Carvalho,no info,,,,Community engagement,Technology for social change,Socially-aware computing,Human-computer interaction,,,,,,,,,,,2017,,,,,,,,,,,,,,,,,,,,,,,,,,,,,,,,,,,,,,Feminino,Feminino,Masculino,Masculino,Feminino,não anotado,não anotado
DOUTORADO,https://repositorio.unicamp.br/acervo/detalhe/991785?guid=1652566669444&returnUrl=%2fresultado%2flistar%3fguid%3d1652566669444%26quantidadePaginas%3d1%26codigoRegistro%3d991785%23991785&i=1,orcid.org/0000-0002-1756-4852,orcid.org/0000-0003-4177-1322,sem orcid,orcid.org/0000-0003-4832-9318,orcid.org/0000-0001-8309-6367,,,Universidade Estadual de Campinas,55,André Santanchè,no info,sem orcid,Debora Drucker,Brazil,sem orcid,sem orcid,,,,,,,Embrapa Agricultura Digital,Universidade Estadual de Campinas,,Ivan Luiz Marques Ricarte,Brazil,,,,,Universidade Estadual de Campinas,Ariadne Carvalho,no info,,,,,,,,,,,,,,,,,,2017,,,,,,,,,,,,,,,,,,,,,,,,,,,,,,,,,,,,,,Masculino,Feminino,sem orcid,Masculino,Feminino,não anotado,não anotado
DOUTORADO,https://repositorio.unicamp.br/acervo/detalhe/993696?guid=1652566707899&returnUrl=%2fresultado%2flistar%3fguid%3d1652566707899%26quantidadePaginas%3d1%26codigoRegistro%3d993696%23993696&i=3,orcid.org/0000-0002-7002-875X,sem orcid,sem orcid,orcid.org/0000-0002-4531-1473,orcid.org/0000-0002-2457-0783,,,University of Campinas,56,Ricardo Dahab,Brazil,sem orcid,sem orcid,sem orcid,sem orcid,sem orcid,,,Cryptography, Graph Theory,,,sem orcid,Aarhus University,,Breno Bernard Nicolau de França,Brazil,,,,,Universidade Estadual de Campinas,Diego F. Aranha,Denmark,,,,,,,,,,Empirical Software Engineering,Continuous Software Engineering,Software Architecture,Cryptography, Computer Security,,,,2017,,,,,,,,,,,,,,,,,,,,,,,,,,,,,,,,,,,,,,Masculino,sem orcid,sem orcid,Masculino,Masculino,não anotado,não anotado
MESTRADO,https://repositorio.unicamp.br/acervo/detalhe/993994?guid=1652795086740&returnUrl=%2fresultado%2flistar%3fguid%3d1652795086740%26quantidadePaginas%3d1%26codigoRegistro%3d993994%23993994&i=1,orcid.org/0000-0003-0125-630X,orcid.org/0000-0003-0040-0752,orcid.org/0000-0001-9068-938X,,,,,University of Campinas,0,Helio Pedrini,Brazil,Universidade Estadual de Campinas,"Nunes, FLS",Brazil,Sandra Avila,no info,,,image and video processing; machine learning; computer vision,,,,no info,,,,,,,,,,,,,,,,,,,,,,,,,,,,,2018,,,,,,,,,,,,,,,,,,,,,,,,,,,,,,,,,,,,,,Masculino,Feminino,Feminino,não anotado,não anotado,não anotado,não anotado
MESTRADO,https://repositorio.unicamp.br/acervo/detalhe/1082810?guid=1652795114393&returnUrl=%2fresultado%2flistar%3fguid%3d1652795114393%26quantidadePaginas%3d1%26codigoRegistro%3d1082810%231082810&i=1,orcid.org/0000-0002-4236-8212,sem orcid,orcid.org/0000-0003-0125-630X,,,,,Universidade Estadual de Campinas,1,Anderson Rocha,Brazil,University of Campinas,sem orcid,sem orcid,Helio Pedrini,Brazil,image and video processing; machine learning; computer vision,,Machine Intelligence; Digital Forensics; Reasoning for Complex Data,,,,sem orcid,,,,,,,,,,,,,,,,,,,,,,,,,,,,,2018,,,,,,,,,,,,,,,,,,,,,,,,,,,,,,,,,,,,,,Masculino,sem orcid,Masculino,não anotado,não anotado,não anotado,não anotado
MESTRADO,https://repositorio.unicamp.br/acervo/detalhe/994025?guid=1652795220435&returnUrl=%2fresultado%2flistar%3fguid%3d1652795220435%26quantidadePaginas%3d1%26codigoRegistro%3d994025%23994025&i=1,orcid.org/0000-0002-8972-080X,orcid.org/0000-0002-5945-0845,orcid.org/0000-0002-3734-7679,,,,,State University of Campinas,2,Fábio Usberti,no info,Universidade Federal de Itajubá,Cid de Souza,Brazil,Pedro Hokama,no info,,,,,,,Universidade Estadual de Campinas,,,,,,,,,,,,,,,Integer Programming,Combinatorial Optimization,Algorithms (design and analysis),Operations Research,,,,,,,,,,,2018,,,,,,,,,,,,,,,,,,,,,,,,,,,,,,,,,,,,,,Masculino,Masculino,Masculino,não anotado,não anotado,não anotado,não anotado
MESTRADO,https://repositorio.unicamp.br/acervo/detalhe/995664?guid=1652795255367&returnUrl=%2fresultado%2flistar%3fguid%3d1652795255367%26quantidadePaginas%3d1%26codigoRegistro%3d995664%23995664&i=1,orcid.org/0000-0002-4321-9075,orcid.org/0000-0001-5396-9868,orcid.org/0000-0001-9068-938X,,,,,Universidade Estadual de Campinas,3,Adín Ramírez Rivera,Norway,Universidade Estadual de Campinas,Eduardo Valle,Brazil,Sandra Avila,no info,,,,,,,Universidade Estadual de Campinas,,,,,,,,,,,,,,,,,,,,,,,,,,,,,2018,,,,,,,,,,,,,,,,,,,,,,,,,,,,,,,,,,,,,,Masculino,Masculino,Feminino,não anotado,não anotado,não anotado,não anotado
MESTRADO,https://repositorio.unicamp.br/acervo/detalhe/996066?guid=1652795302685&returnUrl=%2fresultado%2flistar%3fguid%3d1652795302685%26quantidadePaginas%3d1%26codigoRegistro%3d996066%23996066&i=5,orcid.org/0000-0003-0125-630X,orcid.org/0000-0003-2956-6326,orcid.org/0000-0002-1756-4852,,,,,University of Campinas,4,Helio Pedrini,Brazil,Universidade Estadual de Campinas,"Faria, Fabio A.",Brazil,André Santanchè,no info,,,image and video processing; machine learning; computer vision,,,,Universidade Federal de São Paulo,,,,,,,,,,,,,,,,,,,,,,,,,,,,,2018,,,,,,,,,,,,,,,,,,,,,,,,,,,,,,,,,,,,,,Masculino,Masculino,Masculino,não anotado,não anotado,não anotado,não anotado
MESTRADO,https://repositorio.unicamp.br/acervo/detalhe/1010150?guid=1652795376887&returnUrl=%2fresultado%2flistar%3fguid%3d1652795376887%26quantidadePaginas%3d1%26codigoRegistro%3d1010150%231010150&i=2,orcid.org/0000-0002-4830-5298,orcid.org/0000-0002-9545-2098,sem orcid,,,,,Universidade Estadual de Campinas,5,Maria Cecilia Calani Baranauskas,Brazil,sem orcid,Julio Cesar Dos Reis,no info,sem orcid,sem orcid,,,HCI,Socially Aware Design,Organizational Semiotics,Participatory Design,Universidade Estadual de Campinas (UNICAMP),,,,,,,,,,,,,,,,,,,,,,,,,,,,,2018,,,,,,,,,,,,,,,,,,,,,,,,,,,,,,,,,,,,,,Feminino,Masculino,sem orcid,não anotado,não anotado,não anotado,não anotado
MESTRADO,https://repositorio.unicamp.br/acervo/detalhe/1010167?guid=1652795408516&returnUrl=%2fresultado%2flistar%3fguid%3d1652795408516%26quantidadePaginas%3d1%26codigoRegistro%3d1010167%231010167&i=1,orcid.org/0000-0002-3372-3366,orcid.org/0000-0003-1495-5935,orcid.org/0000-0002-1953-9132,orcid.org/0000-0001-6305-9059,orcid.org/0000-0003-2483-6382,,,Universidade Estadual de Campinas,6,Leandro Villas,Brazil,Universidade Federal de Ouro Preto,Leonardo Castro Botega,Brazil,Daniel L. Guidoni,Brazil,,,,,,,University Centre Eurípides of Marília (UNIVEM),no info,,Luiz Fernando Bittencourt,no info,,,,,Universidade Estadual de Campinas,Roger Immich,no info,,,,,,,,,,,,,,,,,,2018,,,,,,,,,,,,,,,,,,,,,,,,,,,,,,,,,,,,,,Masculino,Masculino,Masculino,Masculino,Masculino,não anotado,não anotado
MESTRADO,https://repositorio.unicamp.br/acervo/detalhe/1030899?guid=1652795478247&returnUrl=%2fresultado%2flistar%3fguid%3d1652795478247%26quantidadePaginas%3d1%26codigoRegistro%3d1030899%231030899&i=1,orcid.org/0000-0003-4290-6508,orcid.org/0000-0002-8972-080X,sem orcid,,,,,no info,7,Eliane Martins,no info,sem orcid,Fábio Usberti,no info,sem orcid,sem orcid,,,,,,,State University of Campinas,,,,,,,,,,,,,,,,,,,,,,,,,,,,,2018,,,,,,,,,,,,,,,,,,,,,,,,,,,,,,,,,,,,,,Feminino,Masculino,sem orcid,não anotado,não anotado,não anotado,não anotado
MESTRADO,https://repositorio.unicamp.br/acervo/detalhe/1022054?guid=1652795527638&returnUrl=%2fresultado%2flistar%3fguid%3d1652795527638%26quantidadePaginas%3d1%26codigoRegistro%3d1022054%231022054&i=1,orcid.org/0000-0001-5201-1244,orcid.org/0000-0001-9068-938X,orcid.org/0000-0002-3875-2211,,,,,no info,8,Jacques Wainer,Brazil,no info,Sandra Avila,no info,Nádia Silva,no info,,,,,,,Universidade Estadual de Campinas,,,,,,,,,,,,,,,,,,,,,,,,,,,,,2018,,,,,,,,,,,,,,,,,,,,,,,,,,,,,,,,,,,,,,Masculino,Feminino,Feminino,não anotado,não anotado,não anotado,não anotado
MESTRADO,https://repositorio.unicamp.br/acervo/detalhe/1089950?guid=1652795593881&returnUrl=%2fresultado%2flistar%3fguid%3d1652795593881%26quantidadePaginas%3d1%26codigoRegistro%3d1089950%231089950&i=2,orcid.org/0000-0003-3333-6822,orcid.org/0000-0001-6822-931X,orcid.org/0000-0003-2608-4807,,,,,University of Campinas,9,Zanoni Dias,Brazil,Universidade Estadual de Campinas,Maria Emilia Walter,Brazil,Guilherme P. Telles,Brazil,,,,,,,University of Brasilia,,,,,,,,,,,,,,,bioinformatics, non-coding RNAs, genomics, transcriptomics, genome rearrangements,,,,,,,,,,2018,,,,,,,,,,,,,,,,,,,,,,,,,,,,,,,,,,,,,,Masculino,Feminino,Masculino,não anotado,não anotado,não anotado,não anotado
MESTRADO,https://repositorio.unicamp.br/acervo/detalhe/1014614?guid=1652795633149&returnUrl=%2fresultado%2flistar%3fguid%3d1652795633149%26quantidadePaginas%3d1%26codigoRegistro%3d1014614%231014614&i=2,orcid.org/0000-0002-5945-0845,orcid.org/0000-0002-9598-5732,orcid.org/0000-0002-8972-080X,,,,,Universidade Estadual de Campinas,10,Cid de Souza,Brazil,State University of Campinas,Luciana Buriol,no info,Fábio Usberti,no info,,,Integer Programming,Combinatorial Optimization,Algorithms (design and analysis),Operations Research,no info,,,,,,,,,,,,,,,,,,,,,,,,,,,,,2018,,,,,,,,,,,,,,,,,,,,,,,,,,,,,,,,,,,,,,Masculino,Feminino,Masculino,não anotado,não anotado,não anotado,não anotado
MESTRADO,https://repositorio.unicamp.br/acervo/detalhe/1022097?guid=1652795678209&returnUrl=%2fresultado%2flistar%3fguid%3d1652795678209%26quantidadePaginas%3d1%26codigoRegistro%3d1022097%231022097&i=1,orcid.org/0000-0001-6030-2682,orcid.org/0000-0002-5945-0845,orcid.org/0000-0001-8273-9439,,,,,University of Campinas,11,Eduardo C. Xavier,Brazil,Universidade Federal Fluminense,Cid de Souza,Brazil,Luidi Simonetti,no info,,,,,,,Universidade Estadual de Campinas,,,,,,,,,,,,,,,Integer Programming,Combinatorial Optimization,Algorithms (design and analysis),Operations Research,,,,,,,,,,,2018,,,,,,,,,,,,,,,,,,,,,,,,,,,,,,,,,,,,,,Masculino,Masculino,Masculino,não anotado,não anotado,não anotado,não anotado
MESTRADO,https://repositorio.unicamp.br/acervo/detalhe/1035934?guid=1652795719734&returnUrl=%2fresultado%2flistar%3fguid%3d1652795719734%26quantidadePaginas%3d1%26codigoRegistro%3d1035934%231035934&i=2,orcid.org/0000-0002-7002-875X,orcid.org/0000-0001-7461-7570,orcid.org/0000-0003-0125-630X,,,,,University of Campinas,12,Ricardo Dahab,Brazil,University of Campinas,Marjory Da Costa Abreu,no info,Helio Pedrini,Brazil,image and video processing; machine learning; computer vision,,Cryptography, Graph Theory,,,Universidade Federal do Rio Grande do Norte,,,,,,,,,,,,,,,ethical artificial intelligence,biometrics,privacy and GDPR,data-drive healthcare,Paulo Freire pedagogy applied to computing,,,,,,,,,,2018,,,,,,,,,digital law,,,,,,,,,,,,,,,,,,,,,,,,,,,,,Masculino,Feminino,Masculino,não anotado,não anotado,não anotado,não anotado
MESTRADO,https://repositorio.unicamp.br/acervo/detalhe/1045562?guid=1652795800392&returnUrl=%2fresultado%2flistar%3fguid%3d1652795800392%26quantidadePaginas%3d1%26codigoRegistro%3d1045562%231045562&i=2,orcid.org/0000-0003-4869-5190,orcid.org/0000-0003-2608-4807,sem orcid,,,,,Universidade Estadual de Campinas,13,Guido Araujo,no info,sem orcid,Guilherme P. Telles,Brazil,sem orcid,sem orcid,,,,,,,Universidade Estadual de Campinas,,,,,,,,,,,,,,,,,,,,,,,,,,,,,2018,,,,,,,,,,,,,,,,,,,,,,,,,,,,,,,,,,,,,,Masculino,Masculino,sem orcid,não anotado,não anotado,não anotado,não anotado
MESTRADO,https://repositorio.unicamp.br/acervo/detalhe/1022093?guid=1652795830182&returnUrl=%2fresultado%2flistar%3fguid%3d1652795830182%26quantidadePaginas%3d1%26codigoRegistro%3d1022093%231022093&i=1,orcid.org/0000-0003-1908-4753,orcid.org/0000-0001-5122-5646,orcid.org/0000-0002-9545-2098,,,,,Universidade Estadual de Campinas Instituto de Computação,14,Claudia Medeiros,Brazil,Universidade Estadual de Campinas (UNICAMP),Benilton Carvalho,Brazil,Julio Cesar Dos Reis,no info,,,Scientific data management, Data interoperability, Open Science,,Universidade Estadual de Campinas,,,,,,,,,,,,,,,Applied Statistics,Biostatistics,Bioinformatics,Computational Biology,Next-Generation Sequencing,,,,,,,,,,2018,,,,,,,,,RNA-Seq,,,,,,,,,,DNA-Seq,,WES-Seq,Gene Expression,Genotyping,Association Studies,,,,,,,,,,,,,,Feminino,Masculino,Masculino,não anotado,não anotado,não anotado,não anotado
MESTRADO,https://repositorio.unicamp.br/acervo/detalhe/1021824?guid=1652795865464&returnUrl=%2fresultado%2flistar%3fguid%3d1652795865464%26quantidadePaginas%3d1%26codigoRegistro%3d1021824%231021824&i=1,orcid.org/0000-0002-5564-698X,orcid.org/0000-0002-8803-0401,sem orcid,,,,,University of Campinas,15,Lucas Wanner,no info,sem orcid,Rodolfo Azevedo,Brazil,sem orcid,sem orcid,,,,,,,UNICAMP,,,,,,,,,,,,,,,,,,,,,,,,,,,,,2018,,,,,,,,,,,,,,,,,,,,,,,,,,,,,,,,,,,,,,Masculino,Masculino,sem orcid,não anotado,não anotado,não anotado,não anotado
MESTRADO,https://repositorio.unicamp.br/acervo/detalhe/1064125?guid=1652795909070&returnUrl=%2fresultado%2flistar%3fguid%3d1652795909070%26quantidadePaginas%3d1%26codigoRegistro%3d1064125%231064125&i=2,orcid.org/0000-0003-4869-5190,orcid.org/0000-0002-9539-6874,orcid.org/0000-0002-0375-1657,,,,,Universidade Estadual de Campinas,16,Guido Araujo,no info,Universidade Federal de Minas Gerais,Sandro Rigo,Brazil,Fernando Magno Quintão Pereira,Brazil,Compilers, Programming Languages,,,,,Universidade Estadual de Campinas,,,,,,,,,,,,,,,Computer Architecture,Compilers,Code Optimization,High-Performance Computing,,,,,,,,,,,2018,,,,,,,,,,,,,,,,,,,,,,,,,,,,,,,,,,,,,,Masculino,Masculino,Masculino,não anotado,não anotado,não anotado,não anotado
MESTRADO,https://repositorio.unicamp.br/acervo/detalhe/1031433?guid=1652796030429&returnUrl=%2fresultado%2flistar%3fguid%3d1652796030429%26quantidadePaginas%3d1%26codigoRegistro%3d1031433%231031433&i=1,orcid.org/0000-0003-4237-4281,orcid.org/0000-0002-8340-4881,orcid.org/0000-0002-1067-6421,orcid.org/0000-0002-8639-3532,,,,University of Campinas,17,C. N. Campos,Brazil,no info,"Simone Dantas; Dantas, S.; S. Dantas",no info,Flávio K. Miyazawa,no info,,,,,,,no info,,,Sheila Almeida,Brazil,,,,,Federal University of Technology - Paraná,,,,,,Discrete Matematics,Computer Science,,,,,,,,,,,,,2018,,,,,,,,,,,,,,,,,,,,,,,,,,,,,,,,,,,,,,Feminino,Feminino,Masculino,Feminino,não anotado,não anotado,não anotado
MESTRADO,https://repositorio.unicamp.br/acervo/detalhe/1062516?guid=1652796087172&returnUrl=%2fresultado%2flistar%3fguid%3d1652796087172%26quantidadePaginas%3d1%26codigoRegistro%3d1062516%231062516&i=1,orcid.org/0000-0002-2457-0783,orcid.org/0000-0001-9241-2229,orcid.org/0000-0002-6731-1482,,,,,Aarhus University,18,Diego F. Aranha,Denmark,no info,Marco A. Amaral Henriques,no info,Julio Cesar Lopez Hernandez,Mexico,,,Cryptography, Computer Security,,,University of Campinas,,,,,,,,,,,,,,,,,,,,,,,,,,,,,2018,,,,,,,,,,,,,,,,,,,,,,,,,,,,,,,,,,,,,,Masculino,Masculino,Masculino,não anotado,não anotado,não anotado,não anotado
MESTRADO,https://repositorio.unicamp.br/acervo/detalhe/1022161?guid=1652796118204&returnUrl=%2fresultado%2flistar%3fguid%3d1652796118204%26quantidadePaginas%3d1%26codigoRegistro%3d1022161%231022161&i=1,orcid.org/0000-0002-2914-5380,orcid.org/0000-0002-6494-7514,sem orcid,,,,,Universidade Estadual de Campinas,19,Alexandre Falcao,Brazil,sem orcid,João Paulo Papa,no info,sem orcid,sem orcid,,,image processing, visualization, and analysis, (interactive) machine learning ,no info,,,,,,,,,,,,,,,machine learning, image processing, computervision, meta-heuristics,,,,,,,,,,,2018,,,,,,,,,,,,,,,,,,,,,,,,,,,,,,,,,,,,,,Masculino,Masculino,sem orcid,não anotado,não anotado,não anotado,não anotado
MESTRADO,https://repositorio.unicamp.br/acervo/detalhe/1060482?guid=1652796163746&returnUrl=%2fresultado%2flistar%3fguid%3d1652796163746%26quantidadePaginas%3d1%26codigoRegistro%3d1060482%231060482&i=3,orcid.org/0000-0002-6731-1482,orcid.org/0000-0001-5227-7165,orcid.org/0000-0002-2457-0783,,,,,no info,20,Julio Cesar Lopez Hernandez,Mexico,Aarhus University,Marcos Simplicio,Brazil,Diego F. Aranha,Denmark,Cryptography, Computer Security,,,,,Universidade de São Paulo,,,,,,,,,,,,,,,,,,,,,,,,,,,,,2018,,,,,,,,,,,,,,,,,,,,,,,,,,,,,,,,,,,,,,Masculino,Masculino,Masculino,não anotado,não anotado,não anotado,não anotado
MESTRADO,https://repositorio.unicamp.br/acervo/detalhe/1052146?guid=1652796255297&returnUrl=%2fresultado%2flistar%3fguid%3d1652796255297%26quantidadePaginas%3d1%26codigoRegistro%3d1052146%231052146&i=1,orcid.org/0000-0002-8603-699X,orcid.org/0000-0002-8856-194X,orcid.org/0000-0003-3233-0314,,,,,University of Campinas,21,Juliana Freitag Borin,Brazil,Federal University of São Carlos,Ricardo Anido,Brazil,Joice Lee Otsuka,Brazil,educational game,accessibility,Internet of Things, Smart Cities, Computer network protocols,,University of Campinas,,,,,,,,,,,,,inclusive design,serious game,,,,,,,,,,,,,,,2018,,,,,,,,,,,,,,,,,,,,,,,,,,,,,,,,,,,,,,Feminino,Masculino,Feminino,não anotado,não anotado,não anotado,não anotado
MESTRADO,https://repositorio.unicamp.br/acervo/detalhe/1038215?guid=1652796372073&returnUrl=%2fresultado%2flistar%3fguid%3d1652796372073%26quantidadePaginas%3d1%26codigoRegistro%3d1038215%231038215&i=2,orcid.org/0000-0002-6540-8686,orcid.org/0000-0003-1766-5757,orcid.org/0000-0002-7603-9695,,,,,University of Campinas,22,Paulo de Geus,Brazil,Universidade Estadual de Campinas,Andre Gregio,no info,Leonardo Montecchi,Norway,,,Computer Security,,,,UFPR,,,,,,,,,,,,,,,,,,,,,,,,,,,,,2018,,,,,,,,,,,,,,,,,,,,,,,,,,,,,,,,,,,,,,Masculino,Masculino,Masculino,não anotado,não anotado,não anotado,não anotado
MESTRADO,https://repositorio.unicamp.br/acervo/detalhe/1056656?guid=1652796497162&returnUrl=%2fresultado%2flistar%3fguid%3d1652796497162%26quantidadePaginas%3d1%26codigoRegistro%3d1056656%231056656&i=1,orcid.org/0000-0003-1001-082X,orcid.org/0000-0003-2998-6785,orcid.org/0000-0002-5945-0845,,,,,University of Campinas,23,Lehilton Pedrosa,no info,Universidade Estadual de Campinas,LUIS MEIRA,Brazil,Cid de Souza,Brazil,Integer Programming,Combinatorial Optimization,,,,,State University of Campinas,,,,,,,,,,,,,Algorithms (design and analysis),Operations Research,optimization,Algorithms,Petroleum engineering,graphs,,,,,,,,,,,2018,,,,,,,,,,,,,,,,,,,,,,,,,,,,,,,,,,,,,,Masculino,Masculino,Masculino,não anotado,não anotado,não anotado,não anotado
MESTRADO,https://repositorio.unicamp.br/acervo/detalhe/1060094?guid=1652796666877&returnUrl=%2fresultado%2flistar%3fguid%3d1652796666877%26quantidadePaginas%3d1%26codigoRegistro%3d1060094%231060094&i=7,orcid.org/0000-0002-1756-4852,orcid.org/0000-0003-3109-4305,orcid.org/0000-0002-9545-2098,,,,,Universidade Estadual de Campinas,24,André Santanchè,no info,Universidade Estadual de Campinas (UNICAMP),Christian Esteve Rothenberg,no info,Julio Cesar Dos Reis,no info,,,,,,,Universidade Estadual de Campinas (UNICAMP),,,,,,,,,,,,,,,,,,,,,,,,,,,,,2018,,,,,,,,,,,,,,,,,,,,,,,,,,,,,,,,,,,,,,Masculino,Masculino,Masculino,não anotado,não anotado,não anotado,não anotado
MESTRADO,https://repositorio.unicamp.br/acervo/detalhe/1061736?guid=1652796726788&returnUrl=%2fresultado%2flistar%3fguid%3d1652796726788%26quantidadePaginas%3d1%26codigoRegistro%3d1061736%231061736&i=1,orcid.org/0000-0002-1067-6421,sem orcid,orcid.org/0000-0003-0602-6298,,,,,no info,25,Flávio K. Miyazawa,no info,Universidade Federal do ABC,sem orcid,sem orcid,Carla Negri Lintzmayer,Brazil,,,,,,,sem orcid,,,,,,,,,,,,,,,,,,,,,,,,,,,,,2018,,,,,,,,,,,,,,,,,,,,,,,,,,,,,,,,,,,,,,Masculino,sem orcid,Feminino,não anotado,não anotado,não anotado,não anotado
MESTRADO,https://repositorio.unicamp.br/acervo/detalhe/1080524?guid=1652796769895&returnUrl=%2fresultado%2flistar%3fguid%3d1652796769895%26quantidadePaginas%3d1%26codigoRegistro%3d1080524%231080524&i=1,orcid.org/0000-0003-4290-6508,orcid.org/0000-0001-8969-4683,orcid.org/0000-0002-0796-3868,,,,,no info,26,Eliane Martins,no info,Instituto Nacional de Pesquisas Espaciais,Alexandre Braga,no info,Fátima Mattiello-Francisco,Brazil,Space engineering, Verification and Validation,,,,,no info,,,,,,,,,,,,,  operation concept,,,,,,,,,,,,,,,,2018,,,,,,,,,,,,,,,,,,,,,,,,,,,,,,,,,,,,,,Feminino,Masculino,Feminino,não anotado,não anotado,não anotado,não anotado
MESTRADO,https://repositorio.unicamp.br/acervo/detalhe/1063477?guid=1652796802026&returnUrl=%2fresultado%2flistar%3fguid%3d1652796802026%26quantidadePaginas%3d1%26codigoRegistro%3d1063477%231063477&i=2,orcid.org/0000-0002-1180-2637,orcid.org/0000-0001-5746-4154,orcid.org/0000-0002-3372-3366,,,,,UNICAMP - University of Campinas,27,Edmundo Madeira,no info,Universidade Estadual de Campinas,Alfredo Goldman,no info,Leandro Villas,Brazil,,,,,,,no info,,,,,,,,,,,,,,,,,,,,,,,,,,,,,2018,,,,,,,,,,,,,,,,,,,,,,,,,,,,,,,,,,,,,,Masculino,Masculino,Masculino,não anotado,não anotado,não anotado,não anotado
MESTRADO,https://repositorio.unicamp.br/acervo/detalhe/1063580?guid=1652796848151&returnUrl=%2fresultado%2flistar%3fguid%3d1652796848151%26quantidadePaginas%3d1%26codigoRegistro%3d1063580%231063580&i=5,orcid.org/0000-0003-0125-630X,orcid.org/0000-0002-2347-5215,orcid.org/0000-0003-2608-4807,,,,,University of Campinas,28,Helio Pedrini,Brazil,Universidade Estadual de Campinas,Jorge Vicente Lopes da Silva,Brazil,Guilherme P. Telles,Brazil,,,image and video processing; machine learning; computer vision,,,,no info,,,,,,,,,,,,,,,,,,,,,,,,,,,,,2018,,,,,,,,,,,,,,,,,,,,,,,,,,,,,,,,,,,,,,Masculino,Masculino,Masculino,não anotado,não anotado,não anotado,não anotado
MESTRADO,https://repositorio.unicamp.br/acervo/detalhe/1063445?guid=1652796906486&returnUrl=%2fresultado%2flistar%3fguid%3d1652796906486%26quantidadePaginas%3d1%26codigoRegistro%3d1063445%231063445&i=2,orcid.org/0000-0003-4869-5190,orcid.org/0000-0003-1802-7829,orcid.org/0000-0002-5564-698X,,,,,Universidade Estadual de Campinas,29,Guido Araujo,no info,University of Campinas,Ricardo Ferreira,no info,Lucas Wanner,no info,,,,,,,Universidade Federal de Viçosa,,,,,,,,,,,,,,,,,,,,,,,,,,,,,2018,,,,,,,,,,,,,,,,,,,,,,,,,,,,,,,,,,,,,,Masculino,Masculino,Masculino,não anotado,não anotado,não anotado,não anotado
MESTRADO,https://repositorio.unicamp.br/acervo/detalhe/1079803?guid=1652796962473&returnUrl=%2fresultado%2flistar%3fguid%3d1652796962473%26quantidadePaginas%3d1%26codigoRegistro%3d1079803%231079803&i=3,orcid.org/0000-0003-0467-3133,orcid.org/0000-0002-5760-8426,orcid.org/0000-0003-0125-630X,,,,,Universidade Estadual de Campinas,30,Esther Luna Colombini,no info,University of Campinas,Carlos Ribeiro,no info,Helio Pedrini,Brazil,image and video processing; machine learning; computer vision,,,,,,no info,,,,,,,,,,,,,,,,,,,,,,,,,,,,,2018,,,,,,,,,,,,,,,,,,,,,,,,,,,,,,,,,,,,,,Feminino,Masculino,Masculino,não anotado,não anotado,não anotado,não anotado
MESTRADO,https://repositorio.unicamp.br/acervo/detalhe/1080384?guid=1652797026847&returnUrl=%2fresultado%2flistar%3fguid%3d1652797026847%26quantidadePaginas%3d1%26codigoRegistro%3d1080384%231080384&i=1,orcid.org/0000-0002-1067-6421,orcid.org/0000-0001-5929-593X,orcid.org/0000-0002-8972-080X,,,,,no info,31,Flávio K. Miyazawa,no info,State University of Campinas,Pedro Munari,Brazil,Fábio Usberti,no info,,,,,,,Universidade Federal de São Carlos,,,,,,,,,,,,,,,Column generation,Branch-and-price,Interior point methods,Vehicle routing,,,,,,,,,,,2018,,,,,,,,,,,,,,,,,,,,,,,,,,,,,,,,,,,,,,Masculino,Masculino,Masculino,não anotado,não anotado,não anotado,não anotado
MESTRADO,https://repositorio.unicamp.br/acervo/detalhe/1089751?guid=1652797051334&returnUrl=%2fresultado%2flistar%3fguid%3d1652797051334%26quantidadePaginas%3d1%26codigoRegistro%3d1089751%231089751&i=3,orcid.org/0000-0002-4830-5298,orcid.org/0000-0002-1756-4852,orcid.org/0000-0002-4059-8700,,,,,Universidade Estadual de Campinas,32,Maria Cecilia Calani Baranauskas,Brazil,Federal University of São Carlos,André Santanchè,no info,Vânia Paula de Almeida Neris,no info,,,HCI,Socially Aware Design,Organizational Semiotics,Participatory Design,Universidade Estadual de Campinas,,,,,,,,,,,,,,,,,,,,,,,,,,,,,2018,,,,,,,,,,,,,,,,,,,,,,,,,,,,,,,,,,,,,,Feminino,Masculino,Feminino,não anotado,não anotado,não anotado,não anotado
MESTRADO,https://repositorio.unicamp.br/acervo/detalhe/1080380?guid=1652797110870&returnUrl=%2fresultado%2flistar%3fguid%3d1652797110870%26quantidadePaginas%3d1%26codigoRegistro%3d1080380%231080380&i=1,orcid.org/0000-0003-4869-5190,sem orcid,orcid.org/0000-0002-3891-1593,,,,,Universidade Estadual de Campinas,33,Guido Araujo,no info,Universidade Estadual de Campinas,sem orcid,sem orcid,mario cortes,no info,,,,,,,sem orcid,,,,,,,,,,,,,,,,,,,,,,,,,,,,,2018,,,,,,,,,,,,,,,,,,,,,,,,,,,,,,,,,,,,,,Masculino,sem orcid,Masculino,não anotado,não anotado,não anotado,não anotado
MESTRADO,https://repositorio.unicamp.br/acervo/detalhe/1080338?guid=1652797202093&returnUrl=%2fresultado%2flistar%3fguid%3d1652797202093%26quantidadePaginas%3d1%26codigoRegistro%3d1080338%231080338&i=1,orcid.org/0000-0002-4236-8212,orcid.org/0000-0001-8182-5554,orcid.org/0000-0001-9068-938X,,,,,Universidade Estadual de Campinas,34,Anderson Rocha,Brazil,Universidade Estadual de Campinas,Leticia Rittner,no info,Sandra Avila,no info,,,Machine Intelligence; Digital Forensics; Reasoning for Complex Data,,,,University of Campinas,,,,,,,,,,,,,,,,,,,,,,,,,,,,,2018,,,,,,,,,,,,,,,,,,,,,,,,,,,,,,,,,,,,,,Masculino,Feminino,Feminino,não anotado,não anotado,não anotado,não anotado
MESTRADO,https://repositorio.unicamp.br/acervo/detalhe/1080188?guid=1652797272807&returnUrl=%2fresultado%2flistar%3fguid%3d1652797272807%26quantidadePaginas%3d1%26codigoRegistro%3d1080188%231080188&i=1,orcid.org/0000-0002-8603-699X,sem orcid,orcid.org/0000-0001-9152-0658,,,,,University of Campinas,35,Juliana Freitag Borin,Brazil,no info,sem orcid,sem orcid,Ricardo Caceffo,no info,,,Internet of Things, Smart Cities, Computer network protocols,,sem orcid,,,,,,,,,,,,,,,,,,,,,,,,,,,,,2018,,,,,,,,,,,,,,,,,,,,,,,,,,,,,,,,,,,,,,Feminino,sem orcid,Masculino,não anotado,não anotado,não anotado,não anotado
MESTRADO,https://repositorio.unicamp.br/acervo/detalhe/1079882?guid=1652797321439&returnUrl=%2fresultado%2flistar%3fguid%3d1652797321439%26quantidadePaginas%3d1%26codigoRegistro%3d1079882%231079882&i=1,orcid.org/0000-0002-8603-699X,orcid.org/0000-0001-8824-3055,orcid.org/0000-0002-9539-6874,,,,,University of Campinas,36,Juliana Freitag Borin,Brazil,Universidade Estadual de Campinas,Alexandro Baldassin,Brazil,Sandro Rigo,Brazil,Computer Architecture,Compilers,Internet of Things, Smart Cities, Computer network protocols,,"Universidade Estadual Paulista, Instituto de Geociências e Ciências Exatas",,,,,,,,,,,,,Code Optimization,High-Performance Computing,Computer architecture,Parallel Programming,Transactional Memory,Persistent Memory,,,,,,,,,,,2018,,,,,,,,,,,,,,,,,,,,,,,,,,,,,,,,,,,,,,Feminino,Masculino,Masculino,não anotado,não anotado,não anotado,não anotado
DOUTORADO,https://repositorio.unicamp.br/acervo/detalhe/991730?guid=1652797371095&returnUrl=%2fresultado%2flistar%3fguid%3d1652797371095%26quantidadePaginas%3d1%26codigoRegistro%3d991730%23991730&i=2,orcid.org/0000-0001-5968-7108,orcid.org/0000-0002-1180-2637,orcid.org/0000-0003-2162-6523,orcid.org/0000-0002-5250-1785,,,,Universitat Bern,37,Torsten Braun,Switzerland,no info,Edmundo Madeira,no info,Eduardo Cerqueira,no info,,,,,,,UNICAMP - University of Campinas,,,Antonio A. F. Loureiro,no info,,,,,Universidade Federal de Minas Gerais,,,,,,,,,,,,,,,,,,,,2018,,,,,,,,,,,,,,,,,,,,,,,,,,,,,,,,,,,,,,Masculino,Masculino,Masculino,Masculino,não anotado,não anotado,não anotado
DOUTORADO,https://repositorio.unicamp.br/acervo/detalhe/1010003?guid=1652797475462&returnUrl=%2fresultado%2flistar%3fguid%3d1652797475462%26quantidadePaginas%3d1%26codigoRegistro%3d1010003%231010003&i=1,orcid.org/0000-0002-1180-2637,orcid.org/0000-0001-5378-4732,orcid.org/0000-0002-5455-8910,orcid.org/0000-0003-3109-4305,orcid.org/0000-0003-2046-602X,,,UNICAMP - University of Campinas,38,Edmundo Madeira,no info,Federal University of São Carlos,Djamel F Hadj Sadok,Brazil,Fabio Verdi,Brazil,Computer Networks, SDN,,,,,Universidade Federal de Pernambuco,Universidade Estadual de Campinas,,Christian Esteve Rothenberg,no info,,,,,Universidade Estadual de Campinas (UNICAMP),Nelson L. S. da Fonseca,no info,, Cloud computing, monitoring,Computer Networks,Communication Systems,Protocols,Security,Cloud Computing, management,,,,,,,,,2018,,,,,,,,,,, virtualizatoin,,,,,,,,,,,,,,,,,,,,,,,,,,,Masculino,Masculino,Masculino,Masculino,Masculino,não anotado,não anotado
DOUTORADO,https://repositorio.unicamp.br/acervo/detalhe/1014643?guid=1652797549038&returnUrl=%2fresultado%2flistar%3fguid%3d1652797549038%26quantidadePaginas%3d1%26codigoRegistro%3d1014643%231014643&i=1,orcid.org/0000-0003-4462-3325,sem orcid,orcid.org/0000-0001-7878-4990,sem orcid,orcid.org/0000-0002-8340-4881,,,University of Campinas,39,Orlando Lee,no info,State University of Campinas,sem orcid,sem orcid,Joao Meidanis,no info,,,,,,,sem orcid,no info,,sem orcid,sem orcid,,,,,sem orcid,"Simone Dantas; Dantas, S.; S. Dantas",no info,,,,,,,,,,,,,Discrete Matematics,Computer Science,,,,2018,,,,,,,,,,,,,,,,,,,,,,,,,,,,,,,,,,,,,,Masculino,sem orcid,Masculino,sem orcid,Feminino,não anotado,não anotado
DOUTORADO,https://repositorio.unicamp.br/acervo/detalhe/1014622?guid=1652797628572&returnUrl=%2fresultado%2flistar%3fguid%3d1652797628572%26quantidadePaginas%3d1%26codigoRegistro%3d1014622%231014622&i=4,orcid.org/0000-0003-4462-3325,sem orcid,sem orcid,orcid.org/0000-0001-6030-2682,orcid.org/0000-0003-1001-082X,,,University of Campinas,40,Orlando Lee,no info,sem orcid,sem orcid,sem orcid,sem orcid,sem orcid,,,,,,,sem orcid,University of Campinas,,Eduardo C. Xavier,Brazil,,,,,University of Campinas,Lehilton Pedrosa,no info,,,,,,,,,,,,,,,,,,2018,,,,,,,,,,,,,,,,,,,,,,,,,,,,,,,,,,,,,,Masculino,sem orcid,sem orcid,Masculino,Masculino,não anotado,não anotado
DOUTORADO,https://repositorio.unicamp.br/acervo/detalhe/1031418?guid=1652797666925&returnUrl=%2fresultado%2flistar%3fguid%3d1652797666925%26quantidadePaginas%3d1%26codigoRegistro%3d1031418%231031418&i=1,orcid.org/0000-0003-4237-4281,sem orcid,sem orcid,sem orcid,orcid.org/0000-0001-7878-4990,,,University of Campinas,41,C. N. Campos,Brazil,sem orcid,sem orcid,sem orcid,sem orcid,sem orcid,,,,,,,sem orcid,State University of Campinas,,sem orcid,sem orcid,,,,,sem orcid,Joao Meidanis,no info,,,,,,,,,,,,,,,,,,2018,,,,,,,,,,,,,,,,,,,,,,,,,,,,,,,,,,,,,,Feminino,sem orcid,sem orcid,sem orcid,Masculino,não anotado,não anotado
DOUTORADO,https://repositorio.unicamp.br/acervo/detalhe/1060175?guid=1652797705772&returnUrl=%2fresultado%2flistar%3fguid%3d1652797705772%26quantidadePaginas%3d1%26codigoRegistro%3d1060175%231060175&i=1,orcid.org/0000-0003-0125-630X,orcid.org/0000-0001-8522-2056,orcid.org/0000-0002-6197-2626,orcid.org/0000-0002-1756-4852,orcid.org/0000-0003-0467-3133,,,University of Campinas,42,Helio Pedrini,Brazil,Microsoft Research,Silvio GUIMARAES,Brazil,T. V. Spina,no info,,,image and video processing; machine learning; computer vision,,,,Pontifícia Universidade Católica de Minas Gerais,Universidade Estadual de Campinas,,André Santanchè,no info,,,,,Universidade Estadual de Campinas,Esther Luna Colombini,no info,,,,,,,,,,,,,,,,,,2018,,,,,,,,,,,,,,,,,,,,,,,,,,,,,,,,,,,,,,Masculino,Masculino,Masculino,Masculino,Feminino,não anotado,não anotado
DOUTORADO,https://repositorio.unicamp.br/acervo/detalhe/1034706?guid=1652797779300&returnUrl=%2fresultado%2flistar%3fguid%3d1652797779300%26quantidadePaginas%3d1%26codigoRegistro%3d1034706%231034706&i=1,orcid.org/0000-0001-9772-263X,orcid.org/0000-0003-4177-1322,orcid.org/0000-0002-9545-2098,sem orcid,orcid.org/0000-0003-0125-630X,,,Universidade Estadual de Campinas,43,Ricardo Torres,Netherlands,Universidade Estadual de Campinas (UNICAMP),Debora Drucker,Brazil,Julio Cesar Dos Reis,no info,,,multimedia retrieval,multimedia classification,machine learning,information visualization,Embrapa Agricultura Digital,University of Campinas,,sem orcid,sem orcid,,,,,sem orcid,Helio Pedrini,Brazil,,,,,,,,,,,,,image and video processing; machine learning; computer vision,,,,,2018,data science,,,,,,,,,,,,,,,,,,,,,,,,,,,,,,,,,,,,,Masculino,Feminino,Masculino,sem orcid,Masculino,não anotado,não anotado
DOUTORADO,https://repositorio.unicamp.br/acervo/detalhe/1058006?guid=1652797827991&returnUrl=%2fresultado%2flistar%3fguid%3d1652797827991%26quantidadePaginas%3d1%26codigoRegistro%3d1058006%231058006&i=22,orcid.org/0000-0003-4462-3325,orcid.org/0000-0002-3159-4839,sem orcid,sem orcid,sem orcid,,,University of Campinas,44,Orlando Lee,no info,sem orcid,Jorge Stolfi,no info,sem orcid,sem orcid,,,,,,,State University of Campinas,sem orcid,,sem orcid,sem orcid,,,,,sem orcid,sem orcid,sem orcid,,,,,,,,,,,,,,,,,,2018,,,,,,,,,,,,,,,,,,,,,,,,,,,,,,,,,,,,,,Masculino,Masculino,sem orcid,sem orcid,sem orcid,não anotado,não anotado
DOUTORADO,https://repositorio.unicamp.br/acervo/detalhe/1095473?guid=1652797900909&returnUrl=%2fresultado%2flistar%3fguid%3d1652797900909%26quantidadePaginas%3d1%26codigoRegistro%3d1095473%231095473&i=10,orcid.org/0000-0001-9772-263X,orcid.org/0000-0003-0125-630X,orcid.org/0000-0001-8253-2729,orcid.org/0000-0003-4861-7061,orcid.org/0000-0002-1941-6036,orcid.org/0000-0002-5652-0852,,Universidade Estadual de Campinas,45,Ricardo Torres,Netherlands,Universidade Federal de São Carlos (UFSCar),Helio Pedrini,Brazil,"Levada, A L M",Brazil,,,multimedia retrieval,multimedia classification,machine learning,information visualization,University of Campinas,Universidade Estadual de Campinas,Universidade Estadual de Campinas,Aparecido Nilceu Marana,no info,,,Roberto Lotufo,no info,Universidade Estadual Paulista Júlio de Mesquita Filho,Marco Antonio Garcia de Carvalho,Brazil,,,,image and video processing; machine learning; computer vision,,,,,,,,,image segmentation,graphs,image processing,digital education,pattern recognition,2018,data science,,,,,,,,,,,,,,,,,,,,,,,,,,,,,,,,,,,,,Masculino,Masculino,Masculino,Masculino,Masculino,Masculino,não anotado
DOUTORADO,https://repositorio.unicamp.br/acervo/detalhe/1062749?guid=1652797953657&returnUrl=%2fresultado%2flistar%3fguid%3d1652797953657%26quantidadePaginas%3d1%26codigoRegistro%3d1062749%231062749&i=1,orcid.org/0000-0002-1756-4852,orcid.org/0000-0002-8889-1586,orcid.org/0000-0003-2956-6326,orcid.org/0000-0002-9554-1381,orcid.org/0000-0003-0125-630X,,,Universidade Estadual de Campinas,46,André Santanchè,no info,Universidade Federal de São Paulo,Jefersson A. dos Santos,no info,"Faria, Fabio A.",Brazil,,,,,,,University of Sheffield,University of Campinas,,Ricardo Machado Leite de Barros,Brazil,,,,,State University of Campinas,Helio Pedrini,Brazil,,,,Pattern Recognition, Image Processing, Content-Based Image Retrieval, Remote Sensing,,,Biomecânica,Cinesiologia,Educação Física Desportiva,image and video processing; machine learning; computer vision,,,,,2018,,,,,,,Biomecânica do Movimento Humano Aplicada aos Esportes,,,,,,,,,,,,,,,,,,,,,,,,,,,,,,,Masculino,Masculino,Masculino,Masculino,Masculino,não anotado,não anotado
DOUTORADO,https://repositorio.unicamp.br/acervo/detalhe/1062910?guid=1652797998851&returnUrl=%2fresultado%2flistar%3fguid%3d1652797998851%26quantidadePaginas%3d1%26codigoRegistro%3d1062910%231062910&i=1,orcid.org/0000-0002-4236-8212,orcid.org/0000-0003-4861-7061,orcid.org/0000-0002-2739-085X,orcid.org/0000-0001-9068-938X,orcid.org/0000-0002-9707-799X,,,Universidade Estadual de Campinas,47,Anderson Rocha,Brazil,no info,Aparecido Nilceu Marana,no info,Siovani C Felipussi,no info,,,Machine Intelligence; Digital Forensics; Reasoning for Complex Data,,,,Universidade Estadual Paulista Júlio de Mesquita Filho,Universidade Estadual de Campinas (UNICAMP),,Sandra Avila,no info,,,,,Universidade Estadual de Campinas,José Mario De Martino,no info,,,,,,,,,,,,,,,,,,2018,,,,,,,,,,,,,,,,,,,,,,,,,,,,,,,,,,,,,,Masculino,Masculino,Masculino,Feminino,Masculino,não anotado,não anotado
DOUTORADO,https://repositorio.unicamp.br/acervo/detalhe/1062989?guid=1652798058169&returnUrl=%2fresultado%2flistar%3fguid%3d1652798058169%26quantidadePaginas%3d1%26codigoRegistro%3d1062989%231062989&i=1,orcid.org/0000-0003-2046-602X,orcid.org/0000-0001-9756-378X,sem orcid,orcid.org/0000-0002-1180-2637,orcid.org/0000-0002-8972-080X,,,Universidade Estadual de Campinas,48,Nelson L. S. da Fonseca,no info,sem orcid,"Figueiredo, G.B.",no info,sem orcid,sem orcid,,,,,,,Federal University of Bahia,State University of Campinas,,Edmundo Madeira,no info,,,,,UNICAMP - University of Campinas,Fábio Usberti,no info,,,,,,,,,,,,,,,,,,2018,,,,,,,,,,,,,,,,,,,,,,,,,,,,,,,,,,,,,,Masculino,Masculino,sem orcid,Masculino,Masculino,não anotado,não anotado
DOUTORADO,https://repositorio.unicamp.br/acervo/detalhe/1062988?guid=1652798108201&returnUrl=%2fresultado%2flistar%3fguid%3d1652798108201%26quantidadePaginas%3d1%26codigoRegistro%3d1062988%231062988&i=3,orcid.org/0000-0002-4236-8212,orcid.org/0000-0003-0125-630X,orcid.org/0000-0002-5243-0921,orcid.org/0000-0003-3861-7260,sem orcid,,,Universidade Estadual de Campinas,49,Anderson Rocha,Brazil,no info,Helio Pedrini,Brazil,Fernanda Andaló,no info,,,Machine Intelligence; Digital Forensics; Reasoning for Complex Data,,,,University of Campinas,sem orcid,,Roberto Hirata Jr.,Brazil,,,,,Universidade de São Paulo,sem orcid,sem orcid,,,,image and video processing; machine learning; computer vision,,,,,,,,,,,,,,2018,,,,,,,,,,,,,,,,,,,,,,,,,,,,,,,,,,,,,,Masculino,Masculino,Feminino,Masculino,sem orcid,não anotado,não anotado
DOUTORADO,https://repositorio.unicamp.br/acervo/detalhe/1063351?guid=1652798156559&returnUrl=%2fresultado%2flistar%3fguid%3d1652798156559%26quantidadePaginas%3d1%26codigoRegistro%3d1063351%231063351&i=2,orcid.org/0000-0002-4830-5298,orcid.org/0000-0002-1736-544X,orcid.org/0000-0003-1929-9391,orcid.org/0000-0002-1756-4852,orcid.org/0000-0003-3580-5178,,,Universidade Estadual de Campinas,50,Maria Cecilia Calani Baranauskas,Brazil,no info,Luciana Zaina,Brazil,Leonardo Cunha de Miranda,Brazil,,,HCI,Socially Aware Design,Organizational Semiotics,Participatory Design,Universidade Federal de São Carlos,Unicamp,,André Santanchè,no info,,,,,Universidade Estadual de Campinas,Marcos Augusto Francisco Borges,Brazil,,,,UX design,UX,Agile UX,Agile practices,,,,,,Computational Thinking; Creative Learning; Serious Games; Lean IT; Agile; Entrepeneurship,,,,,2018,,,,,,,,,,,,,,,,,,,,,,,,,,,,,,,,,,,,,,Feminino,Feminino,Masculino,Masculino,Masculino,não anotado,não anotado
DOUTORADO,https://repositorio.unicamp.br/acervo/detalhe/1062788?guid=1652798201329&returnUrl=%2fresultado%2flistar%3fguid%3d1652798201329%26quantidadePaginas%3d1%26codigoRegistro%3d1062788%231062788&i=1,orcid.org/0000-0002-9529-4253,sem orcid,sem orcid,orcid.org/0000-0002-8972-080X,,,,University of Campinas,51,Pedro J. de Rezende,no info,sem orcid,sem orcid,sem orcid,sem orcid,sem orcid,,,,,,,sem orcid,,,Fábio Usberti,no info,,,,,State University of Campinas,,,,,,,,,,,,,,,,,,,,2018,,,,,,,,,,,,,,,,,,,,,,,,,,,,,,,,,,,,,,Masculino,sem orcid,sem orcid,Masculino,não anotado,não anotado,não anotado
DOUTORADO,https://repositorio.unicamp.br/acervo/detalhe/1079656?guid=1652798237186&returnUrl=%2fresultado%2flistar%3fguid%3d1652798237186%26quantidadePaginas%3d1%26codigoRegistro%3d1079656%231079656&i=2,orcid.org/0000-0003-1908-4753,sem orcid,sem orcid,orcid.org/0000-0002-9545-2098,orcid.org/0000-0002-7603-9695,,,Universidade Estadual de Campinas Instituto de Computação,52,Claudia Medeiros,Brazil,sem orcid,sem orcid,sem orcid,sem orcid,sem orcid,,,Scientific data management, Data interoperability, Open Science,,sem orcid,Universidade Estadual de Campinas,,Julio Cesar Dos Reis,no info,,,,,Universidade Estadual de Campinas (UNICAMP),Leonardo Montecchi,Norway,,,,,,,,,,,,,,,,,,2018,,,,,,,,,,,,,,,,,,,,,,,,,,,,,,,,,,,,,,Feminino,sem orcid,sem orcid,Masculino,Masculino,não anotado,não anotado
DOUTORADO,https://repositorio.unicamp.br/acervo/detalhe/1082977?guid=1652798275762&returnUrl=%2fresultado%2flistar%3fguid%3d1652798275762%26quantidadePaginas%3d1%26codigoRegistro%3d1082977%231082977&i=1,orcid.org/0000-0002-4236-8212,orcid.org/0000-0003-4929-7258,orcid.org/0000-0003-1574-0362,orcid.org/0000-0001-9772-263X,orcid.org/0000-0001-9319-9829,,,Universidade Estadual de Campinas,53,Anderson Rocha,Brazil,Instituto Tecnológico de Aeronáutica,Agma Traina,no info,Cesar Marcondes,Brazil,,,Machine Intelligence; Digital Forensics; Reasoning for Complex Data,,,,Universidade de São Paulo Instituto de Ciências Matemáticas e de Computação,Universidade Estadual de Campinas (UNICAMP),,Ricardo Torres,Netherlands,,,,,Universidade Estadual de Campinas,Levy Boccato,no info,,,,,,,,,,multimedia retrieval,multimedia classification,machine learning,,,,,,2018,,,,,,,information visualization,data science,,,,,,,,,,,,,,,,,,,,,,,,,,,,,,Masculino,Feminino,Masculino,Masculino,Masculino,não anotado,não anotado
MESTRADO,https://repositorio.unicamp.br/acervo/detalhe/1081295?guid=1652808998343&returnUrl=%2fresultado%2flistar%3fguid%3d1652808998343%26quantidadePaginas%3d1%26codigoRegistro%3d1081295%231081295&i=1,orcid.org/0000-0003-3333-6822,orcid.org/0000-0001-6476-4534,orcid.org/0000-0002-0472-4810,,,,,University of Campinas,0,Zanoni Dias,Brazil,Universidade Estadual de Campinas,Mário César San Felice,Brazil,Rafael C. S. Schouery,no info,,,,,,,Universidade de São Paulo,,,,,,,,,,,,,,,Approximation Algorithms,Facility Location Problems,Network Design Problems,Randomized Algorithms,Combinatorial Optimization,,,,,,,,,,2019,,,,,,,,,Online Algorithms,,,,,,,,,,Competitive Analysis,,,,,,,,,,,,,,,,,,,Masculino,Masculino,Masculino,não anotado,não anotado,não anotado,não anotado
MESTRADO,https://repositorio.unicamp.br/acervo/detalhe/1081804?guid=1652809025041&returnUrl=%2fresultado%2flistar%3fguid%3d1652809025041%26quantidadePaginas%3d1%26codigoRegistro%3d1081804%231081804&i=1,orcid.org/0000-0003-3333-6822,orcid.org/0000-0002-3734-7679,orcid.org/0000-0003-4462-3325,,,,,University of Campinas,1,Zanoni Dias,Brazil,University of Campinas,Pedro Hokama,no info,Orlando Lee,no info,,,,,,,Universidade Federal de Itajubá,,,,,,,,,,,,,,,,,,,,,,,,,,,,,2019,,,,,,,,,,,,,,,,,,,,,,,,,,,,,,,,,,,,,,Masculino,Masculino,Masculino,não anotado,não anotado,não anotado,não anotado
MESTRADO,https://repositorio.unicamp.br/acervo/detalhe/1081926?guid=1652809854693&returnUrl=%2fresultado%2flistar%3fguid%3d1652809854693%26quantidadePaginas%3d1%26codigoRegistro%3d1081926%231081926&i=2,orcid.org/0000-0002-5564-698X,sem orcid,orcid.org/0000-0002-8803-0401,,,,,University of Campinas,2,Lucas Wanner,no info,UNICAMP,sem orcid,sem orcid,Rodolfo Azevedo,Brazil,,,,,,,sem orcid,,,,,,,,,,,,,,,,,,,,,,,,,,,,,2019,,,,,,,,,,,,,,,,,,,,,,,,,,,,,,,,,,,,,,Masculino,sem orcid,Masculino,não anotado,não anotado,não anotado,não anotado
MESTRADO,https://repositorio.unicamp.br/acervo/detalhe/1089406?guid=1652809887957&returnUrl=%2fresultado%2flistar%3fguid%3d1652809887957%26quantidadePaginas%3d1%26codigoRegistro%3d1089406%231089406&i=2,orcid.org/0000-0003-0125-630X,orcid.org/0000-0002-0171-4430,orcid.org/0000-0001-9772-263X,,,,,University of Campinas,3,Helio Pedrini,Brazil,Universidade Estadual de Campinas,Otávio A. B. Penatti,no info,Ricardo Torres,Netherlands,multimedia retrieval,multimedia classification,image and video processing; machine learning; computer vision,,,,no info,,,,,,,,,,,,,machine learning,information visualization,,,,,,data science,,,,,,,,,2019,,,,,,,,,,,,,,,,,,,,,,,,,,,,,,,,,,,,,,Masculino,Masculino,Masculino,não anotado,não anotado,não anotado,não anotado
MESTRADO,https://repositorio.unicamp.br/acervo/detalhe/1088502?guid=1652809989644&returnUrl=%2fresultado%2flistar%3fguid%3d1652809989644%26quantidadePaginas%3d1%26codigoRegistro%3d1088502%231088502&i=1,orcid.org/0000-0003-1783-4231,orcid.org/0000-0002-8588-8197,orcid.org/0000-0002-5564-698X,,,,,Universidade Estadual de Campinas,4,Edson Borin,no info,University of Campinas,SILVA A F,Brazil,Lucas Wanner,no info,,,,,,,Universidade Estadual de Maringá,,,,,,,,,,,,,,,,,,,,,,,,,,,,,2019,,,,,,,,,,,,,,,,,,,,,,,,,,,,,,,,,,,,,,Masculino,Masculino,Masculino,não anotado,não anotado,não anotado,não anotado
MESTRADO,https://repositorio.unicamp.br/acervo/detalhe/1060991?guid=1652810020719&returnUrl=%2fresultado%2flistar%3fguid%3d1652810020719%26quantidadePaginas%3d1%26codigoRegistro%3d1060991%231060991&i=2,orcid.org/0000-0002-0323-9207,sem orcid,orcid.org/0000-0002-4515-2521,orcid.org/0000-0001-5814-7847,orcid.org/0000-0003-0037-5972,,,Universidade Estadual de Campinas,5,Antonio Carlos Rodrigues de Amorim,Brazil,Universidade de São Paulo,sem orcid,sem orcid,Hugo Fernando Salinas Fortes Junior,Brazil,art,design,Currículo e estudos audiovisuais; cinema e filosofia da diferença,,,,sem orcid,Universidade Estadual de Campinas,,Susana Oliveira Dias,no info,,,,,Universidade Estadual de Campinas,Marta Luiza Strambi,no info,,water,nature,,,,,,communication,,,,,,,,,2019,,,,,,,,,,,,,,,,,,,,,,,,,,,,,,,,,,,,,,Masculino,sem orcid,Masculino,Feminino,Feminino,não anotado,não anotado
MESTRADO,https://repositorio.unicamp.br/acervo/detalhe/1089548?guid=1652810072374&returnUrl=%2fresultado%2flistar%3fguid%3d1652810072374%26quantidadePaginas%3d1%26codigoRegistro%3d1089548%231089548&i=2,orcid.org/0000-0002-0472-4810,orcid.org/0000-0002-1649-6843,orcid.org/0000-0001-6030-2682,,,,,Universidade Estadual de Campinas,6,Rafael C. S. Schouery,no info,University of Campinas,Kelly Poldi,no info,Eduardo C. Xavier,Brazil,,,,,,,Universidade Federal de São Paulo,,,,,,,,,,,,,,,,,,,,,,,,,,,,,2019,,,,,,,,,,,,,,,,,,,,,,,,,,,,,,,,,,,,,,Masculino,Feminino,Masculino,não anotado,não anotado,não anotado,não anotado
MESTRADO,https://repositorio.unicamp.br/acervo/detalhe/1090831?guid=1652810103206&returnUrl=%2fresultado%2flistar%3fguid%3d1652810103206%26quantidadePaginas%3d1%26codigoRegistro%3d1090831%231090831&i=1,orcid.org/0000-0002-0472-4810,orcid.org/0000-0003-4462-3325,orcid.org/0000-0003-0602-6298,,,,,Universidade Estadual de Campinas,7,Rafael C. S. Schouery,no info,Universidade Federal do ABC,Orlando Lee,no info,Carla Negri Lintzmayer,Brazil,,,,,,,University of Campinas,,,,,,,,,,,,,,,,,,,,,,,,,,,,,2019,,,,,,,,,,,,,,,,,,,,,,,,,,,,,,,,,,,,,,Masculino,Masculino,Feminino,não anotado,não anotado,não anotado,não anotado
MESTRADO,https://repositorio.unicamp.br/acervo/detalhe/1090300?guid=1652810127488&returnUrl=%2fresultado%2flistar%3fguid%3d1652810127488%26quantidadePaginas%3d1%26codigoRegistro%3d1090300%231090300&i=1,orcid.org/0000-0002-0472-4810,orcid.org/0000-0002-8972-080X,orcid.org/0000-0002-3734-7679,,,,,Universidade Estadual de Campinas,8,Rafael C. S. Schouery,no info,Universidade Federal de Itajubá,Fábio Usberti,no info,Pedro Hokama,no info,,,,,,,State University of Campinas,,,,,,,,,,,,,,,,,,,,,,,,,,,,,2019,,,,,,,,,,,,,,,,,,,,,,,,,,,,,,,,,,,,,,Masculino,Masculino,Masculino,não anotado,não anotado,não anotado,não anotado
MESTRADO,https://repositorio.unicamp.br/acervo/detalhe/1091632?guid=1652810156960&returnUrl=%2fresultado%2flistar%3fguid%3d1652810156960%26quantidadePaginas%3d1%26codigoRegistro%3d1091632%231091632&i=1,orcid.org/0000-0003-2046-602X,orcid.org/0000-0002-5227-9221,orcid.org/0000-0002-1180-2637,,,,,Universidade Estadual de Campinas,9,Nelson L. S. da Fonseca,no info,UNICAMP - University of Campinas,Juliana de Santi,no info,Edmundo Madeira,no info,,,,,,,Federal University of Technology – Paraná,,,,,,,,,,,,,,,,,,,,,,,,,,,,,2019,,,,,,,,,,,,,,,,,,,,,,,,,,,,,,,,,,,,,,Masculino,Feminino,Masculino,não anotado,não anotado,não anotado,não anotado
MESTRADO,https://repositorio.unicamp.br/acervo/detalhe/1090650?guid=1652810266839&returnUrl=%2fresultado%2flistar%3fguid%3d1652810266839%26quantidadePaginas%3d1%26codigoRegistro%3d1090650%231090650&i=2,orcid.org/0000-0003-0125-630X,orcid.org/0000-0002-2582-1695,orcid.org/0000-0003-0467-3133,,,,,University of Campinas,10,Helio Pedrini,Brazil,Universidade Estadual de Campinas,Ricardo Cerri,no info,Esther Luna Colombini,no info,,,image and video processing; machine learning; computer vision,,,,Federal University of São Carlos,,,,,,,,,,,,,,,Machine Learning,Bioinformatics,,,,,,,,,,,,,2019,,,,,,,,,,,,,,,,,,,,,,,,,,,,,,,,,,,,,,Masculino,Masculino,Feminino,não anotado,não anotado,não anotado,não anotado
MESTRADO,https://repositorio.unicamp.br/acervo/detalhe/1091949?guid=1652810371000&returnUrl=%2fresultado%2flistar%3fguid%3d1652810371000%26quantidadePaginas%3d1%26codigoRegistro%3d1091949%231091949&i=2,orcid.org/0000-0002-7002-875X,orcid.org/0000-0001-5227-7165,sem orcid,,,,,University of Campinas,11,Ricardo Dahab,Brazil,sem orcid,Marcos Simplicio,Brazil,sem orcid,sem orcid,,,Cryptography, Graph Theory,,,Universidade de São Paulo,,,,,,,,,,,,,,,,,,,,,,,,,,,,,2019,,,,,,,,,,,,,,,,,,,,,,,,,,,,,,,,,,,,,,Masculino,Masculino,sem orcid,não anotado,não anotado,não anotado,não anotado
MESTRADO,https://repositorio.unicamp.br/acervo/detalhe/1091333?guid=1652810459431&returnUrl=%2fresultado%2flistar%3fguid%3d1652810459431%26quantidadePaginas%3d1%26codigoRegistro%3d1091333%231091333&i=1,orcid.org/0000-0003-1783-4231,orcid.org/0000-0002-8588-8197,orcid.org/0000-0002-6731-1482,,,,,Universidade Estadual de Campinas,12,Edson Borin,no info,no info,SILVA A F,Brazil,Julio Cesar Lopez Hernandez,Mexico,,,,,,,Universidade Estadual de Maringá,,,,,,,,,,,,,,,,,,,,,,,,,,,,,2019,,,,,,,,,,,,,,,,,,,,,,,,,,,,,,,,,,,,,,Masculino,Masculino,Masculino,não anotado,não anotado,não anotado,não anotado
MESTRADO,https://repositorio.unicamp.br/acervo/detalhe/1091134?guid=1652810506573&returnUrl=%2fresultado%2flistar%3fguid%3d1652810506573%26quantidadePaginas%3d1%26codigoRegistro%3d1091134%231091134&i=5,orcid.org/0000-0001-9772-263X,orcid.org/0000-0001-5265-8988,sem orcid,,,,,Universidade Estadual de Campinas,13,Ricardo Torres,Netherlands,sem orcid,Patrícia Morellato,no info,sem orcid,sem orcid,,,multimedia retrieval,multimedia classification,machine learning,information visualization,UNESP,,,,,,,,,,,,,,,phenology, plant-animal interactions, climate change,,,,,,,,,,,,2019,data science,,,,,,,,,,,,,,,,,,,,,,,,,,,,,,,,,,,,,Masculino,Feminino,sem orcid,não anotado,não anotado,não anotado,não anotado
MESTRADO,https://repositorio.unicamp.br/acervo/detalhe/1091235?guid=1652810571583&returnUrl=%2fresultado%2flistar%3fguid%3d1652810571583%26quantidadePaginas%3d1%26codigoRegistro%3d1091235%231091235&i=1,orcid.org/0000-0003-0125-630X,sem orcid,orcid.org/0000-0002-0512-506X,,,,,University of Campinas,14,Helio Pedrini,Brazil,no info,sem orcid,sem orcid,Alexandre Ferreira,no info,,,image and video processing; machine learning; computer vision,,,,sem orcid,,,,,,,,,,,,,,,,,,,,,,,,,,,,,2019,,,,,,,,,,,,,,,,,,,,,,,,,,,,,,,,,,,,,,Masculino,sem orcid,Masculino,não anotado,não anotado,não anotado,não anotado
MESTRADO,https://repositorio.unicamp.br/acervo/detalhe/1091589?guid=1652810639818&returnUrl=%2fresultado%2flistar%3fguid%3d1652810639818%26quantidadePaginas%3d1%26codigoRegistro%3d1091589%231091589&i=1,orcid.org/0000-0002-4830-5298,orcid.org/0000-0003-3441-0887,orcid.org/0000-0001-9152-0658,,,,,Universidade Estadual de Campinas,15,Maria Cecilia Calani Baranauskas,Brazil,no info,Rodrigo Bonacin,no info,Ricardo Caceffo,no info,,,HCI,Socially Aware Design,Organizational Semiotics,Participatory Design,Centro de Tecnologia da Informação Renato Archer,,,,,,,,,,,,,,,,,,,,,,,,,,,,,2019,,,,,,,,,,,,,,,,,,,,,,,,,,,,,,,,,,,,,,Feminino,Masculino,Masculino,não anotado,não anotado,não anotado,não anotado
MESTRADO,https://repositorio.unicamp.br/acervo/detalhe/1092935?guid=1652810669822&returnUrl=%2fresultado%2flistar%3fguid%3d1652810669822%26quantidadePaginas%3d1%26codigoRegistro%3d1092935%231092935&i=9,orcid.org/0000-0002-4236-8212,sem orcid,sem orcid,,,,,Universidade Estadual de Campinas,16,Anderson Rocha,Brazil,sem orcid,sem orcid,sem orcid,sem orcid,sem orcid,,,Machine Intelligence; Digital Forensics; Reasoning for Complex Data,,,,sem orcid,,,,,,,,,,,,,,,,,,,,,,,,,,,,,2019,,,,,,,,,,,,,,,,,,,,,,,,,,,,,,,,,,,,,,Masculino,sem orcid,sem orcid,não anotado,não anotado,não anotado,não anotado
MESTRADO,https://repositorio.unicamp.br/acervo/detalhe/1093511?guid=1652810746539&returnUrl=%2fresultado%2flistar%3fguid%3d1652810746539%26quantidadePaginas%3d1%26codigoRegistro%3d1093511%231093511&i=1,orcid.org/0000-0003-0467-3133,orcid.org/0000-0002-0689-2703,orcid.org/0000-0003-2944-4476,,,,,Universidade Estadual de Campinas,17,Esther Luna Colombini,no info,no info,Eric Rohmer,no info,Marcos Maximo,no info,,,,,,,Universidade Estadual de Campinas,,,,,,,,,,,,,,,,,,,,,,,,,,,,,2019,,,,,,,,,,,,,,,,,,,,,,,,,,,,,,,,,,,,,,Feminino,Masculino,Masculino,não anotado,não anotado,não anotado,não anotado
MESTRADO,https://repositorio.unicamp.br/acervo/detalhe/1093509?guid=1652810772235&returnUrl=%2fresultado%2flistar%3fguid%3d1652810772235%26quantidadePaginas%3d1%26codigoRegistro%3d1093509%231093509&i=1,orcid.org/0000-0001-9772-263X,orcid.org/0000-0001-5295-3514,orcid.org/0000-0002-9545-2098,,,,,Universidade Estadual de Campinas,18,Ricardo Torres,Netherlands,Universidade Estadual de Campinas (UNICAMP),Luiz Camolesi Júnior,no info,Julio Cesar Dos Reis,no info,,,multimedia retrieval,multimedia classification,machine learning,information visualization,Universidade Estadual de Campinas,,,,,,,,,,,,,,,,,,,,,,,,,,,,,2019,data science,,,,,,,,,,,,,,,,,,,,,,,,,,,,,,,,,,,,,Masculino,Masculino,Masculino,não anotado,não anotado,não anotado,não anotado
MESTRADO,https://repositorio.unicamp.br/acervo/detalhe/1092725?guid=1652810833664&returnUrl=%2fresultado%2flistar%3fguid%3d1652810833664%26quantidadePaginas%3d1%26codigoRegistro%3d1092725%231092725&i=1,orcid.org/0000-0003-4869-5190,orcid.org/0000-0002-9539-6874,orcid.org/0000-0003-3738-6448,,,,,Universidade Estadual de Campinas,19,Guido Araujo,no info,Universidade de São Paulo,Sandro Rigo,Brazil,Bruno Albertini,no info,,,,,,,Universidade Estadual de Campinas,,,,,,,,,,,,,,,Computer Architecture,Compilers,Code Optimization,High-Performance Computing,,,,,,,,,,,2019,,,,,,,,,,,,,,,,,,,,,,,,,,,,,,,,,,,,,,Masculino,Masculino,Masculino,não anotado,não anotado,não anotado,não anotado
MESTRADO,https://repositorio.unicamp.br/acervo/detalhe/1096114?guid=1652810879477&returnUrl=%2fresultado%2flistar%3fguid%3d1652810879477%26quantidadePaginas%3d1%26codigoRegistro%3d1096114%231096114&i=7,orcid.org/0000-0002-5945-0845,sem orcid,orcid.org/0000-0002-8972-080X,,,,,Universidade Estadual de Campinas,20,Cid de Souza,Brazil,State University of Campinas,sem orcid,sem orcid,Fábio Usberti,no info,,,Integer Programming,Combinatorial Optimization,Algorithms (design and analysis),Operations Research,sem orcid,,,,,,,,,,,,,,,,,,,,,,,,,,,,,2019,,,,,,,,,,,,,,,,,,,,,,,,,,,,,,,,,,,,,,Masculino,sem orcid,Masculino,não anotado,não anotado,não anotado,não anotado
MESTRADO,https://repositorio.unicamp.br/acervo/detalhe/1101352?guid=1652811001457&returnUrl=%2fresultado%2flistar%3fguid%3d1652811001457%26quantidadePaginas%3d1%26codigoRegistro%3d1101352%231101352&i=1,orcid.org/0000-0002-2914-5380,orcid.org/0000-0002-9529-4253,orcid.org/0000-0003-2059-9463,,,,,Universidade Estadual de Campinas,21,Alexandre Falcao,Brazil,Universidade de São Paulo,Pedro J. de Rezende,no info,Moacir Ponti,no info,,,image processing, visualization, and analysis, (interactive) machine learning ,University of Campinas,,,,,,,,,,,,,,,,,,,,,,,,,,,,,2019,,,,,,,,,,,,,,,,,,,,,,,,,,,,,,,,,,,,,,Masculino,Masculino,Masculino,não anotado,não anotado,não anotado,não anotado
MESTRADO,https://repositorio.unicamp.br/acervo/detalhe/1121198?guid=1652811034762&returnUrl=%2fresultado%2flistar%3fguid%3d1652811034762%26quantidadePaginas%3d1%26codigoRegistro%3d1121198%231121198&i=1,orcid.org/0000-0002-8972-080X,orcid.org/0000-0002-3734-7679,orcid.org/0000-0002-5945-0845,,,,,State University of Campinas,22,Fábio Usberti,no info,Universidade Estadual de Campinas,Pedro Hokama,no info,Cid de Souza,Brazil,Integer Programming,Combinatorial Optimization,,,,,Universidade Federal de Itajubá,,,,,,,,,,,,,Algorithms (design and analysis),Operations Research,,,,,,,,,,,,,,,2019,,,,,,,,,,,,,,,,,,,,,,,,,,,,,,,,,,,,,,Masculino,Masculino,Masculino,não anotado,não anotado,não anotado,não anotado
MESTRADO,https://repositorio.unicamp.br/acervo/detalhe/1095127?guid=1652811085233&returnUrl=%2fresultado%2flistar%3fguid%3d1652811085233%26quantidadePaginas%3d1%26codigoRegistro%3d1095127%231095127&i=1,orcid.org/0000-0001-9068-938X,orcid.org/0000-0002-5652-0852,orcid.org/0000-0002-8889-1586,,,,,Universidade Estadual de Campinas,23,Sandra Avila,no info,University of Sheffield,Roberto Lotufo,no info,Jefersson A. dos Santos,no info,Pattern Recognition, Image Processing,,,,,Universidade Estadual de Campinas,,,,,,,,,,,,, Content-Based Image Retrieval, Remote Sensing,,,,,,,,,,,,,,,2019,,,,,,,,,,,,,,,,,,,,,,,,,,,,,,,,,,,,,,Feminino,Masculino,Masculino,não anotado,não anotado,não anotado,não anotado
MESTRADO,https://repositorio.unicamp.br/acervo/detalhe/1097137?guid=1652811136333&returnUrl=%2fresultado%2flistar%3fguid%3d1652811136333%26quantidadePaginas%3d1%26codigoRegistro%3d1097137%231097137&i=1,orcid.org/0000-0002-4830-5298,orcid.org/0000-0002-6137-874X,orcid.org/0000-0001-9152-0658,,,,,Universidade Estadual de Campinas,24,Maria Cecilia Calani Baranauskas,Brazil,no info,JULIAN GUTIERREZ POSADA,Colombia,Ricardo Caceffo,no info,,,HCI,Socially Aware Design,Organizational Semiotics,Participatory Design,Universidad del Quindío,,,,,,,,,,,,,,,,,,,,,,,,,,,,,2019,,,,,,,,,,,,,,,,,,,,,,,,,,,,,,,,,,,,,,Feminino,Masculino,Masculino,não anotado,não anotado,não anotado,não anotado
MESTRADO,https://repositorio.unicamp.br/acervo/detalhe/1095898?guid=1652811185296&returnUrl=%2fresultado%2flistar%3fguid%3d1652811185296%26quantidadePaginas%3d1%26codigoRegistro%3d1095898%231095898&i=1,orcid.org/0000-0003-4462-3325,orcid.org/0000-0003-4237-4281,orcid.org/0000-0003-1381-4794,,,,,University of Campinas,25,Orlando Lee,no info,University of Sao Paulo,C. N. Campos,Brazil,Maycon Sambinelli,no info,,,,,,,University of Campinas,,,,,,,,,,,,,,,,,,,,,,,,,,,,,2019,,,,,,,,,,,,,,,,,,,,,,,,,,,,,,,,,,,,,,Masculino,Feminino,Masculino,não anotado,não anotado,não anotado,não anotado
MESTRADO,https://repositorio.unicamp.br/acervo/detalhe/1127232?guid=1652811215905&returnUrl=%2fresultado%2flistar%3fguid%3d1652811215905%26quantidadePaginas%3d1%26codigoRegistro%3d1127232%231127232&i=1,orcid.org/0000-0003-2046-602X,orcid.org/0000-0001-9756-378X,orcid.org/0000-0002-1180-2637,,,,,Universidade Estadual de Campinas,26,Nelson L. S. da Fonseca,no info,UNICAMP - University of Campinas,"Figueiredo, G.B.",no info,Edmundo Madeira,no info,,,,,,,Federal University of Bahia,,,,,,,,,,,,,,,,,,,,,,,,,,,,,2019,,,,,,,,,,,,,,,,,,,,,,,,,,,,,,,,,,,,,,Masculino,Masculino,Masculino,não anotado,não anotado,não anotado,não anotado
MESTRADO,https://repositorio.unicamp.br/acervo/detalhe/1095870?guid=1652811258853&returnUrl=%2fresultado%2flistar%3fguid%3d1652811258853%26quantidadePaginas%3d1%26codigoRegistro%3d1095870%231095870&i=10,orcid.org/0000-0003-4869-5190,orcid.org/0000-0003-1140-4513,orcid.org/0000-0002-5652-0852,,,,,Universidade Estadual de Campinas,27,Guido Araujo,no info,Universidade Estadual de Campinas,Marcio M. Pereira,Brazil,Roberto Lotufo,no info,,,,,,,no info,,,,,,,,,,,,,,,,,,,,,,,,,,,,,2019,,,,,,,,,,,,,,,,,,,,,,,,,,,,,,,,,,,,,,Masculino,Masculino,Masculino,não anotado,não anotado,não anotado,não anotado
MESTRADO,https://repositorio.unicamp.br/acervo/detalhe/1095682?guid=1652811330295&returnUrl=%2fresultado%2flistar%3fguid%3d1652811330295%26quantidadePaginas%3d1%26codigoRegistro%3d1095682%231095682&i=3,orcid.org/0000-0003-3333-6822,orcid.org/0000-0002-0472-4810,sem orcid,,,,,University of Campinas,28,Zanoni Dias,Brazil,sem orcid,Rafael C. S. Schouery,no info,sem orcid,sem orcid,,,,,,,Universidade Estadual de Campinas,,,,,,,,,,,,,,,,,,,,,,,,,,,,,2019,,,,,,,,,,,,,,,,,,,,,,,,,,,,,,,,,,,,,,Masculino,Masculino,sem orcid,não anotado,não anotado,não anotado,não anotado
MESTRADO,https://repositorio.unicamp.br/acervo/detalhe/1096946?guid=1652811360593&returnUrl=%2fresultado%2flistar%3fguid%3d1652811360593%26quantidadePaginas%3d1%26codigoRegistro%3d1096946%231096946&i=2,orcid.org/0000-0002-5564-698X,orcid.org/0000-0003-4869-5190,sem orcid,,,,,University of Campinas,29,Lucas Wanner,no info,sem orcid,Guido Araujo,no info,sem orcid,sem orcid,,,,,,,Universidade Estadual de Campinas,,,,,,,,,,,,,,,,,,,,,,,,,,,,,2019,,,,,,,,,,,,,,,,,,,,,,,,,,,,,,,,,,,,,,Masculino,Masculino,sem orcid,não anotado,não anotado,não anotado,não anotado
MESTRADO,https://repositorio.unicamp.br/acervo/detalhe/1157337?guid=1652811412322&returnUrl=%2fresultado%2flistar%3fguid%3d1652811412322%26quantidadePaginas%3d1%26codigoRegistro%3d1157337%231157337&i=2,orcid.org/0000-0002-8603-699X,orcid.org/0000-0002-5591-3750,orcid.org/0000-0002-9539-6874,,,,,University of Campinas,30,Juliana Freitag Borin,Brazil,Universidade Estadual de Campinas,Jo Ueyama,no info,Sandro Rigo,Brazil,Computer Architecture,Compilers,Internet of Things, Smart Cities, Computer network protocols,,Universidade de São Paulo Instituto de Ciências Matemáticas e de Computação,,,,,,,,,,,,,Code Optimization,High-Performance Computing,,,,,,,,,,,,,,,2019,,,,,,,,,,,,,,,,,,,,,,,,,,,,,,,,,,,,,,Feminino,Masculino,Masculino,não anotado,não anotado,não anotado,não anotado
MESTRADO,https://repositorio.unicamp.br/acervo/detalhe/1126239?guid=1652811497203&returnUrl=%2fresultado%2flistar%3fguid%3d1652811497203%26quantidadePaginas%3d1%26codigoRegistro%3d1126239%231126239&i=1,orcid.org/0000-0003-0467-3133,orcid.org/0000-0003-4929-7258,orcid.org/0000-0001-9068-938X,,,,,Universidade Estadual de Campinas,31,Esther Luna Colombini,no info,Universidade Estadual de Campinas,Agma Traina,no info,Sandra Avila,no info,,,,,,,Universidade de São Paulo Instituto de Ciências Matemáticas e de Computação,,,,,,,,,,,,,,,,,,,,,,,,,,,,,2019,,,,,,,,,,,,,,,,,,,,,,,,,,,,,,,,,,,,,,Feminino,Feminino,Feminino,não anotado,não anotado,não anotado,não anotado
MESTRADO,https://repositorio.unicamp.br/acervo/detalhe/1128708?guid=1652811512190&returnUrl=%2fresultado%2flistar%3fguid%3d1652811512190%26quantidadePaginas%3d1%26codigoRegistro%3d1128708%231128708&i=1,orcid.org/0000-0003-4290-6508,orcid.org/0000-0002-6804-1453,orcid.org/0000-0002-7603-9695,,,,,no info,32,Eliane Martins,no info,Universidade Estadual de Campinas,Emilia Villani,Brazil,Leonardo Montecchi,Norway,,,,,,,Instituto Tecnológico de Aeronáutica,,,,,,,,,,,,,,,,,,,,,,,,,,,,,2019,,,,,,,,,,,,,,,,,,,,,,,,,,,,,,,,,,,,,,Feminino,Feminino,Masculino,não anotado,não anotado,não anotado,não anotado
MESTRADO,https://repositorio.unicamp.br/acervo/detalhe/1097684?guid=1652811558719&returnUrl=%2fresultado%2flistar%3fguid%3d1652811558719%26quantidadePaginas%3d1%26codigoRegistro%3d1097684%231097684&i=2,orcid.org/0000-0003-0125-630X,orcid.org/0000-0003-0467-3133,orcid.org/0000-0003-2277-4632,,,,,University of Campinas,33,Helio Pedrini,Brazil,no info,Esther Luna Colombini,no info,Rodrigo Minetto,no info,,,image and video processing; machine learning; computer vision,,,,Universidade Estadual de Campinas,,,,,,,,,,,,,,,,,,,,,,,,,,,,,2019,,,,,,,,,,,,,,,,,,,,,,,,,,,,,,,,,,,,,,Masculino,Feminino,Masculino,não anotado,não anotado,não anotado,não anotado
MESTRADO,https://repositorio.unicamp.br/acervo/detalhe/1126948?guid=1652811575596&returnUrl=%2fresultado%2flistar%3fguid%3d1652811575596%26quantidadePaginas%3d1%26codigoRegistro%3d1126948%231126948&i=2,orcid.org/0000-0003-4869-5190,orcid.org/0000-0002-5270-4427,orcid.org/0000-0003-1140-4513,,,,,Universidade Estadual de Campinas,34,Guido Araujo,no info,no info,Fabio Gozzo,no info,Marcio M. Pereira,Brazil,,,,,,,no info,,,,,,,,,,,,,,,,,,,,,,,,,,,,,2019,,,,,,,,,,,,,,,,,,,,,,,,,,,,,,,,,,,,,,Masculino,Masculino,Masculino,não anotado,não anotado,não anotado,não anotado
DOUTORADO,https://repositorio.unicamp.br/acervo/detalhe/1081374?guid=1652811631162&returnUrl=%2fresultado%2flistar%3fguid%3d1652811631162%26quantidadePaginas%3d1%26codigoRegistro%3d1081374%231081374&i=1,orcid.org/0000-0003-4869-5190,orcid.org/0000-0001-5227-7165,sem orcid,orcid.org/0000-0002-6731-1482,orcid.org/0000-0002-5564-698X,,,Universidade Estadual de Campinas,35,Guido Araujo,no info,sem orcid,Marcos Simplicio,Brazil,sem orcid,sem orcid,,,,,,,Universidade de São Paulo,University of Campinas,,Julio Cesar Lopez Hernandez,Mexico,,,,,no info,Lucas Wanner,no info,,,,,,,,,,,,,,,,,,2019,,,,,,,,,,,,,,,,,,,,,,,,,,,,,,,,,,,,,,Masculino,Masculino,sem orcid,Masculino,Masculino,não anotado,não anotado
DOUTORADO,https://repositorio.unicamp.br/acervo/detalhe/1082432?guid=1652811679276&returnUrl=%2fresultado%2flistar%3fguid%3d1652811679276%26quantidadePaginas%3d1%26codigoRegistro%3d1082432%231082432&i=3,orcid.org/0000-0001-6305-9059,sem orcid,orcid.org/0000-0003-0524-3274,orcid.org/0000-0002-1180-2637,orcid.org/0000-0003-3109-4305,,,Universidade Estadual de Campinas,36,Luiz Fernando Bittencourt,no info,Univesity of Sao Paulo,sem orcid,sem orcid,Julio Cezar Estrella,Brazil,Distributed Systems, Cloud Computing,,,,,sem orcid,Universidade Estadual de Campinas (UNICAMP),,Edmundo Madeira,no info,,,,,UNICAMP - University of Campinas,Christian Esteve Rothenberg,no info,, Internet of Things,,,,,,,,,,,,,,,,2019,,,,,,,,,,,,,,,,,,,,,,,,,,,,,,,,,,,,,,Masculino,sem orcid,Masculino,Masculino,Masculino,não anotado,não anotado
DOUTORADO,https://repositorio.unicamp.br/acervo/detalhe/1089611?guid=1652811753656&returnUrl=%2fresultado%2flistar%3fguid%3d1652811753656%26quantidadePaginas%3d1%26codigoRegistro%3d1089611%231089611&i=1,orcid.org/0000-0003-0125-630X,sem orcid,sem orcid,orcid.org/0000-0002-1941-6036,orcid.org/0000-0002-1756-4852,,,University of Campinas,37,Helio Pedrini,Brazil,sem orcid,sem orcid,sem orcid,sem orcid,sem orcid,,,image and video processing; machine learning; computer vision,,,,sem orcid,Universidade Estadual de Campinas,,Marco Antonio Garcia de Carvalho,Brazil,,,,,Universidade Estadual de Campinas,André Santanchè,no info,,,,,,,,,,image segmentation,graphs,image processing,,,,,,2019,,,,,,,digital education,pattern recognition,,,,,,,,,,,,,,,,,,,,,,,,,,,,,,Masculino,sem orcid,sem orcid,Masculino,Masculino,não anotado,não anotado
DOUTORADO,https://repositorio.unicamp.br/acervo/detalhe/1092459?guid=1652811785404&returnUrl=%2fresultado%2flistar%3fguid%3d1652811785404%26quantidadePaginas%3d1%26codigoRegistro%3d1092459%231092459&i=2,orcid.org/0000-0001-9772-263X,sem orcid,orcid.org/0000-0003-2430-2030,orcid.org/0000-0002-0512-506X,orcid.org/0000-0002-8972-080X,,,Universidade Estadual de Campinas,38,Ricardo Torres,Netherlands,Universidade Federal do Paraná,sem orcid,sem orcid,David Menotti,no info,,,multimedia retrieval,multimedia classification,machine learning,information visualization,sem orcid,State University of Campinas,,Alexandre Ferreira,no info,,,,,no info,Fábio Usberti,no info,,,,,,,,,,,,,,,,,,2019,data science,,,,,,,,,,,,,,,,,,,,,,,,,,,,,,,,,,,,,Masculino,sem orcid,Masculino,Masculino,Masculino,não anotado,não anotado
DOUTORADO,https://repositorio.unicamp.br/acervo/detalhe/1093195?guid=1652811858779&returnUrl=%2fresultado%2flistar%3fguid%3d1652811858779%26quantidadePaginas%3d1%26codigoRegistro%3d1093195%231093195&i=11,orcid.org/0000-0003-1783-4231,orcid.org/0000-0002-5591-3750,orcid.org/0000-0002-8007-9817,orcid.org/0000-0002-1180-2637,orcid.org/0000-0001-6305-9059,,,Universidade Estadual de Campinas,39,Edson Borin,no info,PUC-Rio,Jo Ueyama,no info,Markus Endler,Brazil,,,,,,,Universidade de São Paulo Instituto de Ciências Matemáticas e de Computação,Universidade Estadual de Campinas,,Edmundo Madeira,no info,,,,,UNICAMP - University of Campinas,Luiz Fernando Bittencourt,no info,,,,,,,,,,,,,,,,,,2019,,,,,,,,,,,,,,,,,,,,,,,,,,,,,,,,,,,,,,Masculino,Masculino,Masculino,Masculino,Masculino,não anotado,não anotado
DOUTORADO,https://repositorio.unicamp.br/acervo/detalhe/1127094?guid=1652811920746&returnUrl=%2fresultado%2flistar%3fguid%3d1652811920746%26quantidadePaginas%3d1%26codigoRegistro%3d1127094%231127094&i=1,orcid.org/0000-0003-2046-602X,orcid.org/0000-0002-1180-2637,sem orcid,sem orcid,,,,Universidade Estadual de Campinas,40,Nelson L. S. da Fonseca,no info,sem orcid,Edmundo Madeira,no info,sem orcid,sem orcid,,,,,,,UNICAMP - University of Campinas,,,sem orcid,sem orcid,,,,,sem orcid,,,,,,,,,,,,,,,,,,,,2019,,,,,,,,,,,,,,,,,,,,,,,,,,,,,,,,,,,,,,Masculino,Masculino,sem orcid,sem orcid,não anotado,não anotado,não anotado
DOUTORADO,https://repositorio.unicamp.br/acervo/detalhe/1093544?guid=1652811956822&returnUrl=%2fresultado%2flistar%3fguid%3d1652811956822%26quantidadePaginas%3d1%26codigoRegistro%3d1093544%231093544&i=1,orcid.org/0000-0002-9545-2098,orcid.org/0000-0002-7941-6281,sem orcid,orcid.org/0000-0002-1756-4852,orcid.org/0000-0002-7603-9695,,,Universidade Estadual de Campinas (UNICAMP),41,Julio Cesar Dos Reis,no info,sem orcid,Renato Fileto,no info,sem orcid,sem orcid,,,,,,,Universidade Federal de Santa Catarina,Universidade Estadual de Campinas,,André Santanchè,no info,,,,,Universidade Estadual de Campinas,Leonardo Montecchi,Norway,,,,,,,,,,,,,,,,,,2019,,,,,,,,,,,,,,,,,,,,,,,,,,,,,,,,,,,,,,Masculino,Masculino,sem orcid,Masculino,Masculino,não anotado,não anotado
DOUTORADO,https://repositorio.unicamp.br/acervo/detalhe/1095922?guid=1652811991124&returnUrl=%2fresultado%2flistar%3fguid%3d1652811991124%26quantidadePaginas%3d1%26codigoRegistro%3d1095922%231095922&i=4,orcid.org/0000-0003-1908-4753,sem orcid,sem orcid,orcid.org/0000-0002-9545-2098,orcid.org/0000-0001-8309-6367,,,Universidade Estadual de Campinas Instituto de Computação,42,Claudia Medeiros,Brazil,sem orcid,sem orcid,sem orcid,sem orcid,sem orcid,,,Scientific data management, Data interoperability, Open Science,,sem orcid,Universidade Estadual de Campinas,,Julio Cesar Dos Reis,no info,,,,,Universidade Estadual de Campinas (UNICAMP),Ariadne Carvalho,no info,,,,,,,,,,,,,,,,,,2019,,,,,,,,,,,,,,,,,,,,,,,,,,,,,,,,,,,,,,Feminino,sem orcid,sem orcid,Masculino,Feminino,não anotado,não anotado
DOUTORADO,https://repositorio.unicamp.br/acervo/detalhe/1127063?guid=1652812025878&returnUrl=%2fresultado%2flistar%3fguid%3d1652812025878%26quantidadePaginas%3d1%26codigoRegistro%3d1127063%231127063&i=1,orcid.org/0000-0003-2046-602X,sem orcid,orcid.org/0000-0001-9756-378X,orcid.org/0000-0002-8972-080X,orcid.org/0000-0002-1180-2637,,,Universidade Estadual de Campinas,43,Nelson L. S. da Fonseca,no info,Federal University of Bahia,sem orcid,sem orcid,"Figueiredo, G.B.",no info,,,,,,,sem orcid,UNICAMP - University of Campinas,,Fábio Usberti,no info,,,,,State University of Campinas,Edmundo Madeira,no info,,,,,,,,,,,,,,,,,,2019,,,,,,,,,,,,,,,,,,,,,,,,,,,,,,,,,,,,,,Masculino,sem orcid,Masculino,Masculino,Masculino,não anotado,não anotado
DOUTORADO,https://repositorio.unicamp.br/acervo/detalhe/1095424?guid=1652812126028&returnUrl=%2fresultado%2flistar%3fguid%3d1652812126028%26quantidadePaginas%3d1%26codigoRegistro%3d1095424%231095424&i=4,orcid.org/0000-0003-0125-630X,orcid.org/0000-0003-2430-2030,orcid.org/0000-0001-8597-4987,orcid.org/0000-0002-6197-2626,orcid.org/0000-0002-0512-506X,,,University of Campinas,44,Helio Pedrini,Brazil,Universidade Federal do ABC,David Menotti,no info,Ronaldo Prati,no info,data mining, machine learning,image and video processing; machine learning; computer vision,,,,Universidade Federal do Paraná,no info,,T. V. Spina,no info,,,,,Microsoft Research,Alexandre Ferreira,no info,, artificial intelligence,,,,,,,,,,,,,,,,2019,,,,,,,,,,,,,,,,,,,,,,,,,,,,,,,,,,,,,,Masculino,Masculino,Masculino,Masculino,Masculino,não anotado,não anotado
DOUTORADO,https://repositorio.unicamp.br/acervo/detalhe/1126968?guid=1652812168881&returnUrl=%2fresultado%2flistar%3fguid%3d1652812168881%26quantidadePaginas%3d1%26codigoRegistro%3d1126968%231126968&i=3,orcid.org/0000-0002-2914-5380,sem orcid,orcid.org/0000-0002-5163-2986,orcid.org/0000-0003-4879-7015,orcid.org/0000-0003-4344-1263,,,Universidade Estadual de Campinas,45,Alexandre Falcao,Brazil,Pontifical Catholic University of Goiás,sem orcid,sem orcid,Clarimar Coelho,no info,,,image processing, visualization, and analysis, (interactive) machine learning ,sem orcid,Universidade Estadual de Campinas,,Stanley Oliveira,Brazil,,,,,Embrapa Agricultura Digital,Rubens Augusto Camargo Lamparelli,no info,,,,,,,,,,Data mining; Machine Lerning; Digital Agriculture,,,,,,,,2019,,,,,,,,,,,,,,,,,,,,,,,,,,,,,,,,,,,,,,Masculino,sem orcid,Masculino,Masculino,Masculino,não anotado,não anotado
DOUTORADO,https://repositorio.unicamp.br/acervo/detalhe/1101154?guid=1652812212230&returnUrl=%2fresultado%2flistar%3fguid%3d1652812212230%26quantidadePaginas%3d1%26codigoRegistro%3d1101154%231101154&i=1,orcid.org/0000-0002-4236-8212,orcid.org/0000-0003-4929-7258,orcid.org/0000-0002-2867-4838,orcid.org/0000-0003-0467-3133,orcid.org/0000-0002-0456-7640,,,Universidade Estadual de Campinas,46,Anderson Rocha,Brazil,Universidade Estadual Paulista Júlio de Mesquita Filho,Agma Traina,no info,Daniel Carlos Guimarães Pedronette,Brazil,,,Machine Intelligence; Digital Forensics; Reasoning for Complex Data,,,,Universidade de São Paulo Instituto de Ciências Matemáticas e de Computação,University of Campinas (Unicamp),,Esther Luna Colombini,no info,,,,,Universidade Estadual de Campinas,Lin Tzy Li,Brazil,,,,,,,,,,,,,,,,,,2019,,,,,,,,,,,,,,,,,,,,,,,,,,,,,,,,,,,,,,Masculino,Feminino,Masculino,Feminino,Feminino,não anotado,não anotado
DOUTORADO,https://repositorio.unicamp.br/acervo/detalhe/1126430?guid=1652812312737&returnUrl=%2fresultado%2flistar%3fguid%3d1652812312737%26quantidadePaginas%3d1%26codigoRegistro%3d1126430%231126430&i=1,orcid.org/0000-0002-5945-0845,sem orcid,orcid.org/0000-0001-6476-4534,sem orcid,orcid.org/0000-0001-6030-2682,,,Universidade Estadual de Campinas,47,Cid de Souza,Brazil,Universidade de São Paulo,sem orcid,sem orcid,Mário César San Felice,Brazil,Approximation Algorithms,Facility Location Problems,Integer Programming,Combinatorial Optimization,Algorithms (design and analysis),Operations Research,sem orcid,University of Campinas,,sem orcid,sem orcid,,,,,sem orcid,Eduardo C. Xavier,Brazil,,Network Design Problems,Randomized Algorithms,,,,,,Combinatorial Optimization,,,,,,,,,2019,,,,,,,,,,,Online Algorithms,Competitive Analysis,,,,,,,,,,,,,,,,,,,,,,,,,,Masculino,sem orcid,Masculino,sem orcid,Masculino,não anotado,não anotado
DOUTORADO,https://repositorio.unicamp.br/acervo/detalhe/1097898?guid=1652812369662&returnUrl=%2fresultado%2flistar%3fguid%3d1652812369662%26quantidadePaginas%3d1%26codigoRegistro%3d1097898%231097898&i=1,orcid.org/0000-0002-3372-3366,orcid.org/0000-0002-5250-1785,orcid.org/0000-0002-7789-3359,orcid.org/0000-0002-8603-699X,orcid.org/0000-0002-6023-5982,,,Universidade Estadual de Campinas,48,Leandro Villas,Brazil,Universidade Federal do Rio de Janeiro,Antonio A. F. Loureiro,no info,Luís Henrique M. K. Costa,no info,,,,,,,Universidade Federal de Minas Gerais,University of Campinas,,Juliana Freitag Borin,Brazil,,,,,University of Campinas,Islene Calciolari Garcia,no info,,,,,,,,,,Internet of Things, Smart Cities, Computer network protocols,,,,,,2019,,,,,,,,,,,,,,,,,,,,,,,,,,,,,,,,,,,,,,Masculino,Masculino,Masculino,Feminino,Feminino,não anotado,não anotado
DOUTORADO,https://repositorio.unicamp.br/acervo/detalhe/1126478?guid=1652812479554&returnUrl=%2fresultado%2flistar%3fguid%3d1652812479554%26quantidadePaginas%3d1%26codigoRegistro%3d1126478%231126478&i=2,orcid.org/0000-0003-3333-6822,orcid.org/0000-0003-0602-6298,orcid.org/0000-0001-6822-931X,orcid.org/0000-0003-4462-3325,orcid.org/0000-0003-2608-4807,,,University of Campinas,49,Zanoni Dias,Brazil,University of Brasilia,Carla Negri Lintzmayer,Brazil,Maria Emilia Walter,Brazil,bioinformatics, non-coding RNAs,,,,,Universidade Federal do ABC,Universidade Estadual de Campinas,,Orlando Lee,no info,,,,,University of Campinas,Guilherme P. Telles,Brazil,, genomics, transcriptomics,,,,,, genome rearrangements,,,,,,,,,2019,,,,,,,,,,,,,,,,,,,,,,,,,,,,,,,,,,,,,,Masculino,Feminino,Feminino,Masculino,Masculino,não anotado,não anotado
MESTRADO,https://repositorio.unicamp.br/acervo/detalhe/1126943?guid=1652812696474&returnUrl=%2fresultado%2flistar%3fguid%3d1652812696474%26quantidadePaginas%3d1%26codigoRegistro%3d1126943%231126943&i=3,orcid.org/0000-0002-3372-3366,orcid.org/0000-0002-1180-2637,orcid.org/0000-0003-4523-6466,,,,,Universidade Estadual de Campinas,0,Leandro Villas,Brazil,Universidade Federal de Alagoas,Edmundo Madeira,no info,Heitor S. Ramos,Brazil,,,,,,,UNICAMP - University of Campinas,,,,,,,,,,,,,,,,,,,,,,,,,,,,,2020,,,,,,,,,,,,,,,,,,,,,,,,,,,,,,,,,,,,,,Masculino,Masculino,Masculino,não anotado,não anotado,não anotado,não anotado
MESTRADO,https://repositorio.unicamp.br/acervo/detalhe/1128707?guid=1652812735276&returnUrl=%2fresultado%2flistar%3fguid%3d1652812735276%26quantidadePaginas%3d1%26codigoRegistro%3d1128707%231128707&i=1,orcid.org/0000-0002-8603-699X,orcid.org/0000-0001-6816-208X,orcid.org/0000-0002-5564-698X,,,,,University of Campinas,1,Juliana Freitag Borin,Brazil,University of Campinas,Kalinka Branco,no info,Lucas Wanner,no info,,,Internet of Things, Smart Cities, Computer network protocols,,no info,,,,,,,,,,,,,,,,,,,,,,,,,,,,,2020,,,,,,,,,,,,,,,,,,,,,,,,,,,,,,,,,,,,,,Feminino,Feminino,Masculino,não anotado,não anotado,não anotado,não anotado
MESTRADO,https://repositorio.unicamp.br/acervo/detalhe/1128689?guid=1652812777116&returnUrl=%2fresultado%2flistar%3fguid%3d1652812777116%26quantidadePaginas%3d1%26codigoRegistro%3d1128689%231128689&i=1,orcid.org/0000-0003-0125-630X,sem orcid,orcid.org/0000-0003-0467-3133,,,,,University of Campinas,2,Helio Pedrini,Brazil,Universidade Estadual de Campinas,sem orcid,sem orcid,Esther Luna Colombini,no info,,,image and video processing; machine learning; computer vision,,,,sem orcid,,,,,,,,,,,,,,,,,,,,,,,,,,,,,2020,,,,,,,,,,,,,,,,,,,,,,,,,,,,,,,,,,,,,,Masculino,sem orcid,Feminino,não anotado,não anotado,não anotado,não anotado
MESTRADO,https://repositorio.unicamp.br/acervo/detalhe/1127108?guid=1652812837643&returnUrl=%2fresultado%2flistar%3fguid%3d1652812837643%26quantidadePaginas%3d1%26codigoRegistro%3d1127108%231127108&i=1,orcid.org/0000-0003-0125-630X,orcid.org/0000-0002-0512-506X,orcid.org/0000-0001-8597-4987,,,,,University of Campinas,3,Helio Pedrini,Brazil,Universidade Federal do ABC,Alexandre Ferreira,no info,Ronaldo Prati,no info,data mining, machine learning,image and video processing; machine learning; computer vision,,,,no info,,,,,,,,,,,,, artificial intelligence,,,,,,,,,,,,,,,,2020,,,,,,,,,,,,,,,,,,,,,,,,,,,,,,,,,,,,,,Masculino,Masculino,Masculino,não anotado,não anotado,não anotado,não anotado
MESTRADO,https://repositorio.unicamp.br/acervo/detalhe/1128679?guid=1652812867615&returnUrl=%2fresultado%2flistar%3fguid%3d1652812867615%26quantidadePaginas%3d1%26codigoRegistro%3d1128679%231128679&i=2,orcid.org/0000-0003-0125-630X,orcid.org/0000-0003-2608-4807,orcid.org/0000-0002-7006-1621,,,,,University of Campinas,4,Helio Pedrini,Brazil,no info,Guilherme P. Telles,Brazil,Rodrigo Mologni Gonçalves dos Santos,no info,,,image and video processing; machine learning; computer vision,,,,Universidade Estadual de Campinas,,,,,,,,,,,,,,,,,,,,,,,,,,,,,2020,,,,,,,,,,,,,,,,,,,,,,,,,,,,,,,,,,,,,,Masculino,Masculino,Masculino,não anotado,não anotado,não anotado,não anotado
MESTRADO,https://repositorio.unicamp.br/acervo/detalhe/1129306?guid=1652812901351&returnUrl=%2fresultado%2flistar%3fguid%3d1652812901351%26quantidadePaginas%3d1%26codigoRegistro%3d1129306%231129306&i=2,orcid.org/0000-0002-1756-4852,orcid.org/0000-0003-0125-630X,orcid.org/0000-0002-8746-1680,,,,,Universidade Estadual de Campinas,5,André Santanchè,no info,"University of Groningen, University Medical Center Groningen",Helio Pedrini,Brazil,Dario Cecilio-Fernandes,Brazil,Cognitive Psychology,Medical Education,,,,,University of Campinas,,,,,,,,,,,,,Assessment,Psychometric,image and video processing; machine learning; computer vision,,,,,,,,,,,,,,2020,,,,,,,,,,,,,,,,,,,,,,,,,,,,,,,,,,,,,,Masculino,Masculino,Masculino,não anotado,não anotado,não anotado,não anotado
MESTRADO,https://repositorio.unicamp.br/acervo/detalhe/1127261?guid=1652812931931&returnUrl=%2fresultado%2flistar%3fguid%3d1652812931931%26quantidadePaginas%3d1%26codigoRegistro%3d1127261%231127261&i=1,orcid.org/0000-0002-9545-2098,orcid.org/0000-0001-9772-263X,sem orcid,,,,,Universidade Estadual de Campinas (UNICAMP),6,Julio Cesar Dos Reis,no info,sem orcid,Ricardo Torres,Netherlands,sem orcid,sem orcid,,,,,,,Universidade Estadual de Campinas,,,,,,,,,,,,,,,multimedia retrieval,multimedia classification,machine learning,information visualization,data science,,,,,,,,,,2020,,,,,,,,,,,,,,,,,,,,,,,,,,,,,,,,,,,,,,Masculino,Masculino,sem orcid,não anotado,não anotado,não anotado,não anotado
MESTRADO,https://repositorio.unicamp.br/acervo/detalhe/1129083?guid=1652812966440&returnUrl=%2fresultado%2flistar%3fguid%3d1652812966440%26quantidadePaginas%3d1%26codigoRegistro%3d1129083%231129083&i=1,orcid.org/0000-0001-9772-263X,orcid.org/0000-0003-2277-4632,orcid.org/0000-0001-7266-9211,,,,,Universidade Estadual de Campinas,7,Ricardo Torres,Netherlands,Newcastle University,Rodrigo Minetto,no info,Marcos Cirne,no info,,,multimedia retrieval,multimedia classification,machine learning,information visualization,no info,,,,,,,,,,,,,,,,,,,,,,,,,,,,,2020,data science,,,,,,,,,,,,,,,,,,,,,,,,,,,,,,,,,,,,,Masculino,Masculino,Masculino,não anotado,não anotado,não anotado,não anotado
MESTRADO,https://repositorio.unicamp.br/acervo/detalhe/1128918?guid=1652812985676&returnUrl=%2fresultado%2flistar%3fguid%3d1652812985676%26quantidadePaginas%3d1%26codigoRegistro%3d1128918%231128918&i=1,orcid.org/0000-0001-9772-263X,orcid.org/0000-0003-2277-4632,orcid.org/0000-0002-0512-506X,,,,,Universidade Estadual de Campinas,8,Ricardo Torres,Netherlands,no info,Rodrigo Minetto,no info,Alexandre Ferreira,no info,,,multimedia retrieval,multimedia classification,machine learning,information visualization,no info,,,,,,,,,,,,,,,,,,,,,,,,,,,,,2020,data science,,,,,,,,,,,,,,,,,,,,,,,,,,,,,,,,,,,,,Masculino,Masculino,Masculino,não anotado,não anotado,não anotado,não anotado
MESTRADO,https://repositorio.unicamp.br/acervo/detalhe/1129149?guid=1652813016948&returnUrl=%2fresultado%2flistar%3fguid%3d1652813016948%26quantidadePaginas%3d1%26codigoRegistro%3d1129149%231129149&i=1,orcid.org/0000-0001-5201-1244,orcid.org/0000-0003-0125-630X,orcid.org/0000-0001-7509-5532,,,,,no info,9,Jacques Wainer,Brazil,Universidade Federal do ABC,Helio Pedrini,Brazil,Jesús P. Mena-Chalco,no info,,,,,,,University of Campinas,,,,,,,,,,,,,,,image and video processing; machine learning; computer vision,,,,,,,,,,,,,,2020,,,,,,,,,,,,,,,,,,,,,,,,,,,,,,,,,,,,,,Masculino,Masculino,Masculino,não anotado,não anotado,não anotado,não anotado
MESTRADO,https://repositorio.unicamp.br/acervo/detalhe/1128803?guid=1652813047725&returnUrl=%2fresultado%2flistar%3fguid%3d1652813047725%26quantidadePaginas%3d1%26codigoRegistro%3d1128803%231128803&i=1,orcid.org/0000-0003-4869-5190,sem orcid,orcid.org/0000-0001-9772-263X,,,,,Universidade Estadual de Campinas,10,Guido Araujo,no info,Universidade Estadual de Campinas,sem orcid,sem orcid,Ricardo Torres,Netherlands,multimedia retrieval,multimedia classification,,,,,sem orcid,,,,,,,,,,,,,machine learning,information visualization,,,,,,data science,,,,,,,,,2020,,,,,,,,,,,,,,,,,,,,,,,,,,,,,,,,,,,,,,Masculino,sem orcid,Masculino,não anotado,não anotado,não anotado,não anotado
MESTRADO,https://repositorio.unicamp.br/acervo/detalhe/1128895?guid=1652813082295&returnUrl=%2fresultado%2flistar%3fguid%3d1652813082295%26quantidadePaginas%3d1%26codigoRegistro%3d1128895%231128895&i=1,orcid.org/0000-0003-4869-5190,sem orcid,orcid.org/0000-0001-5994-6560,,,,,Universidade Estadual de Campinas,11,Guido Araujo,no info,IBM,sem orcid,sem orcid,Niederauer Mastelari,Brazil,Industrial Automation,Instrumentation,,,,,sem orcid,,,,,,,,,,,,,Two Phase Flow Measurement,Energy Harvesting,,,,,,,,,,,,,,,2020,,,,,,,,,,,,,,,,,,,,,,,,,,,,,,,,,,,,,,Masculino,sem orcid,Masculino,não anotado,não anotado,não anotado,não anotado
MESTRADO,https://repositorio.unicamp.br/acervo/detalhe/1129459?guid=1652813135507&returnUrl=%2fresultado%2flistar%3fguid%3d1652813135507%26quantidadePaginas%3d1%26codigoRegistro%3d1129459%231129459&i=1,orcid.org/0000-0002-3159-4839,orcid.org/0000-0001-9068-938X,sem orcid,,,,,State University of Campinas,12,Jorge Stolfi,no info,sem orcid,Sandra Avila,no info,sem orcid,sem orcid,,,,,,,Universidade Estadual de Campinas,,,,,,,,,,,,,,,,,,,,,,,,,,,,,2020,,,,,,,,,,,,,,,,,,,,,,,,,,,,,,,,,,,,,,Masculino,Feminino,sem orcid,não anotado,não anotado,não anotado,não anotado
MESTRADO,https://repositorio.unicamp.br/acervo/detalhe/1129354?guid=1652813164600&returnUrl=%2fresultado%2flistar%3fguid%3d1652813164600%26quantidadePaginas%3d1%26codigoRegistro%3d1129354%231129354&i=1,orcid.org/0000-0003-0467-3133,orcid.org/0000-0003-0125-630X,orcid.org/0000-0001-9097-827X,,,,,Universidade Estadual de Campinas,13,Esther Luna Colombini,no info,Centro Universitário da FEI,Helio Pedrini,Brazil,Reinaldo A. C. Bianchi,no info,,,,,,,University of Campinas,,,,,,,,,,,,,,,image and video processing; machine learning; computer vision,,,,,,,,,,,,,,2020,,,,,,,,,,,,,,,,,,,,,,,,,,,,,,,,,,,,,,Feminino,Masculino,Masculino,não anotado,não anotado,não anotado,não anotado
MESTRADO,https://repositorio.unicamp.br/acervo/detalhe/1129256?guid=1652813201962&returnUrl=%2fresultado%2flistar%3fguid%3d1652813201962%26quantidadePaginas%3d1%26codigoRegistro%3d1129256%231129256&i=1,orcid.org/0000-0002-2914-5380,orcid.org/0000-0003-0125-630X,sem orcid,,,,,Universidade Estadual de Campinas,14,Alexandre Falcao,Brazil,sem orcid,Helio Pedrini,Brazil,sem orcid,sem orcid,,,image processing, visualization, and analysis, (interactive) machine learning ,University of Campinas,,,,,,,,,,,,,,,image and video processing; machine learning; computer vision,,,,,,,,,,,,,,2020,,,,,,,,,,,,,,,,,,,,,,,,,,,,,,,,,,,,,,Masculino,Masculino,sem orcid,não anotado,não anotado,não anotado,não anotado
MESTRADO,https://repositorio.unicamp.br/acervo/detalhe/1129257?guid=1652813235584&returnUrl=%2fresultado%2flistar%3fguid%3d1652813235584%26quantidadePaginas%3d1%26codigoRegistro%3d1129257%231129257&i=1,orcid.org/0000-0003-0467-3133,orcid.org/0000-0002-9666-3954,sem orcid,,,,,Universidade Estadual de Campinas,15,Esther Luna Colombini,no info,sem orcid,Ricardo Gudwin,Brazil,sem orcid,sem orcid,,,,,,,State University of Campinas,,,,,,,,,,,,,,,Artificial Intelligence,Cognitive Systems,Intelligent Systems,Cognitive Architectures,,,,,,,,,,,2020,,,,,,,,,,,,,,,,,,,,,,,,,,,,,,,,,,,,,,Feminino,Masculino,sem orcid,não anotado,não anotado,não anotado,não anotado
MESTRADO,https://repositorio.unicamp.br/acervo/detalhe/1129126?guid=1652813262726&returnUrl=%2fresultado%2flistar%3fguid%3d1652813262726%26quantidadePaginas%3d1%26codigoRegistro%3d1129126%231129126&i=1,orcid.org/0000-0002-3372-3366,orcid.org/0000-0001-8881-1657,orcid.org/0000-0002-5564-698X,,,,,Universidade Estadual de Campinas,16,Leandro Villas,Brazil,University of Campinas,Roberto Sadao Yokoyama,Brazil,Lucas Wanner,no info,,,,,,,Federal University of Technology - Paraná (UTFPR),,,,,,,,,,,,,,,,,,,,,,,,,,,,,2020,,,,,,,,,,,,,,,,,,,,,,,,,,,,,,,,,,,,,,Masculino,Masculino,Masculino,não anotado,não anotado,não anotado,não anotado
MESTRADO,https://repositorio.unicamp.br/acervo/detalhe/1129341?guid=1652813309774&returnUrl=%2fresultado%2flistar%3fguid%3d1652813309774%26quantidadePaginas%3d1%26codigoRegistro%3d1129341%231129341&i=1,orcid.org/0000-0002-3891-1593,orcid.org/0000-0002-9393-398X,orcid.org/0000-0002-6023-5982,,,,,Universidade Estadual de Campinas,17,mario cortes,no info,University of Campinas,Adler Souza,no info,Islene Calciolari Garcia,no info,,,,,,,UNIFEI - Universidade Federal de Itajubá,,,,,,,,,,,,,,,,,,,,,,,,,,,,,2020,,,,,,,,,,,,,,,,,,,,,,,,,,,,,,,,,,,,,,Masculino,Masculino,Feminino,não anotado,não anotado,não anotado,não anotado
MESTRADO,https://repositorio.unicamp.br/acervo/detalhe/1129339?guid=1652813335009&returnUrl=%2fresultado%2flistar%3fguid%3d1652813335009%26quantidadePaginas%3d1%26codigoRegistro%3d1129339%231129339&i=1,orcid.org/0000-0003-0467-3133,orcid.org/0000-0002-7519-0502,orcid.org/0000-0002-1534-5744,,,,,Universidade Estadual de Campinas,18,Esther Luna Colombini,no info,Universidade Estadual de Campinas (UNICAMP),Paulo Drews-Jr,Brazil,Paula Dornhofer Paro Costa,Brazil,,,,,,,Universidade Federal do Rio Grande,,,,,,,,,,,,,,,Robotics,Computer Vision,Underwater Robotics,Underwater Imaging,Underwater Vision,,,,,,,,,,2020,,,,,,,,,Pattern Recognition,,,,,,,,,,,,,,,,,,,,,,,,,,,,,Feminino,Masculino,Feminino,não anotado,não anotado,não anotado,não anotado
MESTRADO,https://repositorio.unicamp.br/acervo/detalhe/1129258?guid=1652813375456&returnUrl=%2fresultado%2flistar%3fguid%3d1652813375456%26quantidadePaginas%3d1%26codigoRegistro%3d1129258%231129258&i=2,orcid.org/0000-0003-4869-5190,orcid.org/0000-0003-1140-4513,orcid.org/0000-0002-5374-2521,,,,,Universidade Estadual de Campinas,19,Guido Araujo,no info,no info,Marcio M. Pereira,Brazil,Emilio Francesquini,Brazil,,,,,,,no info,,,,,,,,,,,,,,,,,,,,,,,,,,,,,2020,,,,,,,,,,,,,,,,,,,,,,,,,,,,,,,,,,,,,,Masculino,Masculino,Masculino,não anotado,não anotado,não anotado,não anotado
MESTRADO,https://repositorio.unicamp.br/acervo/detalhe/1129334?guid=1652813409385&returnUrl=%2fresultado%2flistar%3fguid%3d1652813409385%26quantidadePaginas%3d1%26codigoRegistro%3d1129334%231129334&i=1,orcid.org/0000-0003-3333-6822,orcid.org/0000-0003-2059-9463,orcid.org/0000-0003-0125-630X,,,,,University of Campinas,20,Zanoni Dias,Brazil,University of Campinas,Moacir Ponti,no info,Helio Pedrini,Brazil,image and video processing; machine learning; computer vision,,,,,,Universidade de São Paulo,,,,,,,,,,,,,,,,,,,,,,,,,,,,,2020,,,,,,,,,,,,,,,,,,,,,,,,,,,,,,,,,,,,,,Masculino,Masculino,Masculino,não anotado,não anotado,não anotado,não anotado
MESTRADO,https://repositorio.unicamp.br/acervo/detalhe/1129423?guid=1652813463718&returnUrl=%2fresultado%2flistar%3fguid%3d1652813463718%26quantidadePaginas%3d1%26codigoRegistro%3d1129423%231129423&i=1,orcid.org/0000-0003-0467-3133,orcid.org/0000-0002-2751-0014,orcid.org/0000-0001-9068-938X,,,,,Universidade Estadual de Campinas,21,Esther Luna Colombini,no info,Universidade Estadual de Campinas,"Castro, M.C.F.",Brazil,Sandra Avila,no info,,,,,,,Centro Universitário da FEI,,,,,,,,,,,,,,,,,,,,,,,,,,,,,2020,,,,,,,,,,,,,,,,,,,,,,,,,,,,,,,,,,,,,,Feminino,Feminino,Feminino,não anotado,não anotado,não anotado,não anotado
MESTRADO,https://repositorio.unicamp.br/acervo/detalhe/1149268?guid=1652813504539&returnUrl=%2fresultado%2flistar%3fguid%3d1652813504539%26quantidadePaginas%3d1%26codigoRegistro%3d1149268%231149268&i=1,orcid.org/0000-0002-2914-5380,orcid.org/0000-0003-0804-1790,orcid.org/0000-0003-0125-630X,,,,,Universidade Estadual de Campinas,22,Alexandre Falcao,Brazil,University of Campinas,Zenilton Patrocínio Jr,no info,Helio Pedrini,Brazil,image and video processing; machine learning; computer vision,,image processing, visualization, and analysis, (interactive) machine learning ,Pontifícia Universidade Católica de Minas Gerais,,,,,,,,,,,,,,,,,,,,,,,,,,,,,2020,,,,,,,,,,,,,,,,,,,,,,,,,,,,,,,,,,,,,,Masculino,Masculino,Masculino,não anotado,não anotado,não anotado,não anotado
MESTRADO,https://repositorio.unicamp.br/acervo/detalhe/1148929?guid=1652813533388&returnUrl=%2fresultado%2flistar%3fguid%3d1652813533388%26quantidadePaginas%3d1%26codigoRegistro%3d1148929%231148929&i=1,orcid.org/0000-0003-2608-4807,orcid.org/0000-0002-4799-8774,orcid.org/0000-0002-9545-2098,,,,,Universidade Estadual de Campinas,23,Guilherme P. Telles,Brazil,Universidade Estadual de Campinas (UNICAMP),Rosane Minghim,Ireland,Julio Cesar Dos Reis,no info,,,,,,,University of Sao Paulo,,,,,,,,,,,,,,,visualization,visual analytics,data analysis,applications,machine learning,,,,,,,,,,2020,,,,,,,,,,,,,,,,,,,,,,,,,,,,,,,,,,,,,,Masculino,Feminino,Masculino,não anotado,não anotado,não anotado,não anotado
MESTRADO,https://repositorio.unicamp.br/acervo/detalhe/1149189?guid=1652813569215&returnUrl=%2fresultado%2flistar%3fguid%3d1652813569215%26quantidadePaginas%3d1%26codigoRegistro%3d1149189%231149189&i=1,orcid.org/0000-0002-2914-5380,orcid.org/0000-0003-2256-4379,orcid.org/0000-0001-9068-938X,,,,,Universidade Estadual de Campinas,24,Alexandre Falcao,Brazil,Universidade Estadual de Campinas,Fabiano Reis,no info,Sandra Avila,no info,,,image processing, visualization, and analysis, (interactive) machine learning ,Universidade Estadual de Campinas,,,,,,,,,,,,,,,,,,,,,,,,,,,,,2020,,,,,,,,,,,,,,,,,,,,,,,,,,,,,,,,,,,,,,Masculino,Masculino,Feminino,não anotado,não anotado,não anotado,não anotado
MESTRADO,https://repositorio.unicamp.br/acervo/detalhe/1157457?guid=1652813595388&returnUrl=%2fresultado%2flistar%3fguid%3d1652813595388%26quantidadePaginas%3d1%26codigoRegistro%3d1157457%231157457&i=1,orcid.org/0000-0002-8803-0401,orcid.org/0000-0003-1783-4231,orcid.org/0000-0002-9384-8347,,,,,UNICAMP,25,Rodolfo Azevedo,Brazil,Universidade Federal de Santa Catarina,Edson Borin,no info,Luiz C. V. dos Santos,Brazil,,,,,,,Universidade Estadual de Campinas,,,,,,,,,,,,,,,,,,,,,,,,,,,,,2020,,,,,,,,,,,,,,,,,,,,,,,,,,,,,,,,,,,,,,Masculino,Masculino,Masculino,não anotado,não anotado,não anotado,não anotado
MESTRADO,https://repositorio.unicamp.br/acervo/detalhe/1149064?guid=1652813668959&returnUrl=%2fresultado%2flistar%3fguid%3d1652813668959%26quantidadePaginas%3d1%26codigoRegistro%3d1149064%231149064&i=1,orcid.org/0000-0001-9068-938X,orcid.org/0000-0002-1404-398X,orcid.org/0000-0003-0125-630X,,,,,Universidade Estadual de Campinas,26,Sandra Avila,no info,University of Campinas,Lúcio Tunes Santos,no info,Helio Pedrini,Brazil,image and video processing; machine learning; computer vision,,,,,,State University of Campinas,,,,,,,,,,,,,,,,,,,,,,,,,,,,,2020,,,,,,,,,,,,,,,,,,,,,,,,,,,,,,,,,,,,,,Feminino,Masculino,Masculino,não anotado,não anotado,não anotado,não anotado
MESTRADO,https://repositorio.unicamp.br/acervo/detalhe/1149432?guid=1652813709703&returnUrl=%2fresultado%2flistar%3fguid%3d1652813709703%26quantidadePaginas%3d1%26codigoRegistro%3d1149432%231149432&i=1,orcid.org/0000-0002-9545-2098,orcid.org/0000-0003-3052-3016,orcid.org/0000-0002-4531-1473,,,,,Universidade Estadual de Campinas (UNICAMP),27,Julio Cesar Dos Reis,no info,Universidade Estadual de Campinas,Roberto Pereira,Brazil,Breno Bernard Nicolau de França,Brazil,Empirical Software Engineering,Continuous Software Engineering,,,,,Universidade Federal do Paraná,,,,,,,,,,,,,Software Architecture,,hci,values in design,socially-aware design,social web,human values in computing technology,,,,,,,,,,2020,,,,,,,,,computers in education,,,,,,,,,,,,,,,,,,,,,,,,,,,,,Masculino,Masculino,Masculino,não anotado,não anotado,não anotado,não anotado
MESTRADO,https://repositorio.unicamp.br/acervo/detalhe/1149191?guid=1652813758300&returnUrl=%2fresultado%2flistar%3fguid%3d1652813758300%26quantidadePaginas%3d1%26codigoRegistro%3d1149191%231149191&i=1,orcid.org/0000-0003-0125-630X,orcid.org/0000-0002-0189-8540,orcid.org/0000-0002-1756-4852,,,,,University of Campinas,28,Helio Pedrini,Brazil,Universidade Estadual de Campinas,Alexandre Gonçalves Silva,no info,André Santanchè,no info,,,image and video processing; machine learning; computer vision,,,,no info,,,,,,,,,,,,,,,,,,,,,,,,,,,,,2020,,,,,,,,,,,,,,,,,,,,,,,,,,,,,,,,,,,,,,Masculino,Masculino,Masculino,não anotado,não anotado,não anotado,não anotado
MESTRADO,https://repositorio.unicamp.br/acervo/detalhe/1161077?guid=1652813942995&returnUrl=%2fresultado%2flistar%3fguid%3d1652813942995%26quantidadePaginas%3d1%26codigoRegistro%3d1161077%231161077&i=1,orcid.org/0000-0002-4830-5298,orcid.org/0000-0003-3580-5178,orcid.org/0000-0002-4531-1473,,,,,Universidade Estadual de Campinas,29,Maria Cecilia Calani Baranauskas,Brazil,Universidade Estadual de Campinas,Marcos Augusto Francisco Borges,Brazil,Breno Bernard Nicolau de França,Brazil,Empirical Software Engineering,Continuous Software Engineering,HCI,Socially Aware Design,Organizational Semiotics,Participatory Design,Unicamp,,,,,,,,,,,,,Software Architecture,,Computational Thinking; Creative Learning; Serious Games; Lean IT; Agile; Entrepeneurship,,,,,,,,,,,,,,2020,,,,,,,,,,,,,,,,,,,,,,,,,,,,,,,,,,,,,,Feminino,Masculino,Masculino,não anotado,não anotado,não anotado,não anotado
MESTRADO,https://repositorio.unicamp.br/acervo/detalhe/1149200?guid=1652814038213&returnUrl=%2fresultado%2flistar%3fguid%3d1652814038213%26quantidadePaginas%3d1%26codigoRegistro%3d1149200%231149200&i=1,orcid.org/0000-0002-1756-4852,orcid.org/0000-0003-0125-630X,orcid.org/0000-0002-1386-4794,,,,,Universidade Estadual de Campinas,30,André Santanchè,no info,no info,Helio Pedrini,Brazil,Alex Galoro,no info,,,,,,,University of Campinas,,,,,,,,,,,,,,,image and video processing; machine learning; computer vision,,,,,,,,,,,,,,2020,,,,,,,,,,,,,,,,,,,,,,,,,,,,,,,,,,,,,,Masculino,Masculino,Masculino,não anotado,não anotado,não anotado,não anotado
MESTRADO,https://repositorio.unicamp.br/acervo/detalhe/1157217?guid=1652814076063&returnUrl=%2fresultado%2flistar%3fguid%3d1652814076063%26quantidadePaginas%3d1%26codigoRegistro%3d1157217%231157217&i=1,orcid.org/0000-0003-1001-082X,orcid.org/0000-0002-9529-4253,orcid.org/0000-0003-0602-6298,,,,,University of Campinas,31,Lehilton Pedrosa,no info,Universidade Federal do ABC,Pedro J. de Rezende,no info,Carla Negri Lintzmayer,Brazil,,,,,,,University of Campinas,,,,,,,,,,,,,,,,,,,,,,,,,,,,,2020,,,,,,,,,,,,,,,,,,,,,,,,,,,,,,,,,,,,,,Masculino,Masculino,Feminino,não anotado,não anotado,não anotado,não anotado
MESTRADO,https://repositorio.unicamp.br/acervo/detalhe/1157209?guid=1652814105706&returnUrl=%2fresultado%2flistar%3fguid%3d1652814105706%26quantidadePaginas%3d1%26codigoRegistro%3d1157209%231157209&i=1,orcid.org/0000-0002-7603-9695,orcid.org/0000-0002-4531-1473,sem orcid,orcid.org/0000-0002-5824-7087,,,,Universidade Estadual de Campinas,32,Leonardo Montecchi,Norway,sem orcid,Breno Bernard Nicolau de França,Brazil,sem orcid,sem orcid,,,,,,,Universidade Estadual de Campinas,,,Ricardo Terra,no info,,,,,Universidade Federal de Lavras,,,,,,Empirical Software Engineering,Continuous Software Engineering,Software Architecture,,,,,,,,,,,,2020,,,,,,,,,,,,,,,,,,,,,,,,,,,,,,,,,,,,,,Masculino,Masculino,sem orcid,Masculino,não anotado,não anotado,não anotado
MESTRADO,https://repositorio.unicamp.br/acervo/detalhe/1157234?guid=1652814171472&returnUrl=%2fresultado%2flistar%3fguid%3d1652814171472%26quantidadePaginas%3d1%26codigoRegistro%3d1157234%231157234&i=2,orcid.org/0000-0002-4236-8212,sem orcid,orcid.org/0000-0003-0866-6272,orcid.org/0000-0003-1720-5080,,,,Universidade Estadual de Campinas,33,Anderson Rocha,Brazil,no info,sem orcid,sem orcid,Célio Maschio,no info,,,Machine Intelligence; Digital Forensics; Reasoning for Complex Data,,,,sem orcid,,,Guilherme Avansi,no info,,,,,no info,,,,,,,,,,,,,,,,,,,,2020,,,,,,,,,,,,,,,,,,,,,,,,,,,,,,,,,,,,,,Masculino,sem orcid,Masculino,Masculino,não anotado,não anotado,não anotado
MESTRADO,https://repositorio.unicamp.br/acervo/detalhe/1157604?guid=1652814209370&returnUrl=%2fresultado%2flistar%3fguid%3d1652814209370%26quantidadePaginas%3d1%26codigoRegistro%3d1157604%231157604&i=2,orcid.org/0000-0002-3372-3366,sem orcid,orcid.org/0000-0003-2982-4006,,,,,Universidade Estadual de Campinas,34,Leandro Villas,Brazil,IFSP,sem orcid,sem orcid,Rodolfo I. Meneguette,no info,,,,,,,sem orcid,,,,,,,,,,,,,,,,,,,,,,,,,,,,,2020,,,,,,,,,,,,,,,,,,,,,,,,,,,,,,,,,,,,,,Masculino,sem orcid,Masculino,não anotado,não anotado,não anotado,não anotado
MESTRADO,https://repositorio.unicamp.br/acervo/detalhe/1157336?guid=1652814258112&returnUrl=%2fresultado%2flistar%3fguid%3d1652814258112%26quantidadePaginas%3d1%26codigoRegistro%3d1157336%231157336&i=2,orcid.org/0000-0002-4236-8212,orcid.org/0000-0002-1534-5744,orcid.org/0000-0001-6172-0229,,,,,Universidade Estadual de Campinas,35,Anderson Rocha,Brazil,Universidade de Brasília,Paula Dornhofer Paro Costa,Brazil,Teofilo de Campos,Brazil,Computer Vision,Machine Learning,Machine Intelligence; Digital Forensics; Reasoning for Complex Data,,,,Universidade Estadual de Campinas (UNICAMP),,,,,,,,,,,,,,,,,,,,,,,,,,,,,2020,,,,,,,,,,,,,,,,,,,,,,,,,,,,,,,,,,,,,,Masculino,Feminino,Masculino,não anotado,não anotado,não anotado,não anotado
MESTRADO,https://repositorio.unicamp.br/acervo/detalhe/1157713?guid=1652814287723&returnUrl=%2fresultado%2flistar%3fguid%3d1652814287723%26quantidadePaginas%3d1%26codigoRegistro%3d1157713%231157713&i=1,orcid.org/0000-0003-2046-602X,orcid.org/0000-0002-1180-2637,orcid.org/0000-0003-3109-4305,,,,,Universidade Estadual de Campinas,36,Nelson L. S. da Fonseca,no info,Universidade Estadual de Campinas (UNICAMP),Edmundo Madeira,no info,Christian Esteve Rothenberg,no info,,,,,,,UNICAMP - University of Campinas,,,,,,,,,,,,,,,,,,,,,,,,,,,,,2020,,,,,,,,,,,,,,,,,,,,,,,,,,,,,,,,,,,,,,Masculino,Masculino,Masculino,não anotado,não anotado,não anotado,não anotado
MESTRADO,https://repositorio.unicamp.br/acervo/detalhe/1157737?guid=1654270807041&returnUrl=%2fresultado%2flistar%3fguid%3d1654270807041%26quantidadePaginas%3d1%26codigoRegistro%3d1157737%231157737&i=2,orcid.org/0000-0002-2914-5380,orcid.org/0000-0001-8522-2056,orcid.org/0000-0003-0125-630X,,,,,Universidade Estadual de Campinas,37,Alexandre Falcao,Brazil,University of Campinas,Silvio GUIMARAES,Brazil,Helio Pedrini,Brazil,image and video processing; machine learning; computer vision,,image processing, visualization, and analysis, (interactive) machine learning ,Pontifícia Universidade Católica de Minas Gerais,,,,,,,,,,,,,,,,,,,,,,,,,,,,,2020,,,,,,,,,,,,,,,,,,,,,,,,,,,,,,,,,,,,,,Masculino,Masculino,Masculino,não anotado,não anotado,não anotado,não anotado
MESTRADO,https://repositorio.unicamp.br/acervo/detalhe/1157515?guid=1654270841785&returnUrl=%2fresultado%2flistar%3fguid%3d1654270841785%26quantidadePaginas%3d1%26codigoRegistro%3d1157515%231157515&i=2,orcid.org/0000-0002-1067-6421,orcid.org/0000-0001-8785-5906,orcid.org/0000-0002-8687-2613,,,,,no info,38,Flávio K. Miyazawa,no info,no info,Ricardo Fukasawa,Canada,Eduardo Uchoa,no info,,,,,,,University of Waterloo,,,,,,,,,,,,,,,integer programming,operations research,stochastic programming,bilevel optimization,vehicle routing,,,,,,,,,,2020,,,,,,,,,,,,,,,,,,,,,,,,,,,,,,,,,,,,,,Masculino,Masculino,Masculino,não anotado,não anotado,não anotado,não anotado
MESTRADO,https://repositorio.unicamp.br/acervo/detalhe/1157788?guid=1654270874584&returnUrl=%2fresultado%2flistar%3fguid%3d1654270874584%26quantidadePaginas%3d1%26codigoRegistro%3d1157788%231157788&i=1,orcid.org/0000-0003-2046-602X,orcid.org/0000-0002-6275-6503,orcid.org/0000-0001-9772-263X,,,,,Universidade Estadual de Campinas,39,Nelson L. S. da Fonseca,no info,Universidade Estadual de Campinas,Jéferson Campos Nobre,Brazil,Ricardo Torres,Netherlands,multimedia retrieval,multimedia classification,,,,,Universidade do Vale do Rio dos Sinos,,,,,,,,,,,,,machine learning,information visualization,,,,,,data science,,,,,,,,,2020,,,,,,,,,,,,,,,,,,,,,,,,,,,,,,,,,,,,,,Masculino,Masculino,Masculino,não anotado,não anotado,não anotado,não anotado
MESTRADO,https://repositorio.unicamp.br/acervo/detalhe/1161260?guid=1654270910321&returnUrl=%2fresultado%2flistar%3fguid%3d1654270910321%26quantidadePaginas%3d1%26codigoRegistro%3d1161260%231161260&i=1,orcid.org/0000-0002-8803-0401,orcid.org/0000-0002-0375-1657,orcid.org/0000-0003-4869-5190,,,,,UNICAMP,40,Rodolfo Azevedo,Brazil,Universidade Estadual de Campinas,Fernando Magno Quintão Pereira,Brazil,Guido Araujo,no info,,,,,,,Universidade Federal de Minas Gerais,,,,,,,,,,,,,,,Compilers, Programming Languages,,,,,,,,,,,,,2020,,,,,,,,,,,,,,,,,,,,,,,,,,,,,,,,,,,,,,Masculino,Masculino,Masculino,não anotado,não anotado,não anotado,não anotado
MESTRADO,https://repositorio.unicamp.br/acervo/detalhe/1161412?guid=1654270946094&returnUrl=%2fresultado%2flistar%3fguid%3d1654270946094%26quantidadePaginas%3d1%26codigoRegistro%3d1161412%231161412&i=1,orcid.org/0000-0002-8972-080X,orcid.org/0000-0002-0472-4810,orcid.org/0000-0002-5263-1977,,,,,State University of Campinas,41,Fábio Usberti,no info,University of Campinas (UNICAMP),Rafael C. S. Schouery,no info,Christiano Lyra Filho,Brazil,energy systems, opimization,,,,,Universidade Estadual de Campinas,,,,,,,,,,,,, network flows, combinatorial optimization,,,,,, power systems,,,,,,,,,2020,,,,,,,,,,, comp. intell.,,,,,,,,,,,,,,,,,,,,,,,,,,,Masculino,Masculino,Masculino,não anotado,não anotado,não anotado,não anotado
MESTRADO,https://repositorio.unicamp.br/acervo/detalhe/1158153?guid=1654270986729&returnUrl=%2fresultado%2flistar%3fguid%3d1654270986729%26quantidadePaginas%3d1%26codigoRegistro%3d1158153%231158153&i=1,orcid.org/0000-0002-0472-4810,orcid.org/0000-0003-0602-6298,orcid.org/0000-0001-6030-2682,,,,,Universidade Estadual de Campinas,42,Rafael C. S. Schouery,no info,University of Campinas,Carla Negri Lintzmayer,Brazil,Eduardo C. Xavier,Brazil,,,,,,,Universidade Federal do ABC,,,,,,,,,,,,,,,,,,,,,,,,,,,,,2020,,,,,,,,,,,,,,,,,,,,,,,,,,,,,,,,,,,,,,Masculino,Feminino,Masculino,não anotado,não anotado,não anotado,não anotado
MESTRADO,https://repositorio.unicamp.br/acervo/detalhe/1162057?guid=1654271012037&returnUrl=%2fresultado%2flistar%3fguid%3d1654271012037%26quantidadePaginas%3d1%26codigoRegistro%3d1162057%231162057&i=1,orcid.org/0000-0003-0467-3133,orcid.org/0000-0003-2944-4476,orcid.org/0000-0002-0689-2703,,,,,Universidade Estadual de Campinas,43,Esther Luna Colombini,no info,Universidade Estadual de Campinas,Marcos Maximo,no info,Eric Rohmer,no info,,,,,,,no info,,,,,,,,,,,,,,,,,,,,,,,,,,,,,2020,,,,,,,,,,,,,,,,,,,,,,,,,,,,,,,,,,,,,,Feminino,Masculino,Masculino,não anotado,não anotado,não anotado,não anotado
MESTRADO,https://repositorio.unicamp.br/acervo/detalhe/1157544?guid=1654271058882&returnUrl=%2fresultado%2flistar%3fguid%3d1654271058882%26quantidadePaginas%3d1%26codigoRegistro%3d1157544%231157544&i=1,orcid.org/0000-0002-5564-698X,orcid.org/0000-0002-8603-699X,sem orcid,,,,,University of Campinas,44,Lucas Wanner,no info,sem orcid,Juliana Freitag Borin,Brazil,sem orcid,sem orcid,,,,,,,University of Campinas,,,,,,,,,,,,,,,Internet of Things, Smart Cities, Computer network protocols,,,,,,,,,,,,2020,,,,,,,,,,,,,,,,,,,,,,,,,,,,,,,,,,,,,,Masculino,Feminino,sem orcid,não anotado,não anotado,não anotado,não anotado
MESTRADO,https://repositorio.unicamp.br/acervo/detalhe/1157501?guid=1654271089421&returnUrl=%2fresultado%2flistar%3fguid%3d1654271089421%26quantidadePaginas%3d1%26codigoRegistro%3d1157501%231157501&i=2,orcid.org/0000-0003-0125-630X,orcid.org/0000-0001-8597-4987,orcid.org/0000-0001-9319-9829,,,,,University of Campinas,45,Helio Pedrini,Brazil,Universidade Estadual de Campinas (UNICAMP),Ronaldo Prati,no info,Levy Boccato,no info,,,image and video processing; machine learning; computer vision,,,,Universidade Federal do ABC,,,,,,,,,,,,,,,data mining, machine learning, artificial intelligence,,,,,,,,,,,,2020,,,,,,,,,,,,,,,,,,,,,,,,,,,,,,,,,,,,,,Masculino,Masculino,Masculino,não anotado,não anotado,não anotado,não anotado
MESTRADO,https://repositorio.unicamp.br/acervo/detalhe/1158119?guid=1654271128222&returnUrl=%2fresultado%2flistar%3fguid%3d1654271128222%26quantidadePaginas%3d1%26codigoRegistro%3d1158119%231158119&i=1,orcid.org/0000-0003-4237-4281,orcid.org/0000-0003-4462-3325,sem orcid,sem orcid,,,,University of Campinas,46,C. N. Campos,Brazil,sem orcid,Orlando Lee,no info,sem orcid,sem orcid,,,,,,,University of Campinas,,,sem orcid,sem orcid,,,,,sem orcid,,,,,,,,,,,,,,,,,,,,2020,,,,,,,,,,,,,,,,,,,,,,,,,,,,,,,,,,,,,,Feminino,Masculino,sem orcid,sem orcid,não anotado,não anotado,não anotado
MESTRADO,https://repositorio.unicamp.br/acervo/detalhe/1158115?guid=1654271181844&returnUrl=%2fresultado%2flistar%3fguid%3d1654271181844%26quantidadePaginas%3d1%26codigoRegistro%3d1158115%231158115&i=2,orcid.org/0000-0002-2914-5380,orcid.org/0000-0001-9068-938X,orcid.org/0000-0002-5163-2986,,,,,Universidade Estadual de Campinas,47,Alexandre Falcao,Brazil,Pontifical Catholic University of Goiás,Sandra Avila,no info,Clarimar Coelho,no info,,,image processing, visualization, and analysis, (interactive) machine learning ,Universidade Estadual de Campinas,,,,,,,,,,,,,,,,,,,,,,,,,,,,,2020,,,,,,,,,,,,,,,,,,,,,,,,,,,,,,,,,,,,,,Masculino,Feminino,Masculino,não anotado,não anotado,não anotado,não anotado
MESTRADO,https://repositorio.unicamp.br/acervo/detalhe/1157707?guid=1654271227297&returnUrl=%2fresultado%2flistar%3fguid%3d1654271227297%26quantidadePaginas%3d1%26codigoRegistro%3d1157707%231157707&i=1,orcid.org/0000-0002-4531-1473,orcid.org/0000-0001-9502-1362,orcid.org/0000-0002-3823-8941,,,,,Universidade Estadual de Campinas,48,Breno Bernard Nicolau de França,Brazil,University of Campinas,Paulo Sérgio Santos,no info,Luiz Eduardo Buzato,Brazil,distributed systems,distributed algorithms,Empirical Software Engineering,Continuous Software Engineering,Software Architecture,,UNIRIO,,,,,,,,,,,,,fault tolerance,,,,,,,,,,,,,,,,2020,,,,,,,,,,,,,,,,,,,,,,,,,,,,,,,,,,,,,,Masculino,Masculino,Masculino,não anotado,não anotado,não anotado,não anotado
MESTRADO,https://repositorio.unicamp.br/acervo/detalhe/1161700?guid=1654271260912&returnUrl=%2fresultado%2flistar%3fguid%3d1654271260912%26quantidadePaginas%3d1%26codigoRegistro%3d1161700%231161700&i=1,orcid.org/0000-0002-8803-0401,orcid.org/0000-0003-1399-7535,orcid.org/0000-0002-6023-5982,,,,,UNICAMP,49,Rodolfo Azevedo,Brazil,University of Campinas,Marco Gerosa,United States,Islene Calciolari Garcia,no info,,,,,,,Universidade de São Paulo,,,,,,,,,,,,,,,,,,,,,,,,,,,,,2020,,,,,,,,,,,,,,,,,,,,,,,,,,,,,,,,,,,,,,Masculino,Masculino,Feminino,não anotado,não anotado,não anotado,não anotado
MESTRADO,https://repositorio.unicamp.br/acervo/detalhe/1161854?guid=1654271354940&returnUrl=%2fresultado%2flistar%3fguid%3d1654271354940%26quantidadePaginas%3d1%26codigoRegistro%3d1161854%231161854&i=1,orcid.org/0000-0002-1067-6421,orcid.org/0000-0002-3948-305X,orcid.org/0000-0002-8972-080X,,,,,no info,50,Flávio K. Miyazawa,no info,State University of Campinas,Reinaldo Morabito,Brazil,Fábio Usberti,no info,,,,,,,Universidade Federal de São Carlos,,,,,,,,,,,,,,,,,,,,,,,,,,,,,2020,,,,,,,,,,,,,,,,,,,,,,,,,,,,,,,,,,,,,,Masculino,Masculino,Masculino,não anotado,não anotado,não anotado,não anotado
MESTRADO,https://repositorio.unicamp.br/acervo/detalhe/1161847,orcid.org/0000-0001-6305-9059,orcid.org/0000-0003-0524-3274,orcid.org/0000-0003-1783-4231,,,,,Universidade Estadual de Campinas,51,Luiz Fernando Bittencourt,no info,Universidade Estadual de Campinas,Julio Cezar Estrella,Brazil,Edson Borin,no info,,,,,,,Univesity of Sao Paulo,,,,,,,,,,,,,,,Distributed Systems, Cloud Computing, Internet of Things,,,,,,,,,,,,2020,,,,,,,,,,,,,,,,,,,,,,,,,,,,,,,,,,,,,,Masculino,Masculino,Masculino,não anotado,não anotado,não anotado,não anotado
MESTRADO,https://repositorio.unicamp.br/acervo/detalhe/1161411?guid=1654271439011&returnUrl=%2fresultado%2flistar%3fguid%3d1654271439011%26quantidadePaginas%3d1%26codigoRegistro%3d1161411%231161411&i=1,orcid.org/0000-0001-9068-938X,orcid.org/0000-0002-8889-1586,orcid.org/0000-0002-1534-5744,,,,,Universidade Estadual de Campinas,52,Sandra Avila,no info,Universidade Estadual de Campinas (UNICAMP),Jefersson A. dos Santos,no info,Paula Dornhofer Paro Costa,Brazil,,,,,,,University of Sheffield,,,,,,,,,,,,,,,Pattern Recognition, Image Processing, Content-Based Image Retrieval, Remote Sensing,,,,,,,,,,,2020,,,,,,,,,,,,,,,,,,,,,,,,,,,,,,,,,,,,,,Feminino,Masculino,Feminino,não anotado,não anotado,não anotado,não anotado
MESTRADO,https://repositorio.unicamp.br/acervo/detalhe/1161410?guid=1654271457517&returnUrl=%2fresultado%2flistar%3fguid%3d1654271457517%26quantidadePaginas%3d1%26codigoRegistro%3d1161410%231161410&i=1,orcid.org/0000-0003-4549-7105,orcid.org/0000-0002-2159-339X,orcid.org/0000-0002-1180-2637,,,,,no info,53,Cecilia Mary Fischer Rubira Rubira,no info,UNICAMP - University of Campinas,Edna Dias Canedo,no info,Edmundo Madeira,no info,,,,,,,no info,,,,,,,,,,,,,,,,,,,,,,,,,,,,,2020,,,,,,,,,,,,,,,,,,,,,,,,,,,,,,,,,,,,,,Feminino,Feminino,Masculino,não anotado,não anotado,não anotado,não anotado
DOUTORADO,https://repositorio.unicamp.br/acervo/detalhe/1127183?guid=1654271504404&returnUrl=%2fresultado%2flistar%3fguid%3d1654271504404%26quantidadePaginas%3d1%26codigoRegistro%3d1127183%231127183&i=7,orcid.org/0000-0002-4830-5298,sem orcid,orcid.org/0000-0001-9176-8709,orcid.org/0000-0002-4607-9880,orcid.org/0000-0003-3052-3016,,,Universidade Estadual de Campinas,54,Maria Cecilia Calani Baranauskas,Brazil,Universidade de São Paulo Câmpus de São Carlos,sem orcid,sem orcid,Kamila Rios da Hora Rodrigues,no info,,,HCI,Socially Aware Design,Organizational Semiotics,Participatory Design,sem orcid,Universidade Federal do Paraná,,Maria Teresa Eglér Mantoan,Brazil,,,,,Universidade Estadual de Campinas,Roberto Pereira,Brazil,,,,,,,,,,Docência e extensão,Direito incondicional de todos os alunos à educação escolar de nível básico e superior de ensino,,hci,values in design,socially-aware design,social web,human values in computing technology,2020,,,,,,,,,,computers in education,,,,,,,,,,,,,,,,,,,,,,,,,,,,Feminino,sem orcid,Feminino,Feminino,Masculino,não anotado,não anotado
DOUTORADO,https://repositorio.unicamp.br/acervo/detalhe/1127255?guid=1654271562487&returnUrl=%2fresultado%2flistar%3fguid%3d1654271562487%26quantidadePaginas%3d1%26codigoRegistro%3d1127255%231127255&i=1,orcid.org/0000-0003-0125-630X,orcid.org/0000-0003-3551-6480,sem orcid,orcid.org/0000-0002-1941-6036,orcid.org/0000-0002-0503-7297,,,University of Campinas,55,Helio Pedrini,Brazil,sem orcid,Sarajane Marques Peres,no info,sem orcid,sem orcid,,,image and video processing; machine learning; computer vision,,,,no info,,,Marco Antonio Garcia de Carvalho,Brazil,,,,,Universidade Estadual de Campinas,,,,,,,,,,,,image segmentation,graphs,image processing,,,,,,2020,,,,,,,digital education,pattern recognition,,,,,,,,,,,,,,,,,,,,,,,,,,,,,,Masculino,Feminino,sem orcid,Masculino,,não anotado,não anotado
DOUTORADO,https://repositorio.unicamp.br/acervo/detalhe/1128749?guid=1654271594965&returnUrl=%2fresultado%2flistar%3fguid%3d1654271594965%26quantidadePaginas%3d1%26codigoRegistro%3d1128749%231128749&i=1,orcid.org/0000-0002-8972-080X,orcid.org/0000-0003-2823-7600,orcid.org/0000-0001-6476-4534,orcid.org/0000-0002-5263-1977,sem orcid,,,State University of Campinas,56,Fábio Usberti,no info,Universidade de São Paulo,Franklina Toledo,no info,Mário César San Felice,Brazil,Approximation Algorithms,Facility Location Problems,,,,,Universidade de São Paulo,sem orcid,,Christiano Lyra Filho,Brazil,,,,,University of Campinas (UNICAMP),sem orcid,sem orcid,,Network Design Problems,Randomized Algorithms,,,,,,Combinatorial Optimization,energy systems, opimization, network flows,,,,,,2020,,,,,,, combinatorial optimization, power systems,,,Online Algorithms,Competitive Analysis,,,,,,,,,,,,, comp. intell.,,,,,,,,,,,,,Masculino,Feminino,Masculino,Masculino,sem orcid,não anotado,não anotado
DOUTORADO,https://repositorio.unicamp.br/acervo/detalhe/1128991?guid=1654271651577&returnUrl=%2fresultado%2flistar%3fguid%3d1654271651577%26quantidadePaginas%3d1%26codigoRegistro%3d1128991%231128991&i=4,orcid.org/0000-0001-9772-263X,orcid.org/0000-0002-9272-3403,sem orcid,orcid.org/0000-0002-5017-8320,orcid.org/0000-0003-4344-1263,,,Universidade Estadual de Campinas,57,Ricardo Torres,Netherlands,sem orcid,Thiago T. Santos,Brazil,sem orcid,sem orcid,,,multimedia retrieval,multimedia classification,machine learning,information visualization,Embrapa Agricultura Digital,Universidade Estadual de Campinas,,Gleyce Figueiredo,no info,,,,,University of Campinas,Rubens Augusto Camargo Lamparelli,no info,,,,computer vision,digital agriculture,phenotyping,SLAM,,,,,,,,,,,2020,data science,,,,,,,,,,,,,,,,,,,,,,,,,,,,,,,,,,,,,Masculino,Masculino,sem orcid,Feminino,Masculino,não anotado,não anotado
DOUTORADO,https://repositorio.unicamp.br/acervo/detalhe/1129107?guid=1654271699505&returnUrl=%2fresultado%2flistar%3fguid%3d1654271699505%26quantidadePaginas%3d1%26codigoRegistro%3d1129107%231129107&i=1,orcid.org/0000-0001-9772-263X,orcid.org/0000-0001-8318-1780,sem orcid,orcid.org/0000-0003-0467-3133,orcid.org/0000-0003-0125-630X,,,Universidade Estadual de Campinas,58,Ricardo Torres,Netherlands,sem orcid,Jose F Rodrigues Jr,Brazil,sem orcid,sem orcid,,,multimedia retrieval,multimedia classification,machine learning,information visualization,no info,University of Campinas,,Esther Luna Colombini,no info,,,,,Universidade Estadual de Campinas,Helio Pedrini,Brazil,,,,information visualization,visualization,infovis,databases,data mining,,,,,image and video processing; machine learning; computer vision,,,,,2020,data science,,,,,,,,data analysis,,,,,,,,,,graph mining,,graph analysis,,,,,,,,,,,,,,,,,Masculino,Masculino,sem orcid,Feminino,Masculino,não anotado,não anotado
DOUTORADO,https://repositorio.unicamp.br/acervo/detalhe/1128968?guid=1654271786990&returnUrl=%2fresultado%2flistar%3fguid%3d1654271786990%26quantidadePaginas%3d1%26codigoRegistro%3d1128968%231128968&i=1,orcid.org/0000-0001-9772-263X,orcid.org/0000-0002-7860-9575,orcid.org/0000-0003-3589-1619,orcid.org/0000-0002-9545-2098,orcid.org/0000-0002-1756-4852,,,Universidade Estadual de Campinas,59,Ricardo Torres,Netherlands,Universidade Federal do Rio Grande do Sul,Edleno Silva de Moura,no info,Renata Galante,no info,,,multimedia retrieval,multimedia classification,machine learning,information visualization,Universidade Federal do Amazonas,Universidade Estadual de Campinas,,Julio Cesar Dos Reis,no info,,,,,Universidade Estadual de Campinas (UNICAMP),André Santanchè,no info,,,,,,,,,,,,,,,,,,2020,data science,,,,,,,,,,,,,,,,,,,,,,,,,,,,,,,,,,,,,Masculino,Masculino,Feminino,Masculino,Masculino,não anotado,não anotado
DOUTORADO,https://repositorio.unicamp.br/acervo/detalhe/1129183?guid=1654271827193&returnUrl=%2fresultado%2flistar%3fguid%3d1654271827193%26quantidadePaginas%3d1%26codigoRegistro%3d1129183%231129183&i=2,orcid.org/0000-0002-4830-5298,orcid.org/0000-0002-6750-5965,orcid.org/0000-0003-1929-9391,orcid.org/0000-0001-5804-950X,sem orcid,,,Universidade Estadual de Campinas,60,Maria Cecilia Calani Baranauskas,Brazil,no info,Laura Sánchez García,no info,Leonardo Cunha de Miranda,Brazil,,,HCI,Socially Aware Design,Organizational Semiotics,Participatory Design,Pontifícia Universidade Católica do Rio de Janeiro,sem orcid,,Alysson Prado,no info,,,,,no info,sem orcid,sem orcid,,,,,,,,,,,,,,,,,,2020,,,,,,,,,,,,,,,,,,,,,,,,,,,,,,,,,,,,,,Feminino,Feminino,Masculino,Masculino,sem orcid,não anotado,não anotado
DOUTORADO,https://repositorio.unicamp.br/acervo/detalhe/1170400?guid=1654271868132&returnUrl=%2fresultado%2flistar%3fguid%3d1654271868132%26quantidadePaginas%3d1%26codigoRegistro%3d1170400%231170400&i=2,orcid.org/0000-0002-4236-8212,sem orcid,orcid.org/0000-0002-6494-7514,orcid.org/0000-0002-1724-9780,orcid.org/0000-0002-7645-7758,,,Universidade Estadual de Campinas,61,Anderson Rocha,Brazil,no info,sem orcid,sem orcid,João Paulo Papa,no info,machine learning, image processing,Machine Intelligence; Digital Forensics; Reasoning for Complex Data,,,,sem orcid,no info,,Alessandra Davólio Gomes,Brazil,,,,,Universidade Estadual de Campinas,Andre Fioravanti,Brazil,, computervision, meta-heuristics,,,,,,,4D seismic,Reservoir geophysics,Quantitative interpretation,Dynamic Systems; Convex Optimization,,,,,2020,,,,,,,Reservoir simulation,Seismic history matching,,,,,,,,,,,,,,,,,,,,,,,,,,,,,,Masculino,sem orcid,Masculino,Feminino,Masculino,não anotado,não anotado
DOUTORADO,https://repositorio.unicamp.br/acervo/detalhe/1149269?guid=1654271922150&returnUrl=%2fresultado%2flistar%3fguid%3d1654271922150%26quantidadePaginas%3d1%26codigoRegistro%3d1149269%231149269&i=1,orcid.org/0000-0003-1783-4231,orcid.org/0000-0001-6816-208X,orcid.org/0000-0002-5591-3750,orcid.org/0000-0002-1180-2637,orcid.org/0000-0001-9068-938X,,,Universidade Estadual de Campinas,62,Edson Borin,no info,Universidade de São Paulo Instituto de Ciências Matemáticas e de Computação,Kalinka Branco,no info,Jo Ueyama,no info,,,,,,,no info,Universidade Estadual de Campinas,,Edmundo Madeira,no info,,,,,UNICAMP - University of Campinas,Sandra Avila,no info,,,,,,,,,,,,,,,,,,2020,,,,,,,,,,,,,,,,,,,,,,,,,,,,,,,,,,,,,,Masculino,Feminino,Masculino,Masculino,Feminino,não anotado,não anotado
DOUTORADO,https://repositorio.unicamp.br/acervo/detalhe/1149098?guid=1654271988742&returnUrl=%2fresultado%2flistar%3fguid%3d1654271988742%26quantidadePaginas%3d1%26codigoRegistro%3d1149098%231149098&i=3,orcid.org/0000-0003-4869-5190,orcid.org/0000-0002-9992-8540,orcid.org/0000-0001-8824-3055,orcid.org/0000-0003-1140-4513,sem orcid,,,Universidade Estadual de Campinas,63,Guido Araujo,no info,"Universidade Estadual Paulista, Instituto de Geociências e Ciências Exatas",Márcio Castro,Brazil,Alexandro Baldassin,Brazil,Computer architecture,Parallel Programming,,,,,Inria Centre de Recherche Grenoble Rhone-Alpes,sem orcid,,Marcio M. Pereira,Brazil,,,,,no info,sem orcid,sem orcid,,Transactional Memory,Persistent Memory,Parallel and Distributed Computing,High Performance Computing,Parallel Architectures,Parallel Programming Languages,,,,,,,,,,,2020,,,,,,,,,,,,,,,,,,,,,,,,,,,,,,,,,,,,,,Masculino,Masculino,Masculino,Masculino,sem orcid,não anotado,não anotado
DOUTORADO,https://repositorio.unicamp.br/acervo/detalhe/1157394?guid=1654272021275&returnUrl=%2fresultado%2flistar%3fguid%3d1654272021275%26quantidadePaginas%3d1%26codigoRegistro%3d1157394%231157394&i=3,orcid.org/0000-0001-9772-263X,sem orcid,orcid.org/0000-0003-3308-6384,orcid.org/0000-0003-0125-630X,orcid.org/0000-0001-7266-9211,,,Universidade Estadual de Campinas,64,Ricardo Torres,Netherlands,Universidade Federal de Viçosa,sem orcid,sem orcid,Keiller Nogueira,Brazil,pattern recognition,image understading,multimedia retrieval,multimedia classification,machine learning,information visualization,sem orcid,Newcastle University,,Helio Pedrini,Brazil,,,,,University of Campinas,Marcos Cirne,no info,,image annotation,image segmentation,,,,,,machine learning,image and video processing; machine learning; computer vision,,,,,,,,2020,data science,,,,,,,,,,deep learning,,,,,,,,,,,,,,,,,,,,,,,,,,,Masculino,sem orcid,Masculino,Masculino,Masculino,não anotado,não anotado
DOUTORADO,https://repositorio.unicamp.br/acervo/detalhe/1157685?guid=1654272083291&returnUrl=%2fresultado%2flistar%3fguid%3d1654272083291%26quantidadePaginas%3d1%26codigoRegistro%3d1157685%231157685&i=4,orcid.org/0000-0002-3372-3366,orcid.org/0000-0001-9448-2036,orcid.org/0000-0002-6023-5982,orcid.org/0000-0001-6994-8076,,,,Universidade Estadual de Campinas,65,Leandro Villas,Brazil,University of Campinas,Robson De Grande,Canada,Islene Calciolari Garcia,no info,,,,,,,University of Ottawa,,,Thiago Henrique Silva,Brazil,,,,,Federal University of Technology – Paraná,,,,,,,,,,,,Data Mining, Machine  Learning, Social Networks,,,,,,2020,,,,,,, Urban Computing,,,,,,,,,,,,,,,,,,,,,,,,,,,,,,,Masculino,Masculino,Feminino,Masculino,não anotado,não anotado,não anotado
DOUTORADO,https://repositorio.unicamp.br/acervo/detalhe/1157496?guid=1654272122970&returnUrl=%2fresultado%2flistar%3fguid%3d1654272122970%26quantidadePaginas%3d1%26codigoRegistro%3d1157496%231157496&i=1,orcid.org/0000-0003-0125-630X,orcid.org/0000-0002-4187-8798,orcid.org/0000-0002-7779-1950,orcid.org/0000-0003-0467-3133,orcid.org/0000-0002-9104-613X,,,University of Campinas,66,Helio Pedrini,Brazil,Instituto Federal de Educação Ciência e Tecnologia de São Paulo,Rodrigo Luis de Souza da Silva,Brazil,Tiago Carvalho,Brazil,,,image and video processing; machine learning; computer vision,,,,Universidade Federal de Juiz de Fora,no info,,Esther Luna Colombini,no info,,,,,Universidade Estadual de Campinas,Tiago Fernandes Tavares,Brazil,,,,,,,,,,,,,Music Information Retrieval,New Interfaces for Musical Expression,Digital Signal Processing,,,2020,,,,,,,,,,,,,,,,,,,,,,,,,,,,,,,,,,,,,,Masculino,Masculino,Masculino,Feminino,Masculino,não anotado,não anotado
DOUTORADO,https://repositorio.unicamp.br/acervo/detalhe/1161648?guid=1654272166254&returnUrl=%2fresultado%2flistar%3fguid%3d1654272166254%26quantidadePaginas%3d1%26codigoRegistro%3d1161648%231161648&i=2,orcid.org/0000-0002-2914-5380,sem orcid,sem orcid,sem orcid,orcid.org/0000-0001-9772-263X,,,Universidade Estadual de Campinas,67,Alexandre Falcao,Brazil,sem orcid,sem orcid,sem orcid,sem orcid,sem orcid,,,image processing, visualization, and analysis, (interactive) machine learning ,sem orcid,Universidade Estadual de Campinas,,sem orcid,sem orcid,,,,,sem orcid,Ricardo Torres,Netherlands,,,,,,,,,,,,,multimedia retrieval,multimedia classification,machine learning,information visualization,data science,2020,,,,,,,,,,,,,,,,,,,,,,,,,,,,,,,,,,,,,,Masculino,sem orcid,sem orcid,sem orcid,Masculino,não anotado,não anotado
DOUTORADO,https://repositorio.unicamp.br/acervo/detalhe/1161434?guid=1654272213266&returnUrl=%2fresultado%2flistar%3fguid%3d1654272213266%26quantidadePaginas%3d1%26codigoRegistro%3d1161434%231161434&i=2,orcid.org/0000-0001-8309-6367,orcid.org/0000-0003-2111-1319,orcid.org/0000-0002-7270-1477,orcid.org/0000-0001-8923-0432,orcid.org/0000-0002-9545-2098,,,Universidade Estadual de Campinas,68,Ariadne Carvalho,no info,no info,"Pardo, T.A.S.",Brazil,Ivandré Paraboni,no info,,,,,,,University of São Paulo,Universidade Estadual de Campinas (UNICAMP),,Tomasz Kowaltowski,no info,,,,,no info,Julio Cesar Dos Reis,no info,,,,,,,,,,,,,,,,,,2020,,,,,,,,,,,,,,,,,,,,,,,,,,,,,,,,,,,,,,Feminino,Masculino,Masculino,Masculino,Masculino,não anotado,não anotado
MESTRADO,https://repositorio.unicamp.br/acervo/detalhe/1161715,orcid.org/0000-0002-1180-2637,orcid.org/0000-0003-1119-2450,sem orcid,,,,,UNICAMP - University of Campinas,0,Edmundo Madeira,no info,sem orcid,Denis Rosário,Brazil,sem orcid,sem orcid,,,,,,,Federal University of Pará,,,,,,,,,,,,,,,Fog Computing,Mobility,Quality of Experience,VANET,FANET,,,,,,,,,,2021,,,,,,,,,,,,,,,,,,,,,,,,,,,,,,,,,,,,,,Masculino,Masculino,sem orcid,não anotado,não anotado,não anotado,não anotado
MESTRADO,https://www.repositorio.unicamp.br/acervo/detalhe/1166311,orcid.org/0000-0002-3823-8941,orcid.org/0000-0003-0678-4777,orcid.org/0000-0003-4290-6508,,,,,University of Campinas,1,Luiz Eduardo Buzato,Brazil,no info,Regina Moraes,Brazil,Eliane Martins,no info,,,distributed systems,distributed algorithms,fault tolerance,,University of Campinas,,,,,,,,,,,,,,,,,,,,,,,,,,,,,2021,,,,,,,,,,,,,,,,,,,,,,,,,,,,,,,,,,,,,,Masculino,Feminino,Feminino,não anotado,não anotado,não anotado,não anotado
MESTRADO,https://www.repositorio.unicamp.br/acervo/detalhe/1164461,orcid.org/0000-0003-0467-3133,orcid.org/0000-0003-0125-630X,orcid.org/0000-0002-7735-5630,,,,,Universidade Estadual de Campinas,2,Esther Luna Colombini,no info,Universidade Federal do Rio Grande do Norte,Helio Pedrini,Brazil,"Gonçalves, Luiz M. G.",Brazil,Robotics Vision, Computer Graphics,,,,,University of Campinas,,,,,,,,,,,,, Image Processing,,image and video processing; machine learning; computer vision,,,,,,,,,,,,,,2021,,,,,,,,,,,,,,,,,,,,,,,,,,,,,,,,,,,,,,Feminino,Masculino,não anotado,não anotado,não anotado,não anotado,não anotado
MESTRADO,https://www.repositorio.unicamp.br/acervo/detalhe/1162078,orcid.org/0000-0002-4236-8212,orcid.org/0000-0002-6494-7514,orcid.org/0000-0002-9545-2098,,,,,Universidade Estadual de Campinas,3,Anderson Rocha,Brazil,Universidade Estadual de Campinas (UNICAMP),João Paulo Papa,no info,Julio Cesar Dos Reis,no info,,,Machine Intelligence; Digital Forensics; Reasoning for Complex Data,,,,no info,,,,,,,,,,,,,,,machine learning, image processing, computervision, meta-heuristics,,,,,,,,,,,2021,,,,,,,,,,,,,,,,,,,,,,,,,,,,,,,,,,,,,,Masculino,Masculino,Masculino,não anotado,não anotado,não anotado,não anotado
MESTRADO,https://www.repositorio.unicamp.br/acervo/detalhe/1164252,orcid.org/0000-0002-9545-2098,orcid.org/0000-0003-3441-0887,orcid.org/0000-0003-0125-630X,,,,,Universidade Estadual de Campinas (UNICAMP),4,Julio Cesar Dos Reis,no info,University of Campinas,Rodrigo Bonacin,no info,Helio Pedrini,Brazil,image and video processing; machine learning; computer vision,,,,,,Centro de Tecnologia da Informação Renato Archer,,,,,,,,,,,,,,,,,,,,,,,,,,,,,2021,,,,,,,,,,,,,,,,,,,,,,,,,,,,,,,,,,,,,,Masculino,Masculino,Masculino,não anotado,não anotado,não anotado,não anotado
MESTRADO,https://www.repositorio.unicamp.br/acervo/detalhe/1164477,orcid.org/0000-0002-9545-2098,sem orcid,orcid.org/0000-0002-7603-9695,,,,,Universidade Estadual de Campinas (UNICAMP),5,Julio Cesar Dos Reis,no info,Universidade Estadual de Campinas,sem orcid,sem orcid,Leonardo Montecchi,Norway,,,,,,,sem orcid,,,,,,,,,,,,,,,,,,,,,,,,,,,,,2021,,,,,,,,,,,,,,,,,,,,,,,,,,,,,,,,,,,,,,Masculino,sem orcid,Masculino,não anotado,não anotado,não anotado,não anotado
MESTRADO,https://www.repositorio.unicamp.br/acervo/detalhe/1164703,orcid.org/0000-0003-1783-4231,orcid.org/0000-0002-6494-7514,orcid.org/0000-0002-3831-5230,,,,,Universidade Estadual de Campinas,6,Edson Borin,no info,Universidade Federal Fluminense,João Paulo Papa,no info,Lúcia Drummond,no info,,,,,,,no info,,,,,,,,,,,,,,,machine learning, image processing, computervision, meta-heuristics,,,,,,,,,,,2021,,,,,,,,,,,,,,,,,,,,,,,,,,,,,,,,,,,,,,Masculino,Masculino,não anotado,não anotado,não anotado,não anotado,não anotado
MESTRADO,https://www.repositorio.unicamp.br/acervo/detalhe/1164594,orcid.org/0000-0002-9545-2098,orcid.org/0000-0002-1884-8830,orcid.org/0000-0003-3355-3966,,,,,Universidade Estadual de Campinas (UNICAMP),7,Julio Cesar Dos Reis,no info,no info,Flávia Linhalis,Brazil,Diego Addan Gonçalves,no info,,,,,,,Universidade Estadual de Campinas,,,,,,,,,,,,,,,,,,,,,,,,,,,,,2021,,,,,,,,,,,,,,,,,,,,,,,,,,,,,,,,,,,,,,Masculino,Feminino,não anotado,não anotado,não anotado,não anotado,não anotado
MESTRADO,https://www.repositorio.unicamp.br/acervo/detalhe/1164583,orcid.org/0000-0002-5564-698X,orcid.org/0000-0001-5191-5209,orcid.org/0000-0002-8803-0401,,,,,University of Campinas,9,Lucas Wanner,no info,UNICAMP,Alba Cristina Magalhaes Alves de Melo,Brazil,Rodolfo Azevedo,Brazil,,,,,,,Universidade de Brasília,,,,,,,,,,,,,,,,,,,,,,,,,,,,,2021,,,,,,,,,,,,,,,,,,,,,,,,,,,,,,,,,,,,,,Masculino,não anotado,Masculino,não anotado,não anotado,não anotado,não anotado
MESTRADO,https://www.repositorio.unicamp.br/acervo/detalhe/1164238,orcid.org/0000-0003-3333-6822,orcid.org/0000-0002-1649-6843,orcid.org/0000-0002-0472-4810,,,,,University of Campinas,10,Zanoni Dias,Brazil,Universidade Estadual de Campinas,Kelly Poldi,no info,Rafael C. S. Schouery,no info,,,,,,,Universidade Federal de São Paulo,,,,,,,,,,,,,,,,,,,,,,,,,,,,,2021,,,,,,,,,,,,,,,,,,,,,,,,,,,,,,,,,,,,,,Masculino,Feminino,Masculino,não anotado,não anotado,não anotado,não anotado
MESTRADO,https://www.repositorio.unicamp.br/acervo/detalhe/1164221,orcid.org/0000-0002-9529-4253,sem orcid,orcid.org/0000-0002-8972-080X,,,,,University of Campinas,11,Pedro J. de Rezende,no info,State University of Campinas,sem orcid,sem orcid,Fábio Usberti,no info,,,,,,,sem orcid,,,,,,,,,,,,,,,,,,,,,,,,,,,,,2021,,,,,,,,,,,,,,,,,,,,,,,,,,,,,,,,,,,,,,Masculino,sem orcid,Masculino,não anotado,não anotado,não anotado,não anotado
MESTRADO,https://www.repositorio.unicamp.br/acervo/detalhe/1165390,orcid.org/0000-0003-0467-3133,orcid.org/0000-0002-5100-7443,orcid.org/0000-0002-1534-5744,,,,,Universidade Estadual de Campinas,12,Esther Luna Colombini,no info,Universidade Estadual de Campinas (UNICAMP),Plinio Thomaz Aquino Junior,Brazil,Paula Dornhofer Paro Costa,Brazil,,,,,,,Centro Universitario FEI,,,,,,,,,,,,,,,,,,,,,,,,,,,,,2021,,,,,,,,,,,,,,,,,,,,,,,,,,,,,,,,,,,,,,Feminino,não anotado,Feminino,não anotado,não anotado,não anotado,não anotado
MESTRADO,https://www.repositorio.unicamp.br/acervo/detalhe/1164542,orcid.org/0000-0003-0125-630X,orcid.org/0000-0002-0023-1971,orcid.org/0000-0001-5201-1244,,,,,University of Campinas,13,Helio Pedrini,Brazil,Universidade Estadual de Campinas (UNICAMP),Ramon Pires,Brazil,Jacques Wainer,Brazil,,,image and video processing; machine learning; computer vision,,,,State University of Campinas (UNICAMP),,,,,,,,,,,,,,,,,,,,,,,,,,,,,2021,,,,,,,,,,,,,,,,,,,,,,,,,,,,,,,,,,,,,,Masculino,não anotado,Masculino,não anotado,não anotado,não anotado,não anotado
MESTRADO,https://www.repositorio.unicamp.br/acervo/detalhe/1165179,orcid.org/0000-0002-4236-8212,orcid.org/0000-0001-7461-7570,orcid.org/0000-0002-9104-613X,,,,,Universidade Estadual de Campinas,14,Anderson Rocha,Brazil,no info,Marjory Da Costa Abreu,no info,Tiago Fernandes Tavares,Brazil,Music Information Retrieval,New Interfaces for Musical Expression,Machine Intelligence; Digital Forensics; Reasoning for Complex Data,,,,Universidade Federal do Rio Grande do Norte,,,,,,,,,,,,,Digital Signal Processing,,ethical artificial intelligence,biometrics,privacy and GDPR,data-drive healthcare,Paulo Freire pedagogy applied to computing,,,,,,,,,,2021,,,,,,,,,digital law,,,,,,,,,,,,,,,,,,,,,,,,,,,,,Masculino,Feminino,Masculino,não anotado,não anotado,não anotado,não anotado
MESTRADO,https://www.repositorio.unicamp.br/acervo/detalhe/1164514,orcid.org/0000-0003-3333-6822,orcid.org/0000-0001-9319-9829,orcid.org/0000-0002-0512-506X,,,,,University of Campinas,15,Zanoni Dias,Brazil,no info,Levy Boccato,no info,Alexandre Ferreira,no info,,,,,,,Universidade Estadual de Campinas (UNICAMP),,,,,,,,,,,,,,,,,,,,,,,,,,,,,2021,,,,,,,,,,,,,,,,,,,,,,,,,,,,,,,,,,,,,,Masculino,Masculino,Masculino,não anotado,não anotado,não anotado,não anotado
MESTRADO,https://www.repositorio.unicamp.br/acervo/detalhe/1165878,orcid.org/0000-0002-5564-698X,orcid.org/0000-0002-9539-6874,sem orcid,,,,,University of Campinas,16,Lucas Wanner,no info,sem orcid,Sandro Rigo,Brazil,sem orcid,sem orcid,,,,,,,Universidade Estadual de Campinas,,,,,,,,,,,,,,,Computer Architecture,Compilers,Code Optimization,High-Performance Computing,,,,,,,,,,,2021,,,,,,,,,,,,,,,,,,,,,,,,,,,,,,,,,,,,,,Masculino,Masculino,sem orcid,não anotado,não anotado,não anotado,não anotado
MESTRADO,https://www.repositorio.unicamp.br/acervo/detalhe/1165392,orcid.org/0000-0003-0125-630X,sem orcid,orcid.org/0000-0003-0467-3133,,,,,University of Campinas,17,Helio Pedrini,Brazil,Universidade Estadual de Campinas,sem orcid,sem orcid,Esther Luna Colombini,no info,,,image and video processing; machine learning; computer vision,,,,sem orcid,,,,,,,,,,,,,,,,,,,,,,,,,,,,,2021,,,,,,,,,,,,,,,,,,,,,,,,,,,,,,,,,,,,,,Masculino,sem orcid,Feminino,não anotado,não anotado,não anotado,não anotado
MESTRADO,https://www.repositorio.unicamp.br/acervo/detalhe/1166292,orcid.org/0000-0002-8972-080X,orcid.org/0000-0003-4655-8934,orcid.org/0000-0003-0125-630X,,,,,State University of Campinas,18,Fábio Usberti,no info,University of Campinas,Daniella Moura,no info,Helio Pedrini,Brazil,image and video processing; machine learning; computer vision,,,,,,Universidade Estadual de Campinas,,,,,,,,,,,,,,,,,,,,,,,,,,,,,2021,,,,,,,,,,,,,,,,,,,,,,,,,,,,,,,,,,,,,,Masculino,não anotado,Masculino,não anotado,não anotado,não anotado,não anotado
MESTRADO,https://www.repositorio.unicamp.br/acervo/detalhe/1165396,orcid.org/0000-0003-0467-3133,orcid.org/0000-0001-6045-1274,sem orcid,,,,,Universidade Estadual de Campinas,19,Esther Luna Colombini,no info,sem orcid,Eduardo Todt,no info,sem orcid,sem orcid,,,,,,,Universidade Federal do Paraná,,,,,,,,,,,,,,,,,,,,,,,,,,,,,2021,,,,,,,,,,,,,,,,,,,,,,,,,,,,,,,,,,,,,,Feminino,não anotado,sem orcid,não anotado,não anotado,não anotado,não anotado
MESTRADO,https://www.repositorio.unicamp.br/acervo/detalhe/1165314,orcid.org/0000-0002-4321-9075,orcid.org/0000-0003-0467-3133,orcid.org/0000-0002-5652-0852,,,,,Universidade Estadual de Campinas,20,Adín Ramírez Rivera,Norway,Universidade Estadual de Campinas,Esther Luna Colombini,no info,Roberto Lotufo,no info,,,,,,,Universidade Estadual de Campinas,,,,,,,,,,,,,,,,,,,,,,,,,,,,,2021,,,,,,,,,,,,,,,,,,,,,,,,,,,,,,,,,,,,,,Masculino,Feminino,Masculino,não anotado,não anotado,não anotado,não anotado
MESTRADO,https://www.repositorio.unicamp.br/acervo/detalhe/1166626,orcid.org/0000-0003-1783-4231,orcid.org/0000-0001-5191-5209,orcid.org/0000-0001-9665-2238,orcid.org/0000-0003-1273-9809,,,,Universidade Estadual de Campinas,21,Edson Borin,no info,Universidade Federal do Rio Grande do Norte,Alba Cristina Magalhaes Alves de Melo,Brazil,Tiago Barros,no info,,,,,,,Universidade de Brasília,,,Hermes Senger,Brazil,,,,,Universidade de São Paulo,,,,,,,,,,,,,,,,,,,,2021,,,,,,,,,,,,,,,,,,,,,,,,,,,,,,,,,,,,,,Masculino,não anotado,não anotado,Masculino,não anotado,não anotado,não anotado
MESTRADO,https://www.repositorio.unicamp.br/acervo/detalhe/1165864,orcid.org/0000-0002-8972-080X,orcid.org/0000-0001-7462-6207,orcid.org/0000-0002-1067-6421,,,,,State University of Campinas,22,Fábio Usberti,no info,no info,M.G.C. Resende,no info,Flávio K. Miyazawa,no info,,,,,,,AT&T Bell Laboratories,,,,,,,,,,,,,,,,,,,,,,,,,,,,,2021,,,,,,,,,,,,,,,,,,,,,,,,,,,,,,,,,,,,,,Masculino,não anotado,Masculino,não anotado,não anotado,não anotado,não anotado
MESTRADO,https://www.repositorio.unicamp.br/acervo/detalhe/1167798,orcid.org/0000-0002-1067-6421,orcid.org/0000-0002-5259-2859,orcid.org/0000-0001-6030-2682,,,,,no info,23,Flávio K. Miyazawa,no info,University of Campinas,Cristina G. Fernandes,no info,Eduardo C. Xavier,Brazil,,,,,,,University of Sao Paulo,,,,,,,,,,,,,,,approximation algorithms,,,,,,,,,,,,,,2021,,,,,,,,,,,,,,,,,,,,,,,,,,,,,,,,,,,,,,Masculino,Feminino,Masculino,não anotado,não anotado,não anotado,não anotado
MESTRADO,https://www.repositorio.unicamp.br/acervo/detalhe/1166643,orcid.org/0000-0003-4869-5190,orcid.org/0000-0001-9068-938X,orcid.org/0000-0003-3738-6448,,,,,Universidade Estadual de Campinas,24,Guido Araujo,no info,Universidade de São Paulo,Sandra Avila,no info,Bruno Albertini,no info,,,,,,,Universidade Estadual de Campinas,,,,,,,,,,,,,,,,,,,,,,,,,,,,,2021,,,,,,,,,,,,,,,,,,,,,,,,,,,,,,,,,,,,,,Masculino,Feminino,Masculino,não anotado,não anotado,não anotado,não anotado
MESTRADO,https://www.repositorio.unicamp.br/acervo/detalhe/1170077,orcid.org/0000-0003-2046-602X,orcid.org/0000-0002-7789-3359,orcid.org/0000-0002-5564-698X,,,,,Universidade Estadual de Campinas,25,Nelson L. S. da Fonseca,no info,University of Campinas,Luís Henrique M. K. Costa,no info,Lucas Wanner,no info,,,,,,,Universidade Federal do Rio de Janeiro,,,,,,,,,,,,,,,,,,,,,,,,,,,,,2021,,,,,,,,,,,,,,,,,,,,,,,,,,,,,,,,,,,,,,Masculino,Masculino,Masculino,não anotado,não anotado,não anotado,não anotado
MESTRADO,https://www.repositorio.unicamp.br/acervo/detalhe/1169412,orcid.org/0000-0003-1001-082X,orcid.org/0000-0001-6476-4534,orcid.org/0000-0002-8972-080X,,,,,University of Campinas,26,Lehilton Pedrosa,no info,State University of Campinas,Mário César San Felice,Brazil,Fábio Usberti,no info,,,,,,,Universidade de São Paulo,,,,,,,,,,,,,,,Approximation Algorithms,Facility Location Problems,Network Design Problems,Randomized Algorithms,Combinatorial Optimization,,,,,,,,,,2021,,,,,,,,,Online Algorithms,,,,,,,,,,Competitive Analysis,,,,,,,,,,,,,,,,,,,Masculino,Masculino,Masculino,não anotado,não anotado,não anotado,não anotado
MESTRADO,https://www.repositorio.unicamp.br/acervo/detalhe/1254071,orcid.org/0000-0002-9529-4253,orcid.org/0000-0003-0750-0502,orcid.org/0000-0001-9068-938X,,,,,University of Campinas,27,Pedro J. de Rezende,no info,Universidade Estadual de Campinas,Alexandru Cristian Telea,no info,Sandra Avila,no info,,,,,,,no info,,,,,,,,,,,,,,,,,,,,,,,,,,,,,2021,,,,,,,,,,,,,,,,,,,,,,,,,,,,,,,,,,,,,,Masculino,Masculino,Feminino,não anotado,não anotado,não anotado,não anotado
MESTRADO,https://www.repositorio.unicamp.br/acervo/detalhe/1170196,orcid.org/0000-0002-1180-2637,orcid.org/0000-0002-6023-5982,orcid.org/0000-0002-2312-7042,,,,,UNICAMP - University of Campinas,28,Edmundo Madeira,no info,Universidade Federal de Santa Catarina,Islene Calciolari Garcia,no info,Mario Dantas,Brazil,HPC, Data Intensive Scalable Computing,,,,,University of Campinas,,,,,,,,,,,,, E-Heath, HCI,,,,,,Distributed and Parallel Computing,,,,,,,,,2021,,,,,,,,,,, IoT,,,,,,,,,,,,,,,,,,,,,,,,,,,Masculino,Feminino,Masculino,não anotado,não anotado,não anotado,não anotado
MESTRADO,https://www.repositorio.unicamp.br/acervo/detalhe/1230257,orcid.org/0000-0001-9068-938X,sem orcid,orcid.org/0000-0003-0467-3133,,,,,Universidade Estadual de Campinas,29,Sandra Avila,no info,Universidade Estadual de Campinas,sem orcid,sem orcid,Esther Luna Colombini,no info,,,,,,,sem orcid,,,,,,,,,,,,,,,,,,,,,,,,,,,,,2021,,,,,,,,,,,,,,,,,,,,,,,,,,,,,,,,,,,,,,Feminino,sem orcid,Feminino,não anotado,não anotado,não anotado,não anotado
MESTRADO,https://www.repositorio.unicamp.br/acervo/detalhe/1235352,orcid.org/0000-0002-7002-875X,orcid.org/0000-0002-7699-8677,orcid.org/0000-0003-4462-3325,,,,,University of Campinas,30,Ricardo Dahab,Brazil,University of Campinas,P. Feofiloff,Brazil,Orlando Lee,no info,,,Cryptography, Graph Theory,,,Universidade de São Paulo,,,,,,,,,,,,,,,combinatorial optimization, graph theory, algorithms,,,,,,,,,,,,2021,,,,,,,,,,,,,,,,,,,,,,,,,,,,,,,,,,,,,,Masculino,Masculino,Masculino,não anotado,não anotado,não anotado,não anotado
MESTRADO,https://www.repositorio.unicamp.br/acervo/detalhe/1235402,orcid.org/0000-0002-1067-6421,orcid.org/0000-0003-2962-2033,orcid.org/0000-0001-8785-5906,orcid.org/0000-0002-1649-6843,,,,no info,31,Flávio K. Miyazawa,no info,University of Waterloo,Manoel Campêlo,Brazil,Ricardo Fukasawa,Canada,integer programming,operations research,,,,,Universidade Federal do Ceará,,,Kelly Poldi,no info,,,,,Universidade Federal de São Paulo,,,,stochastic programming,bilevel optimization,mathematical optimization,integer programming,combinatorial optimization,,,vehicle routing,,,,,,,,,2021,,,,,,,,,,,,,,,,,,,,,,,,,,,,,,,,,,,,,,Masculino,Masculino,Masculino,Feminino,não anotado,não anotado,não anotado
MESTRADO,https://www.repositorio.unicamp.br/acervo/detalhe/1235302,orcid.org/0000-0002-4321-9075,orcid.org/0000-0001-6753-139X,orcid.org/0000-0003-0467-3133,,,,,Universidade Estadual de Campinas,32,Adín Ramírez Rivera,Norway,Universidade Estadual de Campinas,Valdir Grassi Jr,Brazil,Esther Luna Colombini,no info,,,,,,,University of São Paulo,,,,,,,,,,,,,,,,,,,,,,,,,,,,,2021,,,,,,,,,,,,,,,,,,,,,,,,,,,,,,,,,,,,,,Masculino,não anotado,Feminino,não anotado,não anotado,não anotado,não anotado
MESTRADO,https://www.repositorio.unicamp.br/acervo/detalhe/1234583,orcid.org/0000-0002-9539-6874,orcid.org/0000-0002-2457-0783,orcid.org/0000-0002-0375-1657,,,,,Universidade Estadual de Campinas,33,Sandro Rigo,Brazil,Universidade Federal de Minas Gerais,Diego F. Aranha,Denmark,Fernando Magno Quintão Pereira,Brazil,Compilers, Programming Languages,Computer Architecture,Compilers,Code Optimization,High-Performance Computing,Aarhus University,,,,,,,,,,,,,,,Cryptography, Computer Security,,,,,,,,,,,,,2021,,,,,,,,,,,,,,,,,,,,,,,,,,,,,,,,,,,,,,Masculino,Masculino,Masculino,não anotado,não anotado,não anotado,não anotado
MESTRADO,https://www.repositorio.unicamp.br/acervo/detalhe/1233262,orcid.org/0000-0002-2914-5380,orcid.org/0000-0001-8522-2056,orcid.org/0000-0003-2059-9463,,,,,Universidade Estadual de Campinas,34,Alexandre Falcao,Brazil,Universidade de São Paulo,Silvio GUIMARAES,Brazil,Moacir Ponti,no info,,,image processing, visualization, and analysis, (interactive) machine learning ,Pontifícia Universidade Católica de Minas Gerais,,,,,,,,,,,,,,,,,,,,,,,,,,,,,2021,,,,,,,,,,,,,,,,,,,,,,,,,,,,,,,,,,,,,,Masculino,Masculino,Masculino,não anotado,não anotado,não anotado,não anotado
MESTRADO,https://www.repositorio.unicamp.br/acervo/detalhe/1231958,orcid.org/0000-0003-3333-6822,orcid.org/0000-0002-1649-6843,orcid.org/0000-0002-0472-4810,,,,,University of Campinas,35,Zanoni Dias,Brazil,Universidade Estadual de Campinas,Kelly Poldi,no info,Rafael C. S. Schouery,no info,,,,,,,Universidade Federal de São Paulo,,,,,,,,,,,,,,,,,,,,,,,,,,,,,2021,,,,,,,,,,,,,,,,,,,,,,,,,,,,,,,,,,,,,,Masculino,Feminino,Masculino,não anotado,não anotado,não anotado,não anotado
MESTRADO,https://www.repositorio.unicamp.br/acervo/detalhe/1231426,orcid.org/0000-0003-0467-3133,orcid.org/0000-0003-1323-0502,orcid.org/0000-0002-5662-6593,,,,,Universidade Estadual de Campinas,36,Esther Luna Colombini,no info,no info,Paulo Rosa,no info,Isaac Jesus da Silva,Brazil,,,,,,,Instituto Militar de Engenharia,,,,,,,,,,,,,,,,,,,,,,,,,,,,,2021,,,,,,,,,,,,,,,,,,,,,,,,,,,,,,,,,,,,,,Feminino,Masculino,não anotado,não anotado,não anotado,não anotado,não anotado
MESTRADO,https://www.repositorio.unicamp.br/acervo/detalhe/1235753,orcid.org/0000-0003-1783-4231,sem orcid,orcid.org/0000-0002-1180-2637,orcid.org/0000-0001-7131-8989,,,,Universidade Estadual de Campinas,37,Edson Borin,no info,UNICAMP - University of Campinas,sem orcid,sem orcid,Edmundo Madeira,no info,,,,,,,sem orcid,,,Luís Fernando Gomez Gonzalez,no info,,,,,no info,,,,,,,,,,,,,,,,,,,,2021,,,,,,,,,,,,,,,,,,,,,,,,,,,,,,,,,,,,,,Masculino,sem orcid,Masculino,não anotado,não anotado,não anotado,não anotado
MESTRADO,https://www.repositorio.unicamp.br/acervo/detalhe/1260506,orcid.org/0000-0001-7878-4990,orcid.org/0000-0003-0125-630X,orcid.org/0000-0001-8024-8628,,,,,State University of Campinas,38,Joao Meidanis,no info,no info,Helio Pedrini,Brazil,Pedro Otavio de Campos-Lima,no info,,,,,,,University of Campinas,,,,,,,,,,,,,,,image and video processing; machine learning; computer vision,,,,,,,,,,,,,,2021,,,,,,,,,,,,,,,,,,,,,,,,,,,,,,,,,,,,,,Masculino,Masculino,não anotado,não anotado,não anotado,não anotado,não anotado
MESTRADO,https://www.repositorio.unicamp.br/acervo/detalhe/1236160,orcid.org/0000-0002-7603-9695,orcid.org/0000-0003-4549-7105,orcid.org/0000-0002-0796-3868,,,,,Universidade Estadual de Campinas,39,Leonardo Montecchi,Norway,Instituto Nacional de Pesquisas Espaciais,Cecilia Mary Fischer Rubira Rubira,no info,Fátima Mattiello-Francisco,Brazil,Space engineering, Verification and Validation,,,,,no info,,,,,,,,,,,,,  operation concept,,,,,,,,,,,,,,,,2021,,,,,,,,,,,,,,,,,,,,,,,,,,,,,,,,,,,,,,Masculino,Feminino,Feminino,não anotado,não anotado,não anotado,não anotado
MESTRADO,https://www.repositorio.unicamp.br/acervo/detalhe/1236643,orcid.org/0000-0002-9545-2098,orcid.org/0000-0002-0281-8952,orcid.org/0000-0002-7603-9695,,,,,Universidade Estadual de Campinas (UNICAMP),40,Julio Cesar Dos Reis,no info,Universidade Estadual de Campinas,Rita Cristina Galarraga Berardi,Brazil,Leonardo Montecchi,Norway,,,,,,,Federal University of Technology – Paraná,,,,,,,,,,,,,,,,,,,,,,,,,,,,,2021,,,,,,,,,,,,,,,,,,,,,,,,,,,,,,,,,,,,,,Masculino,não anotado,Masculino,não anotado,não anotado,não anotado,não anotado
DOUTORADO,https://www.repositorio.unicamp.br/acervo/detalhe/1164717,orcid.org/0000-0001-9772-263X,orcid.org/0000-0003-4929-7258,orcid.org/0000-0003-2059-9463,orcid.org/0000-0001-9068-938X,orcid.org/0000-0003-0125-630X,,,Universidade Estadual de Campinas,41,Ricardo Torres,Netherlands,Universidade de São Paulo,Agma Traina,no info,Moacir Ponti,no info,,,multimedia retrieval,multimedia classification,machine learning,information visualization,Universidade de São Paulo Instituto de Ciências Matemáticas e de Computação,University of Campinas,,Sandra Avila,no info,,,,,Universidade Estadual de Campinas,Helio Pedrini,Brazil,,,,,,,,,,,,,image and video processing; machine learning; computer vision,,,,,2021,data science,,,,,,,,,,,,,,,,,,,,,,,,,,,,,,,,,,,,,Masculino,Feminino,Masculino,Feminino,Masculino,não anotado,não anotado
DOUTORADO,https://www.repositorio.unicamp.br/acervo/detalhe/1164217,orcid.org/0000-0002-9545-2098,orcid.org/0000-0002-1736-544X,sem orcid,orcid.org/0000-0003-1908-4753,orcid.org/0000-0002-4830-5298,,,Universidade Estadual de Campinas (UNICAMP),42,Julio Cesar Dos Reis,no info,sem orcid,Luciana Zaina,Brazil,sem orcid,sem orcid,,,,,,,Universidade Federal de São Carlos,Universidade Estadual de Campinas,,Claudia Medeiros,Brazil,,,,,Universidade Estadual de Campinas Instituto de Computação,Maria Cecilia Calani Baranauskas,Brazil,,,,UX design,UX,Agile UX,Agile practices,,,Scientific data management, Data interoperability, Open Science,HCI,Socially Aware Design,Organizational Semiotics,Participatory Design,,2021,,,,,,,,,,,,,,,,,,,,,,,,,,,,,,,,,,,,,,Masculino,Feminino,sem orcid,Feminino,Feminino,não anotado,não anotado
DOUTORADO,https://www.repositorio.unicamp.br/acervo/detalhe/1164423,orcid.org/0000-0003-0125-630X,orcid.org/0000-0003-2973-2232,orcid.org/0000-0001-8597-4987,orcid.org/0000-0003-0467-3133,orcid.org/0000-0002-0512-506X,,,University of Campinas,43,Helio Pedrini,Brazil,Universidade Federal do ABC,Erickson R. Nascimento,Brazil,Ronaldo Prati,no info,data mining, machine learning,image and video processing; machine learning; computer vision,,,,Universidade Federal de Minas Gerais,no info,,Esther Luna Colombini,no info,,,,,Universidade Estadual de Campinas,Alexandre Ferreira,no info,, artificial intelligence,,Computer Vision,Pattern Recognition,Underwater Imaging,,,,,,,,,,,,2021,,,,,,,,,,,,,,,,,,,,,,,,,,,,,,,,,,,,,,Masculino,Masculino,Masculino,Feminino,Masculino,não anotado,não anotado
DOUTORADO,https://www.repositorio.unicamp.br/acervo/detalhe/1165307,orcid.org/0000-0002-2457-0783,orcid.org/0000-0001-5227-7165,orcid.org/0000-0001-9241-2229,sem orcid,,,,Aarhus University,44,Diego F. Aranha,Denmark,University of Campinas,Marcos Simplicio,Brazil,Marco A. Amaral Henriques,no info,,,Cryptography, Computer Security,,,Universidade de São Paulo,,,sem orcid,sem orcid,,,,,sem orcid,,,,,,,,,,,,,,,,,,,,2021,,,,,,,,,,,,,,,,,,,,,,,,,,,,,,,,,,,,,,Masculino,Masculino,Masculino,sem orcid,não anotado,não anotado,não anotado
DOUTORADO,https://www.repositorio.unicamp.br/acervo/detalhe/1166371,orcid.org/0000-0002-8803-0401,sem orcid,sem orcid,orcid.org/0000-0003-2419-6979,,,,UNICAMP,45,Rodolfo Azevedo,Brazil,sem orcid,sem orcid,sem orcid,sem orcid,sem orcid,,,,,,,sem orcid,,,Hugo E. Hernandez-Figueroa,Brazil,,,,,Universidade Estadual de Campinas,,,,,,,,,,,,Computational electromagnetics,Radiating structures,Microwaves,,,,,,2021,,,,,,,Photonics,,,,,,,,,,,,,,,,,,,,,,,,,,,,,,,Masculino,sem orcid,sem orcid,não anotado,não anotado,não anotado,não anotado
DOUTORADO,https://www.repositorio.unicamp.br/acervo/detalhe/1165291,orcid.org/0000-0003-0125-630X,sem orcid,orcid.org/0000-0001-9034-5173,sem orcid,sem orcid,,,University of Campinas,46,Helio Pedrini,Brazil,Universidade de São Paulo,sem orcid,sem orcid,Ricardo Ehlers,Brazil,Bayesian Methods,Monte Carlo,image and video processing; machine learning; computer vision,,,,sem orcid,sem orcid,,sem orcid,sem orcid,,,,,sem orcid,sem orcid,sem orcid,,Econometrics,Time Series,,,,,,,,,,,,,,,2021,,,,,,,,,,,,,,,,,,,,,,,,,,,,,,,,,,,,,,Masculino,sem orcid,não anotado,sem orcid,sem orcid,não anotado,não anotado
DOUTORADO,https://www.repositorio.unicamp.br/acervo/detalhe/1166113,orcid.org/0000-0002-3372-3366,sem orcid,orcid.org/0000-0001-6994-8076,orcid.org/0000-0001-6760-4675,,,,Universidade Estadual de Campinas,47,Leandro Villas,Brazil,Federal University of Technology – Paraná,sem orcid,sem orcid,Thiago Henrique Silva,Brazil,Data Mining, Machine  Learning,,,,,sem orcid,,,Marilia Curado,no info,,,,,University of Coimbra,,,, Social Networks, Urban Computing,,,,,,,Communication systems and protocols, wireless networks, quality of experience,,,,,,2021,,,,,,, quality of service, resilience,,,,,,,,,,,,,,,,, energy efficiency,,,,,,,,,,,,,Masculino,sem orcid,Masculino,não anotado,não anotado,não anotado,não anotado
DOUTORADO,https://www.repositorio.unicamp.br/acervo/detalhe/1166600,orcid.org/0000-0002-3891-1593,sem orcid,sem orcid,orcid.org/0000-0003-0125-630X,,,,Universidade Estadual de Campinas,48,mario cortes,no info,sem orcid,sem orcid,sem orcid,sem orcid,sem orcid,,,,,,,sem orcid,,,Helio Pedrini,Brazil,,,,,University of Campinas,,,,,,,,,,,,image and video processing; machine learning; computer vision,,,,,,,,2021,,,,,,,,,,,,,,,,,,,,,,,,,,,,,,,,,,,,,,Masculino,sem orcid,sem orcid,Masculino,não anotado,não anotado,não anotado
DOUTORADO,https://www.repositorio.unicamp.br/acervo/detalhe/1167318,orcid.org/0000-0002-4236-8212,sem orcid,orcid.org/0000-0001-7953-6227,orcid.org/0000-0002-9104-613X,orcid.org/0000-0001-5201-1244,,,Universidade Estadual de Campinas,49,Anderson Rocha,Brazil,no info,sem orcid,sem orcid,Flavio Elias de Deus,no info,,,Machine Intelligence; Digital Forensics; Reasoning for Complex Data,,,,sem orcid,Universidade Estadual de Campinas (UNICAMP),,Tiago Fernandes Tavares,Brazil,,,,,no info,Jacques Wainer,Brazil,,,,,,,,,,Music Information Retrieval,New Interfaces for Musical Expression,Digital Signal Processing,,,,,,2021,,,,,,,,,,,,,,,,,,,,,,,,,,,,,,,,,,,,,,Masculino,sem orcid,não anotado,Masculino,Masculino,não anotado,não anotado
DOUTORADO,https://www.repositorio.unicamp.br/acervo/detalhe/1234579,orcid.org/0000-0001-9772-263X,orcid.org/0000-0001-7326-5032,sem orcid,orcid.org/0000-0002-4763-3046,orcid.org/0000-0002-4641-0684,,,Universidade Estadual de Campinas,50,Ricardo Torres,Netherlands,sem orcid,"Parpinelli, R.S.",Brazil,sem orcid,sem orcid,,,multimedia retrieval,multimedia classification,machine learning,information visualization,Universidade do Estado de Santa Catarina - UDESC,Universidade Estadual de Campinas,,Ulisses Dias,no info,,,,,University of Campinas,Guilherme Palermo Coelho,Brazil,,,,Evolutionary Computation,Swarm Intelligence,Ecology-based Optimization Algorithms,,,,,,,Computational Intelligence,Machine Learning,Multi-objective Optimization,Natural Computing,Meta-heuristics,2021,data science,,,,,,,,,Artificial Neural Networks,,,,,,,,,,,,,,,,Ensembles,,,,,,,,,,,,Masculino,não anotado,sem orcid,Masculino,Masculino,não anotado,não anotado
DOUTORADO,https://www.repositorio.unicamp.br/acervo/detalhe/1170202,orcid.org/0000-0002-1180-2637,orcid.org/0000-0001-8956-8660,orcid.org/0000-0002-8781-3914,orcid.org/0000-0003-3109-4305,,,,UNICAMP - University of Campinas,51,Edmundo Madeira,no info,Federal University of Uberlândia,Lisandro Zambenedetti Granville,Brazil,Rafael Pasquini,no info,,,,,,,Federal University of Rio Grande do Sul,,,Christian Esteve Rothenberg,no info,,,,,Universidade Estadual de Campinas (UNICAMP),,,,,,,,,,,,,,,,,,,,2021,,,,,,,,,,,,,,,,,,,,,,,,,,,,,,,,,,,,,,Masculino,Masculino,Masculino,Masculino,não anotado,não anotado,não anotado
DOUTORADO,https://www.repositorio.unicamp.br/acervo/detalhe/1167889,orcid.org/0000-0003-4869-5190,orcid.org/0000-0002-1743-8004,sem orcid,orcid.org/0000-0003-1802-7829,orcid.org/0000-0002-0210-0908,,,Universidade Estadual de Campinas,52,Guido Araujo,no info,sem orcid,Vanderlei Bonato,Brazil,sem orcid,sem orcid,,,,,,,no info,Universidade Estadual de Campinas,,Ricardo Ferreira,no info,,,,,Universidade Federal de Viçosa,Ricardo  Pannain,no info,,,,,,,,,,,,,,,,,,2021,,,,,,,,,,,,,,,,,,,,,,,,,,,,,,,,,,,,,,Masculino,não anotado,sem orcid,Masculino,Masculino,não anotado,não anotado
DOUTORADO,https://www.repositorio.unicamp.br/acervo/detalhe/1235386,orcid.org/0000-0003-1001-082X,orcid.org/0000-0002-5259-2859,orcid.org/0000-0001-9924-0079,orcid.org/0000-0002-1067-6421,orcid.org/0000-0002-7002-875X,,,University of Campinas,53,Lehilton Pedrosa,no info,no info,Cristina G. Fernandes,no info,Fabio Protti,no info,,,,,,,University of Sao Paulo,University of Campinas,,Flávio K. Miyazawa,no info,,,,,no info,Ricardo Dahab,Brazil,,,,approximation algorithms,,,,,,,,,Cryptography, Graph Theory,,,,2021,,,,,,,,,,,,,,,,,,,,,,,,,,,,,,,,,,,,,,Masculino,Feminino,Masculino,Masculino,Masculino,não anotado,não anotado
DOUTORADO,https://www.repositorio.unicamp.br/acervo/detalhe/1236423,orcid.org/0000-0002-1067-6421,orcid.org/0000-0002-8687-2613,orcid.org/0000-0002-9598-5732,orcid.org/0000-0002-2635-0522,orcid.org/0000-0001-9383-4546,,,no info,54,Flávio K. Miyazawa,no info,no info,Eduardo Uchoa,no info,Luciana Buriol,no info,,,,,,,no info,Johannes Gutenberg University Mainz,,Marco Lübbecke,Germany,,,,,Technische Universität Berlin,Stefan  Irnich,no info,,,,,,,,,,operations research,integer programming,decomposition methods,,,,,,2021,,,,,,,,,,,,,,,,,,,,,,,,,,,,,,,,,,,,,,Masculino,Masculino,Feminino,não anotado,não anotado,não anotado,não anotado
DOUTORADO,https://www.repositorio.unicamp.br/acervo/detalhe/1236073,orcid.org/0000-0002-4236-8212,orcid.org/0000-0003-2059-9463,orcid.org/0000-0002-5184-9413,orcid.org/0000-0003-1927-0142,,,,Universidade Estadual de Campinas,55,Anderson Rocha,Brazil,no info,Moacir Ponti,no info,Diego Furtado Silva,no info,,,Machine Intelligence; Digital Forensics; Reasoning for Complex Data,,,,Universidade de São Paulo,,,"Cunha, S.A.",no info,,,,,no info,,,,,,,,,,,,,,,,,,,,2021,,,,,,,,,,,,,,,,,,,,,,,,,,,,,,,,,,,,,,Masculino,Masculino,não anotado,não anotado,não anotado,não anotado,não anotado
DOUTORADO,https://www.repositorio.unicamp.br/acervo/detalhe/1237384,orcid.org/0000-0003-1783-4231,orcid.org/0000-0002-8980-6208,orcid.org/0000-0002-8889-1586,sem orcid,orcid.org/0000-0002-8803-0401,,,Universidade Estadual de Campinas,56,Edson Borin,no info,University of Sheffield,Felipe M. G. França,no info,Jefersson A. dos Santos,no info,Pattern Recognition, Image Processing,,,,,Universidade Federal do Rio de Janeiro,UNICAMP,,sem orcid,sem orcid,,,,,sem orcid,Rodolfo Azevedo,Brazil,, Content-Based Image Retrieval, Remote Sensing,,,,,,,,,,,,,,,2021,,,,,,,,,,,,,,,,,,,,,,,,,,,,,,,,,,,,,,Masculino,não anotado,Masculino,sem orcid,Masculino,não anotado,não anotado
DOUTORADO,https://www.repositorio.unicamp.br/acervo/detalhe/1237309,orcid.org/0000-0001-9772-263X,orcid.org/0000-0002-6494-7514,orcid.org/0000-0002-1756-4852,orcid.org/0000-0001-5295-3514,orcid.org/0000-0002-0512-506X,,,Universidade Estadual de Campinas,57,Ricardo Torres,Netherlands,Universidade Estadual de Campinas,João Paulo Papa,no info,André Santanchè,no info,,,multimedia retrieval,multimedia classification,machine learning,information visualization,no info,no info,,Luiz Camolesi Júnior,no info,,,,,Universidade Estadual de Campinas,Alexandre Ferreira,no info,,,,machine learning, image processing, computervision, meta-heuristics,,,,,,,,,,,2021,data science,,,,,,,,,,,,,,,,,,,,,,,,,,,,,,,,,,,,,Masculino,Masculino,Masculino,Masculino,Masculino,não anotado,não anotado
MESTRADO,https://www.repositorio.unicamp.br/acervo/detalhe/1260802,orcid.org/0000-0003-0125-630X,orcid.org/0000-0002-9318-7956,orcid.org/0000-0002-1756-4852,,,,,University of Campinas,0,Helio Pedrini,Brazil,Universidade Estadual de Campinas,Antonio Carlos Aloise,no info,André Santanchè,no info,,,image and video processing; machine learning; computer vision,,,,no info,,,,,,,,,,,,,,,,,,,,,,,,,,,,,2022,,,,,,,,,,,,,,,,,,,,,,,,,,,,,,,,,,,,,,Masculino,Masculino,Masculino,não anotado,não anotado,não anotado,não anotado
MESTRADO,https://www.repositorio.unicamp.br/acervo/detalhe/1241594,orcid.org/0000-0003-1783-4231,sem orcid,orcid.org/0000-0002-4531-1473,,,,,Universidade Estadual de Campinas,1,Edson Borin,no info,Universidade Estadual de Campinas,sem orcid,sem orcid,Breno Bernard Nicolau de França,Brazil,Empirical Software Engineering,Continuous Software Engineering,,,,,sem orcid,,,,,,,,,,,,,Software Architecture,,,,,,,,,,,,,,,,2022,,,,,,,,,,,,,,,,,,,,,,,,,,,,,,,,,,,,,,Masculino,sem orcid,Masculino,não anotado,não anotado,não anotado,não anotado
MESTRADO,https://www.repositorio.unicamp.br/acervo/detalhe/1239069,orcid.org/0000-0002-4531-1473,orcid.org/0000-0001-7598-2799,orcid.org/0000-0002-9545-2098,,,,,Universidade Estadual de Campinas,2,Breno Bernard Nicolau de França,Brazil,Universidade Estadual de Campinas (UNICAMP),Gustavo Pinto,Brazil,Julio Cesar Dos Reis,no info,,,Empirical Software Engineering,Continuous Software Engineering,Software Architecture,,no info,,,,,,,,,,,,,,,,,,,,,,,,,,,,,2022,,,,,,,,,,,,,,,,,,,,,,,,,,,,,,,,,,,,,,Masculino,Masculino,Masculino,não anotado,não anotado,não anotado,não anotado
MESTRADO,https://www.repositorio.unicamp.br/acervo/detalhe/1241978,orcid.org/0000-0002-4321-9075,orcid.org/0000-0003-0125-630X,orcid.org/0000-0001-5396-9868,,,,,Universidade Estadual de Campinas,3,Adín Ramírez Rivera,Norway,Universidade Estadual de Campinas,Helio Pedrini,Brazil,Eduardo Valle,Brazil,,,,,,,University of Campinas,,,,,,,,,,,,,,,image and video processing; machine learning; computer vision,,,,,,,,,,,,,,2022,,,,,,,,,,,,,,,,,,,,,,,,,,,,,,,,,,,,,,Masculino,Masculino,Masculino,não anotado,não anotado,não anotado,não anotado
MESTRADO,https://www.repositorio.unicamp.br/acervo/detalhe/1241300,orcid.org/0000-0002-7002-875X,orcid.org/0000-0002-6044-4012,orcid.org/0000-0001-9068-938X,,,,,University of Campinas,4,Ricardo Dahab,Brazil,Universidade Estadual de Campinas,Nuno Antunes,Portugal,Sandra Avila,no info,,,Cryptography, Graph Theory,,,no info,,,,,,,,,,,,,,,Security; Dependable Systems; Cloud Security; Software Vulnerabilities,,,,,,,,,,,,,,2022,,,,,,,,,,,,,,,,,,,,,,,,,,,,,,,,,,,,,,Masculino,Masculino,Feminino,não anotado,não anotado,não anotado,não anotado
MESTRADO,https://www.repositorio.unicamp.br/acervo/detalhe/1242931,orcid.org/0000-0001-9068-938X,orcid.org/0000-0003-0125-630X,orcid.org/0000-0003-2112-4806,,,,,Universidade Estadual de Campinas,5,Sandra Avila,no info,no info,Helio Pedrini,Brazil,Cristina Vasconcelos,no info,,,,,,,University of Campinas,,,,,,,,,,,,,,,image and video processing; machine learning; computer vision,,,,,,,,,,,,,,2022,,,,,,,,,,,,,,,,,,,,,,,,,,,,,,,,,,,,,,Feminino,Masculino,Feminino,não anotado,não anotado,não anotado,não anotado
MESTRADO,https://www.repositorio.unicamp.br/acervo/detalhe/1242951,orcid.org/0000-0002-1756-4852,sem orcid,orcid.org/0000-0002-9545-2098,,,,,Universidade Estadual de Campinas,6,André Santanchè,no info,Universidade Estadual de Campinas (UNICAMP),sem orcid,sem orcid,Julio Cesar Dos Reis,no info,,,,,,,sem orcid,,,,,,,,,,,,,,,,,,,,,,,,,,,,,2022,,,,,,,,,,,,,,,,,,,,,,,,,,,,,,,,,,,,,,Masculino,sem orcid,Masculino,não anotado,não anotado,não anotado,não anotado
MESTRADO,https://www.repositorio.unicamp.br/acervo/detalhe/1243028,orcid.org/0000-0002-9545-2098,orcid.org/0000-0002-0512-506X,orcid.org/0000-0001-6994-8076,,,,,Universidade Estadual de Campinas (UNICAMP),7,Julio Cesar Dos Reis,no info,Federal University of Technology – Paraná,Alexandre Ferreira,no info,Thiago Henrique Silva,Brazil,Data Mining, Machine  Learning,,,,,no info,,,,,,,,,,,,, Social Networks, Urban Computing,,,,,,,,,,,,,,,2022,,,,,,,,,,,,,,,,,,,,,,,,,,,,,,,,,,,,,,Masculino,Masculino,Masculino,não anotado,não anotado,não anotado,não anotado
MESTRADO,https://www.repositorio.unicamp.br/acervo/detalhe/1243332,orcid.org/0000-0002-6023-5982,orcid.org/0000-0001-8657-3800,orcid.org/0000-0002-8603-699X,,,,,University of Campinas,8,Islene Calciolari Garcia,no info,University of Campinas,Joel Rodrigues,Brazil,Juliana Freitag Borin,Brazil,Internet of Things, Smart Cities,,,,,Universidade da Beira Interior,,,,,,,,,,,,, Computer network protocols,,Sensor networks and IoT,e-health technologies, Vehicular communications, mobile and cloud computing, Mobile and ubiquitous computing,,,,,,,,,,2022,,,,,,,,,,,,,,,,,,,,,,,,,,,,,,,,,,,,,,Feminino,Masculino,Feminino,não anotado,não anotado,não anotado,não anotado
MESTRADO,https://www.repositorio.unicamp.br/acervo/detalhe/1242638,orcid.org/0000-0003-4462-3325,orcid.org/0000-0003-1381-4794,sem orcid,,,,,University of Campinas,9,Orlando Lee,no info,sem orcid,Maycon Sambinelli,no info,sem orcid,sem orcid,,,,,,,University of Sao Paulo,,,,,,,,,,,,,,,,,,,,,,,,,,,,,2022,,,,,,,,,,,,,,,,,,,,,,,,,,,,,,,,,,,,,,Masculino,Masculino,sem orcid,não anotado,não anotado,não anotado,não anotado
MESTRADO,https://www.repositorio.unicamp.br/acervo/detalhe/1242691,orcid.org/0000-0003-0125-630X,orcid.org/0000-0001-8229-3385,orcid.org/0000-0002-8429-4119,,,,,University of Campinas,10,Helio Pedrini,Brazil,CDI-Solutions,Afonso Paiva,Brazil,Aurea Soriano-Vargas,Brazil,Computer Science,Information Visualization,image and video processing; machine learning; computer vision,,,,Universidade de São Paulo Instituto de Ciências Matemáticas e de Computação,,,,,,,,,,,,,Visual Analytics,Data Science,,,,,,Artificial Intelligence,,,,,,,,,2022,,,,,,,,,,,Data Representation,Machine Learning,Deep Learning,,,,,,,,,,,,,,,,,,,,,,,,,Masculino,Masculino,Feminino,não anotado,não anotado,não anotado,não anotado
MESTRADO,https://www.repositorio.unicamp.br/acervo/detalhe/1245035,orcid.org/0000-0002-7603-9695,orcid.org/0000-0003-0467-3133,orcid.org/0000-0001-9820-6047,,,,,Universidade Estadual de Campinas,11,Leonardo Montecchi,Norway,University of Florence,Esther Luna Colombini,no info,TOMMASO ZOPPI,Italy,Anomaly Detection, Intrusion Detection,,,,,Universidade Estadual de Campinas,,,,,,,,,,,,, Unsupervised Learning, Safety,,,,,, Security,,,,,,,,,2022,,,,,,,,,,,,,,,,,,,,,,,,,,,,,,,,,,,,,,Masculino,Feminino,Masculino,não anotado,não anotado,não anotado,não anotado
MESTRADO,https://www.repositorio.unicamp.br/acervo/detalhe/1246210,orcid.org/0000-0002-4321-9075,orcid.org/0000-0003-0125-630X,orcid.org/0000-0002-5652-0852,,,,,Universidade Estadual de Campinas,12,Adín Ramírez Rivera,Norway,Universidade Estadual de Campinas,Helio Pedrini,Brazil,Roberto Lotufo,no info,,,,,,,University of Campinas,,,,,,,,,,,,,,,image and video processing; machine learning; computer vision,,,,,,,,,,,,,,2022,,,,,,,,,,,,,,,,,,,,,,,,,,,,,,,,,,,,,,Masculino,Masculino,Masculino,não anotado,não anotado,não anotado,não anotado
MESTRADO,https://www.repositorio.unicamp.br/acervo/detalhe/1244851,orcid.org/0000-0002-8972-080X,orcid.org/0000-0002-3734-7679,orcid.org/0000-0001-6030-2682,,,,,State University of Campinas,13,Fábio Usberti,no info,University of Campinas,Pedro Hokama,no info,Eduardo C. Xavier,Brazil,,,,,,,Universidade Federal de Itajubá,,,,,,,,,,,,,,,,,,,,,,,,,,,,,2022,,,,,,,,,,,,,,,,,,,,,,,,,,,,,,,,,,,,,,Masculino,Masculino,Masculino,não anotado,não anotado,não anotado,não anotado
MESTRADO,https://www.repositorio.unicamp.br/acervo/detalhe/1246709,orcid.org/0000-0002-4236-8212,orcid.org/0000-0002-6494-7514,orcid.org/0000-0001-9068-938X,,,,,Universidade Estadual de Campinas,14,Anderson Rocha,Brazil,Universidade Estadual de Campinas,João Paulo Papa,no info,Sandra Avila,no info,,,Machine Intelligence; Digital Forensics; Reasoning for Complex Data,,,,no info,,,,,,,,,,,,,,,machine learning, image processing, computervision, meta-heuristics,,,,,,,,,,,2022,,,,,,,,,,,,,,,,,,,,,,,,,,,,,,,,,,,,,,Masculino,Masculino,Feminino,não anotado,não anotado,não anotado,não anotado
MESTRADO,https://www.repositorio.unicamp.br/acervo/detalhe/1247332,orcid.org/0000-0001-5201-1244,orcid.org/0000-0002-1756-4852,orcid.org/0000-0001-7509-5532,,,,,no info,15,Jacques Wainer,Brazil,Universidade Federal do ABC,André Santanchè,no info,Jesús P. Mena-Chalco,no info,,,,,,,Universidade Estadual de Campinas,,,,,,,,,,,,,,,,,,,,,,,,,,,,,2022,,,,,,,,,,,,,,,,,,,,,,,,,,,,,,,,,,,,,,Masculino,Masculino,Masculino,não anotado,não anotado,não anotado,não anotado
MESTRADO,https://www.repositorio.unicamp.br/acervo/detalhe/1246230,orcid.org/0000-0003-0467-3133,orcid.org/0000-0002-0357-8655,orcid.org/0000-0003-0125-630X,,,,,Universidade Estadual de Campinas,16,Esther Luna Colombini,no info,University of Campinas,Eduardo Oliveira Freire,no info,Helio Pedrini,Brazil,image and video processing; machine learning; computer vision,,,,,,Universidade Federal de Sergipe,,,,,,,,,,,,,,,,,,,,,,,,,,,,,2022,,,,,,,,,,,,,,,,,,,,,,,,,,,,,,,,,,,,,,Feminino,Masculino,Masculino,não anotado,não anotado,não anotado,não anotado
MESTRADO,https://www.repositorio.unicamp.br/acervo/detalhe/1247973,orcid.org/0000-0003-2608-4807,orcid.org/0000-0001-7878-4990,orcid.org/0000-0001-6928-0168,,,,,Universidade Estadual de Campinas,17,Guilherme P. Telles,Brazil,no info,Joao Meidanis,no info,Marinella Sciortino,no info,,,,,,,State University of Campinas,,,,,,,,,,,,,,,,,,,,,,,,,,,,,2022,,,,,,,,,,,,,,,,,,,,,,,,,,,,,,,,,,,,,,Masculino,Masculino,Feminino,não anotado,não anotado,não anotado,não anotado
MESTRADO,https://www.repositorio.unicamp.br/acervo/detalhe/1248397,orcid.org/0000-0002-8603-699X,orcid.org/0000-0003-3765-8300,orcid.org/0000-0002-0713-0583,,,,,University of Campinas,18,Juliana Freitag Borin,Brazil,no info,Allan Pinto,Brazil,Fabrício Silva,no info,,,Internet of Things, Smart Cities, Computer network protocols,,Brazilian Center for Research in Energy and Materials,,,,,,,,,,,,,,,Computer Vision,Artificial Intelligence/Machine Learning,High-Performance Computing,Synchrotron Radiation,Image and video analysis,,,,,,,,,,2022,,,,,,,,,,,,,,,,,,,,,,,,,,,,,,,,,,,,,,Feminino,Masculino,Masculino,não anotado,não anotado,não anotado,não anotado
MESTRADO,https://www.repositorio.unicamp.br/acervo/detalhe/1249913,orcid.org/0000-0003-1214-3431,orcid.org/0000-0003-1783-4231,orcid.org/0000-0001-5746-4154,,,,,Universidade Estadual de Campinas,19,Hervé Yviquel,Brazil,no info,Edson Borin,no info,Alfredo Goldman,no info,,,Parallel Computing,High Performance Computing,Parallel Programming Model,Compilers,Universidade Estadual de Campinas,,,,,,,,,,,,,,,,,,,,,,,,,,,,,2022,,,,,,,,,,,,,,,,,,,,,,,,,,,,,,,,,,,,,,Masculino,Masculino,Masculino,não anotado,não anotado,não anotado,não anotado
MESTRADO,https://www.repositorio.unicamp.br/acervo/detalhe/1254536,orcid.org/0000-0001-9068-938X,orcid.org/0000-0001-9319-9829,orcid.org/0000-0002-8429-4119,,,,,Universidade Estadual de Campinas,20,Sandra Avila,no info,CDI-Solutions,Levy Boccato,no info,Aurea Soriano-Vargas,Brazil,Computer Science,Information Visualization,,,,,Universidade Estadual de Campinas (UNICAMP),,,,,,,,,,,,,Visual Analytics,Data Science,,,,,,Artificial Intelligence,,,,,,,,,2022,,,,,,,,,,,Data Representation,Machine Learning,Deep Learning,,,,,,,,,,,,,,,,,,,,,,,,,Feminino,Masculino,Feminino,não anotado,não anotado,não anotado,não anotado
MESTRADO,https://www.repositorio.unicamp.br/acervo/detalhe/1253585,orcid.org/0000-0003-0125-630X,orcid.org/0000-0002-1756-4852,orcid.org/0000-0002-1546-3740,,,,,University of Campinas,21,Helio Pedrini,Brazil,Universidade Federal de Minas Gerais,André Santanchè,no info,Carlos Caetano,Brazil,,,image and video processing; machine learning; computer vision,,,,Universidade Estadual de Campinas,,,,,,,,,,,,,,,,,,,,,,,,,,,,,2022,,,,,,,,,,,,,,,,,,,,,,,,,,,,,,,,,,,,,,Masculino,Masculino,Masculino,não anotado,não anotado,não anotado,não anotado
MESTRADO,https://www.repositorio.unicamp.br/acervo/detalhe/1371284,orcid.org/0000-0003-1783-4231,orcid.org/0000-0002-4128-5415,orcid.org/0000-0003-0499-2564,,,,,Universidade Estadual de Campinas,22,Edson Borin,no info,Universidade Estadual de Campinas (UNICAMP),Fernando J. Von Zuben,no info,Marcos M. Raimundo,no info,,,,,,,Universidade Estadual de Campinas,,,,,,,,,,,,,,,,,,,,,,,,,,,,,2022,,,,,,,,,,,,,,,,,,,,,,,,,,,,,,,,,,,,,,Masculino,Masculino,Masculino,não anotado,não anotado,não anotado,não anotado
MESTRADO,https://www.repositorio.unicamp.br/acervo/detalhe/1254318,orcid.org/0000-0003-1214-3431,orcid.org/0000-0003-1527-9668,orcid.org/0000-0002-5564-698X,,,,,Universidade Estadual de Campinas,23,Hervé Yviquel,Brazil,University of Campinas,Karol Desnos,no info,Lucas Wanner,no info,,,Parallel Computing,High Performance Computing,Parallel Programming Model,Compilers,Institut National des Sciences Appliquées de Rennes,,,,,,,,,,,,,,,,,,,,,,,,,,,,,2022,,,,,,,,,,,,,,,,,,,,,,,,,,,,,,,,,,,,,,Masculino,Feminino,Masculino,não anotado,não anotado,não anotado,não anotado
MESTRADO,https://www.repositorio.unicamp.br/acervo/detalhe/1371294,orcid.org/0000-0003-2608-4807,orcid.org/0000-0003-0125-630X,orcid.org/0000-0002-1287-8019,,,,,Universidade Estadual de Campinas,25,Guilherme P. Telles,Brazil,no info,Helio Pedrini,Brazil,Paulo Oliveira,no info,,,,,,,University of Campinas,,,,,,,,,,,,,,,image and video processing; machine learning; computer vision,,,,,,,,,,,,,,2022,,,,,,,,,,,,,,,,,,,,,,,,,,,,,,,,,,,,,,Masculino,Masculino,Masculino,não anotado,não anotado,não anotado,não anotado
MESTRADO,https://www.repositorio.unicamp.br/acervo/detalhe/1256874,orcid.org/0000-0001-9068-938X,orcid.org/0000-0001-6465-356X,sem orcid,orcid.org/0000-0002-1534-5744,,,,Universidade Estadual de Campinas,26,Sandra Avila,no info,sem orcid,Luiz Sérgio Carvalho,Brazil,sem orcid,sem orcid,,,,,,,Universidade Estadual de Campinas,,,Paula Dornhofer Paro Costa,Brazil,,,,,Universidade Estadual de Campinas (UNICAMP),,,,,,Coronary artery disease,Diabetes,Public health,Epidemiology,Biostatistics,,,,,,,,,,2022,,,,,,,,,,,,,,,,,,,,,,,,,,,,,,,,,,,,,,Feminino,Masculino,sem orcid,Feminino,não anotado,não anotado,não anotado
MESTRADO,https://www.repositorio.unicamp.br/acervo/detalhe/1254351,orcid.org/0000-0002-9545-2098,orcid.org/0000-0002-6023-5982,orcid.org/0000-0001-6503-8016,,,,,Universidade Estadual de Campinas (UNICAMP),27,Julio Cesar Dos Reis,no info,The Open University,Islene Calciolari Garcia,no info,Lara Piccolo,United Kingdom,Community engagement,Technology for social change,,,,,University of Campinas,,,,,,,,,,,,,Socially-aware computing,Human-computer interaction,,,,,,,,,,,,,,,2022,,,,,,,,,,,,,,,,,,,,,,,,,,,,,,,,,,,,,,Masculino,Feminino,Feminino,não anotado,não anotado,não anotado,não anotado
MESTRADO,https://www.repositorio.unicamp.br/acervo/detalhe/1260903,orcid.org/0000-0001-7878-4990,orcid.org/0000-0001-6809-3547,orcid.org/0000-0003-2608-4807,,,,,State University of Campinas,28,Joao Meidanis,no info,Universidade Estadual de Campinas,Fabio Viduani Martinez,Brazil,Guilherme P. Telles,Brazil,,,,,,,Universidade Federal de Mato Grosso do Sul,,,,,,,,,,,,,,,,,,,,,,,,,,,,,2022,,,,,,,,,,,,,,,,,,,,,,,,,,,,,,,,,,,,,,Masculino,Masculino,Masculino,não anotado,não anotado,não anotado,não anotado
MESTRADO,https://www.repositorio.unicamp.br/acervo/detalhe/1259169,orcid.org/0000-0001-5201-1244,orcid.org/0000-0002-9545-2098,orcid.org/0000-0003-2111-1319,,,,,no info,29,Jacques Wainer,Brazil,University of São Paulo,Julio Cesar Dos Reis,no info,"Pardo, T.A.S.",Brazil,,,,,,,Universidade Estadual de Campinas (UNICAMP),,,,,,,,,,,,,,,,,,,,,,,,,,,,,2022,,,,,,,,,,,,,,,,,,,,,,,,,,,,,,,,,,,,,,Masculino,Masculino,Masculino,não anotado,não anotado,não anotado,não anotado
MESTRADO,https://www.repositorio.unicamp.br/acervo/detalhe/1259671,orcid.org/0000-0003-1908-4753,orcid.org/0000-0002-4984-4832,orcid.org/0000-0003-2608-4807,,,,,Universidade Estadual de Campinas Instituto de Computação,30,Claudia Medeiros,Brazil,Universidade Estadual de Campinas,Jaudete Daltio,no info,Guilherme P. Telles,Brazil,,,Scientific data management, Data interoperability, Open Science,,no info,,,,,,,,,,,,,,,,,,,,,,,,,,,,,2022,,,,,,,,,,,,,,,,,,,,,,,,,,,,,,,,,,,,,,Feminino,Feminino,Masculino,não anotado,não anotado,não anotado,não anotado
MESTRADO,https://www.repositorio.unicamp.br/acervo/detalhe/1260386,orcid.org/0000-0002-4531-1473,orcid.org/0000-0002-7603-9695,orcid.org/0000-0003-4275-0638,,,,,Universidade Estadual de Campinas,31,Breno Bernard Nicolau de França,Brazil,Adapit Soluçõs em TI,Leonardo Montecchi,Norway,Fabio Basso,Brazil,Model-Driven Engineering,Software Product Lines,Empirical Software Engineering,Continuous Software Engineering,Software Architecture,,Universidade Estadual de Campinas,,,,,,,,,,,,,Domain Specific Languages,MDE as a Service,,,,,,Internet of Things,,,,,,,,,2022,,,,,,,,,,,Object-Oriented Framework,Automated Design,,,,,,,,,,,,,,,,,,,,,,,,,,Masculino,Masculino,Masculino,não anotado,não anotado,não anotado,não anotado
MESTRADO,https://www.repositorio.unicamp.br/acervo/detalhe/1265519,orcid.org/0000-0002-8603-699X,orcid.org/0000-0002-1277-9336,orcid.org/0000-0002-6023-5982,,,,,University of Campinas,32,Juliana Freitag Borin,Brazil,University of Campinas,Hana Rubinsztejn,no info,Islene Calciolari Garcia,no info,,,Internet of Things, Smart Cities, Computer network protocols,,Universidade Federal de Mato Grosso do Sul,,,,,,,,,,,,,,,,,,,,,,,,,,,,,2022,,,,,,,,,,,,,,,,,,,,,,,,,,,,,,,,,,,,,,Feminino,Feminino,Feminino,não anotado,não anotado,não anotado,não anotado
MESTRADO,https://www.repositorio.unicamp.br/acervo/detalhe/1265459,orcid.org/0000-0002-8972-080X,orcid.org/0000-0003-3081-9722,sem orcid,,,,,State University of Campinas,33,Fábio Usberti,no info,sem orcid,Laura Assis,no info,sem orcid,sem orcid,,,,,,,no info,,,,,,,,,,,,,,,,,,,,,,,,,,,,,2022,,,,,,,,,,,,,,,,,,,,,,,,,,,,,,,,,,,,,,Masculino,Feminino,sem orcid,não anotado,não anotado,não anotado,não anotado
MESTRADO,https://www.repositorio.unicamp.br/acervo/detalhe/1260085,orcid.org/0000-0002-3372-3366,orcid.org/0000-0001-6994-8076,orcid.org/0000-0002-5652-0852,,,,,Universidade Estadual de Campinas,34,Leandro Villas,Brazil,Universidade Estadual de Campinas,Thiago Henrique Silva,Brazil,Roberto Lotufo,no info,,,,,,,Federal University of Technology – Paraná,,,,,,,,,,,,,,,Data Mining, Machine  Learning, Social Networks, Urban Computing,,,,,,,,,,,2022,,,,,,,,,,,,,,,,,,,,,,,,,,,,,,,,,,,,,,Masculino,Masculino,Masculino,não anotado,não anotado,não anotado,não anotado
MESTRADO,https://www.repositorio.unicamp.br/acervo/detalhe/1265965,orcid.org/0000-0001-9068-938X,orcid.org/0000-0003-4929-7258,orcid.org/0000-0001-7745-6151,,,,,Universidade Estadual de Campinas,35,Sandra Avila,no info,no info,Agma Traina,no info,"Silva, Emely Pujólli da",no info,,,,,,,Universidade de São Paulo Instituto de Ciências Matemáticas e de Computação,,,,,,,,,,,,,,,,,,,,,,,,,,,,,2022,,,,,,,,,,,,,,,,,,,,,,,,,,,,,,,,,,,,,,Feminino,Feminino,Feminino,não anotado,não anotado,não anotado,não anotado
DOUTORADO,https://www.repositorio.unicamp.br/acervo/detalhe/1236910,orcid.org/0000-0003-4869-5190,orcid.org/0000-0002-5374-2521,sem orcid,orcid.org/0000-0002-4531-1473,orcid.org/0000-0002-3823-8941,,,Universidade Estadual de Campinas,36,Guido Araujo,no info,sem orcid,Emilio Francesquini,Brazil,sem orcid,sem orcid,,,,,,,no info,University of Campinas,,Breno Bernard Nicolau de França,Brazil,,,,,Universidade Estadual de Campinas,Luiz Eduardo Buzato,Brazil,,,,,,,,,,Empirical Software Engineering,Continuous Software Engineering,Software Architecture,distributed systems,distributed algorithms,fault tolerance,,,2022,,,,,,,,,,,,,,,,,,,,,,,,,,,,,,,,,,,,,,Masculino,Masculino,sem orcid,Masculino,Masculino,não anotado,não anotado
DOUTORADO,https://www.repositorio.unicamp.br/acervo/detalhe/1238495,orcid.org/0000-0002-5564-698X,sem orcid,sem orcid,orcid.org/0000-0003-1783-4231,orcid.org/0000-0002-9539-6874,,,University of Campinas,37,Lucas Wanner,no info,sem orcid,sem orcid,sem orcid,sem orcid,sem orcid,,,,,,,sem orcid,Universidade Estadual de Campinas,,Edson Borin,no info,,,,,Universidade Estadual de Campinas,Sandro Rigo,Brazil,,,,,,,,,,,,,Computer Architecture,Compilers,Code Optimization,High-Performance Computing,,2022,,,,,,,,,,,,,,,,,,,,,,,,,,,,,,,,,,,,,,Masculino,sem orcid,sem orcid,Masculino,Masculino,não anotado,não anotado
DOUTORADO,https://www.repositorio.unicamp.br/acervo/detalhe/1269233,orcid.org/0000-0003-2046-602X,orcid.org/0000-0003-2223-947X,orcid.org/0000-0001-8585-706X,orcid.org/0000-0002-6275-6503,orcid.org/0000-0002-1180-2637,,,Universidade Estadual de Campinas,38,Nelson L. S. da Fonseca,no info,Universidad del Qundío,Oscar Mauricio Caicedo Rendon,Colombia,Wilmar Yesid Campo Muñoz,no info,,,,,,,University of Cauca,UNICAMP - University of Campinas,,Jéferson Campos Nobre,Brazil,,,,,Universidade do Vale do Rio dos Sinos,Edmundo Madeira,no info,,,,,,,,,,,,,,,,,,2022,,,,,,,,,,,,,,,,,,,,,,,,,,,,,,,,,,,,,,Masculino,Masculino,Masculino,Masculino,Masculino,não anotado,não anotado
DOUTORADO,https://www.repositorio.unicamp.br/acervo/detalhe/1241314,orcid.org/0000-0002-7002-875X,orcid.org/0000-0003-3551-4063,sem orcid,orcid.org/0000-0002-8837-9291,orcid.org/0000-0002-6731-1482,,,University of Campinas,39,Ricardo Dahab,Brazil,sem orcid,Daniel Panario,no info,sem orcid,sem orcid,,,Cryptography, Graph Theory,,,Carleton University,no info,,Sueli I. R. Costa,no info,,,,,University of Campinas,Julio Cesar Lopez Hernandez,Mexico,,,,,,,,,,Lattices and applications to coding and cryptography,Information geometry,,,,,,,2022,,,,,,,,,,,,,,,,,,,,,,,,,,,,,,,,,,,,,,Masculino,Masculino,sem orcid,Feminino,Masculino,não anotado,não anotado
DOUTORADO,https://www.repositorio.unicamp.br/acervo/detalhe/1246260,orcid.org/0000-0003-0125-630X,orcid.org/0000-0001-8597-4987,orcid.org/0000-0003-2440-0247,orcid.org/0000-0003-3765-8300,orcid.org/0000-0002-2961-4044,,,University of Campinas,40,Helio Pedrini,Brazil,Universidade Federal de Ouro Preto,Ronaldo Prati,no info,Guillermo Camara Chavez,no info,,,image and video processing; machine learning; computer vision,,,,Universidade Federal do ABC,University of Campinas (UNICAMP),,Allan Pinto,Brazil,,,,,Brazilian Center for Research in Energy and Materials,Romis Attux,Brazil,,,,data mining, machine learning, artificial intelligence,,,,Computer Vision,Artificial Intelligence/Machine Learning,High-Performance Computing,Machine Learning,Adaptive Signal Processing,Brain-Computer Interfaces,Dynamical Systems,,2022,,,,,,,Synchrotron Radiation,Image and video analysis,,,,,,,,,,,,,,,,,,,,,,,,,,,,,,Masculino,Masculino,Masculino,Masculino,Masculino,não anotado,não anotado
DOUTORADO,https://www.repositorio.unicamp.br/acervo/detalhe/1245826,orcid.org/0000-0003-2046-602X,orcid.org/0000-0002-1180-2637,orcid.org/0000-0002-5591-3750,orcid.org/0000-0001-6305-9059,orcid.org/0000-0002-4851-5228,,,Universidade Estadual de Campinas,41,Nelson L. S. da Fonseca,no info,Universidade de São Paulo Instituto de Ciências Matemáticas e de Computação,Edmundo Madeira,no info,Jo Ueyama,no info,,,,,,,UNICAMP - University of Campinas,Federal University of Bahia,,Luiz Fernando Bittencourt,no info,,,,,Universidade Estadual de Campinas,Maycon Peixoto,no info,,,,,,,,,,,,,,,,,,2022,,,,,,,,,,,,,,,,,,,,,,,,,,,,,,,,,,,,,,Masculino,Masculino,Masculino,Masculino,Masculino,não anotado,não anotado
DOUTORADO,https://www.repositorio.unicamp.br/acervo/detalhe/1249064,orcid.org/0000-0001-9068-938X,orcid.org/0000-0001-7637-4293,orcid.org/0000-0002-9272-3403,orcid.org/0000-0003-0467-3133,orcid.org/0000-0002-3754-9115,,,Universidade Estadual de Campinas,42,Sandra Avila,no info,Embrapa Agricultura Digital,Filipe de Oliveira Costa,Brazil,Thiago T. Santos,Brazil,computer vision,digital agriculture,,,,,no info,Instituto Butantan,,Esther Luna Colombini,no info,,,,,Universidade Estadual de Campinas,Marcelo Reis,no info,,phenotyping,SLAM,,,,,,,,,,,,,,,2022,,,,,,,,,,,,,,,,,,,,,,,,,,,,,,,,,,,,,,Feminino,Masculino,Masculino,Feminino,Masculino,não anotado,não anotado
DOUTORADO,https://www.repositorio.unicamp.br/acervo/detalhe/1249078,orcid.org/0000-0003-0125-630X,orcid.org/0000-0001-7718-8142,orcid.org/0000-0002-1156-8270,orcid.org/0000-0001-8793-3185,orcid.org/0000-0002-3754-9115,,,University of Campinas,43,Helio Pedrini,Brazil,Embrapa Informática Agropecuária,Guilherme Sanches,Brazil,Jayme Barbedo,Brazil,,,image and video processing; machine learning; computer vision,,,,Brazilian Bioethanol Science and Technology Laboratory (CTBE/CNPEM),Instituto Butantan,,Juliana Fracarolli,no info,,,,,State University of Campinas,Marcelo Reis,no info,,,,Precision Farming,Precision Agriculture,Machine Learning,Sugarcane,Site-specific management,,,,,,,,,,2022,,,,,,,,,Statistical analysis,,,,,,,,,,Geostatistical analysis,,,,,,,,,,,,,,,,,,,Masculino,Masculino,Masculino,Feminino,Masculino,não anotado,não anotado
DOUTORADO,https://www.repositorio.unicamp.br/acervo/detalhe/1346774,orcid.org/0000-0001-9772-263X,orcid.org/0000-0001-7637-4293,orcid.org/0000-0002-6317-218X,orcid.org/0000-0001-9319-9829,orcid.org/0000-0002-3754-9115,,,Universidade Estadual de Campinas,44,Ricardo Torres,Netherlands,University of Brasilia,Filipe de Oliveira Costa,Brazil,Flavio de Barros Vidal,no info,,,multimedia retrieval,multimedia classification,machine learning,information visualization,no info,Instituto Butantan,,Levy Boccato,no info,,,,,Universidade Estadual de Campinas (UNICAMP),Marcelo Reis,no info,,,,,,,,,,,,,,,,,,2022,data science,,,,,,,,,,,,,,,,,,,,,,,,,,,,,,,,,,,,,Masculino,Masculino,Masculino,Masculino,Masculino,não anotado,não anotado
DOUTORADO,https://www.repositorio.unicamp.br/acervo/detalhe/1247954,orcid.org/0000-0003-4462-3325,orcid.org/0000-0002-5868-6661,orcid.org/0000-0002-8340-4881,sem orcid,sem orcid,,,University of Campinas,45,Orlando Lee,no info,no info,Ana Shirley Monteiro da Silva,Brazil,"Simone Dantas; Dantas, S.; S. Dantas",no info,Discrete Matematics,Computer Science,,,,,Federal Institute of Ceará,sem orcid,,sem orcid,sem orcid,,,,,sem orcid,sem orcid,sem orcid,,,,,,,,,,,,,,,,,,2022,,,,,,,,,,,,,,,,,,,,,,,,,,,,,,,,,,,,,,Masculino,Feminino,Feminino,sem orcid,sem orcid,não anotado,não anotado
DOUTORADO,https://www.repositorio.unicamp.br/acervo/detalhe/1363183,orcid.org/0000-0002-4236-8212,orcid.org/0000-0001-7461-7570,orcid.org/0000-0003-2112-4806,orcid.org/0000-0003-4929-7258,,,,Universidade Estadual de Campinas,46,Anderson Rocha,Brazil,no info,Marjory Da Costa Abreu,no info,Cristina Vasconcelos,no info,,,Machine Intelligence; Digital Forensics; Reasoning for Complex Data,,,,Universidade Federal do Rio Grande do Norte,,,Agma Traina,no info,,,,,Universidade de São Paulo Instituto de Ciências Matemáticas e de Computação,,,,,,ethical artificial intelligence,biometrics,privacy and GDPR,data-drive healthcare,Paulo Freire pedagogy applied to computing,,,,,,,,,,2022,,,,,,,,,digital law,,,,,,,,,,,,,,,,,,,,,,,,,,,,,Masculino,Feminino,Feminino,Feminino,não anotado,não anotado,não anotado
DOUTORADO,https://www.repositorio.unicamp.br/acervo/detalhe/1254355,orcid.org/0000-0002-1180-2637,orcid.org/0000-0002-1095-6714,orcid.org/0000-0002-5455-8910,orcid.org/0000-0002-8603-699X,orcid.org/0000-0002-6023-5982,,,UNICAMP - University of Campinas,47,Edmundo Madeira,no info,Federal University of São Carlos,José Marcos Silva Nogueira,Brazil,Fabio Verdi,Brazil,Computer Networks, SDN,,,,,Universidade Federal de Minas Gerais,University of Campinas,,Juliana Freitag Borin,Brazil,,,,,University of Campinas,Islene Calciolari Garcia,no info,, Cloud computing, monitoring,Computer Networks,Computer Science,Computer Systems,,, management,Internet of Things, Smart Cities, Computer network protocols,,,,,,2022,,,,,,,,,,, virtualizatoin,,,,,,,,,,,,,,,,,,,,,,,,,,,Masculino,Masculino,Masculino,Feminino,Feminino,não anotado,não anotado
DOUTORADO,https://www.repositorio.unicamp.br/acervo/detalhe/1254700,orcid.org/0000-0002-9529-4253,orcid.org/0000-0002-9955-5721,orcid.org/0000-0002-8229-3139,orcid.org/0000-0002-0472-4810,orcid.org/0000-0003-1001-082X,,,University of Campinas,48,Pedro J. de Rezende,no info,Universidade de São Paulo,Alexandre Cunha,no info,Yoshiko Wakabayashi,Brazil,,,,,,,no info,University of Campinas,,Rafael C. S. Schouery,no info,,,,,Universidade Estadual de Campinas,Lehilton Pedrosa,no info,,,,,,,,,,,,,,,,,,2022,,,,,,,,,,,,,,,,,,,,,,,,,,,,,,,,,,,,,,Masculino,Masculino,Feminino,Masculino,Masculino,não anotado,não anotado
DOUTORADO,https://www.repositorio.unicamp.br/acervo/detalhe/1254885,orcid.org/0000-0002-4236-8212,orcid.org/0000-0002-9545-2098,orcid.org/0000-0001-9068-938X,orcid.org/0000-0003-2111-1319,orcid.org/0000-0002-3875-2211,,,Universidade Estadual de Campinas,49,Anderson Rocha,Brazil,Universidade Estadual de Campinas,Julio Cesar Dos Reis,no info,Sandra Avila,no info,,,Machine Intelligence; Digital Forensics; Reasoning for Complex Data,,,,Universidade Estadual de Campinas (UNICAMP),no info,,"Pardo, T.A.S.",Brazil,,,,,University of São Paulo,Nádia Silva,no info,,,,,,,,,,,,,,,,,,2022,,,,,,,,,,,,,,,,,,,,,,,,,,,,,,,,,,,,,,Masculino,Masculino,Feminino,Masculino,Feminino,não anotado,não anotado
DOUTORADO,https://www.repositorio.unicamp.br/acervo/detalhe/1256761,orcid.org/0000-0002-6731-1482,orcid.org/0000-0001-9242-2806,orcid.org/0000-0001-9577-9309,orcid.org/0000-0001-9241-2229,orcid.org/0000-0003-0225-5106,,,no info,50,Julio Cesar Lopez Hernandez,Mexico,no info,Routo Terada,Brazil,Eduardo Morais,no info,,,,,,,Universidade de São Paulo,Universidade Estadual Paulista (Unesp),,Marco A. Amaral Henriques,no info,,,,,University of Campinas,Sara D. Cardell,no info,,,,Cryptography,,,,,,,,,,,,,,2022,,,,,,,,,,,,,,,,,,,,,,,,,,,,,,,,,,,,,,Masculino,Masculino,Masculino,Masculino,Feminino,não anotado,não anotado
DOUTORADO,https://www.repositorio.unicamp.br/acervo/detalhe/1260081,orcid.org/0000-0002-4321-9075,orcid.org/0000-0002-2914-5380,orcid.org/0000-0003-0125-630X,orcid.org/0000-0003-3861-7260,orcid.org/0000-0003-2059-9463,,,Universidade Estadual de Campinas,51,Adín Ramírez Rivera,Norway,University of Campinas,Alexandre Falcao,Brazil,Helio Pedrini,Brazil,image and video processing; machine learning; computer vision,,,,,,Universidade Estadual de Campinas,Universidade de São Paulo,,Roberto Hirata Jr.,Brazil,,,,,Universidade de São Paulo,Moacir Ponti,no info,,,,image processing, visualization, and analysis, (interactive) machine learning ,,,,,,,,,,,2022,,,,,,,,,,,,,,,,,,,,,,,,,,,,,,,,,,,,,,Masculino,Masculino,Masculino,Masculino,Masculino,não anotado,não anotado
DOUTORADO,https://www.repositorio.unicamp.br/acervo/detalhe/1267507,orcid.org/0000-0003-2046-602X,orcid.org/0000-0002-4865-5896,sem orcid,orcid.org/0000-0002-8972-080X,orcid.org/0000-0002-6023-5982,,,Universidade Estadual de Campinas,52,Nelson L. S. da Fonseca,no info,sem orcid,Daniel Macedo Batista,Brazil,sem orcid,sem orcid,,,,,,,Universidade de São Paulo,University of Campinas,,Fábio Usberti,no info,,,,,State University of Campinas,Islene Calciolari Garcia,no info,,,,Computer Networks; Computer Science,,,,,,,,,,,,,,2022,,,,,,,,,,,,,,,,,,,,,,,,,,,,,,,,,,,,,,Masculino,Masculino,sem orcid,Masculino,Feminino,não anotado,não anotado
DOUTORADO,https://www.repositorio.unicamp.br/acervo/detalhe/1258784,orcid.org/0000-0003-3333-6822,orcid.org/0000-0003-0602-6298,orcid.org/0000-0001-6822-931X,orcid.org/0000-0003-4462-3325,orcid.org/0000-0002-0472-4810,,,University of Campinas,53,Zanoni Dias,Brazil,University of Brasilia,Carla Negri Lintzmayer,Brazil,Maria Emilia Walter,Brazil,bioinformatics, non-coding RNAs,,,,,Universidade Federal do ABC,Universidade Estadual de Campinas,,Orlando Lee,no info,,,,,University of Campinas,Rafael C. S. Schouery,no info,, genomics, transcriptomics,,,,,, genome rearrangements,,,,,,,,,2022,,,,,,,,,,,,,,,,,,,,,,,,,,,,,,,,,,,,,,Masculino,Feminino,Feminino,Masculino,Masculino,não anotado,não anotado
DOUTORADO,https://www.repositorio.unicamp.br/acervo/detalhe/1268591,orcid.org/0000-0002-1067-6421,orcid.org/0000-0002-8687-2613,orcid.org/0000-0001-5715-149X,orcid.org/0000-0002-1649-6843,orcid.org/0000-0002-3948-305X,,,no info,54,Flávio K. Miyazawa,no info,Pontifícia Universidade Católica do Rio de Janeiro,Eduardo Uchoa,no info,Rafael Martinelli,Brazil,,,,,,,no info,Universidade Federal de São Carlos,,Kelly Poldi,no info,,,,,Universidade Federal de São Paulo,Reinaldo Morabito,Brazil,,,,,,,,,,,,,,,,,,2022,,,,,,,,,,,,,,,,,,,,,,,,,,,,,,,,,,,,,,Masculino,Masculino,Masculino,Feminino,Masculino,não anotado,não anotado
MESTRADO,https://www.repositorio.unicamp.br/acervo/detalhe/1266276,orcid.org/0000-0003-0125-630X,sem orcid,orcid.org/0000-0002-1941-6036,,,,,University of Campinas,0,Helio Pedrini,Brazil,Universidade Estadual de Campinas,sem orcid,sem orcid,Marco Antonio Garcia de Carvalho,Brazil,image segmentation,graphs,image and video processing; machine learning; computer vision,,,,sem orcid,,,,,,,,,,,,,image processing,digital education,,,,,,pattern recognition,,,,,,,,,2023,,,,,,,,,,,,,,,,,,,,,,,,,,,,,,,,,,,,,,Masculino,sem orcid,Masculino,não anotado,não anotado,não anotado,não anotado
MESTRADO,https://www.repositorio.unicamp.br/acervo/detalhe/1267345,orcid.org/0000-0002-2914-5380,orcid.org/0000-0003-0040-0752,orcid.org/0000-0003-0499-2564,,,,,Universidade Estadual de Campinas,1,Alexandre Falcao,Brazil,Universidade Estadual de Campinas (UNICAMP),"Nunes, FLS",Brazil,Marcos M. Raimundo,no info,,,image processing, visualization, and analysis, (interactive) machine learning ,no info,,,,,,,,,,,,,,,,,,,,,,,,,,,,,2023,,,,,,,,,,,,,,,,,,,,,,,,,,,,,,,,,,,,,,Masculino,Feminino,Masculino,não anotado,não anotado,não anotado,não anotado
MESTRADO,https://www.repositorio.unicamp.br/acervo/detalhe/1297927?,orcid.org/0000-0002-5564-698X,orcid.org/0000-0002-8803-0401,orcid.org/0000-0002-2836-2009,,,,,University of Campinas,2,Lucas Wanner,no info,Federal University of Santa Maria,Rodolfo Azevedo,Brazil,Mateus Beck Rutzig,no info,,,,,,,UNICAMP,,,,,,,,,,,,,,,,,,,,,,,,,,,,,2023,,,,,,,,,,,,,,,,,,,,,,,,,,,,,,,,,,,,,,Masculino,Masculino,Masculino,não anotado,não anotado,não anotado,não anotado
MESTRADO,https://www.repositorio.unicamp.br/acervo/detalhe/1313377,orcid.org/0000-0002-0472-4810,orcid.org/0000-0002-8229-3139,orcid.org/0000-0003-1001-082X,,,,,Universidade Estadual de Campinas,3,Rafael C. S. Schouery,no info,University of Campinas,Yoshiko Wakabayashi,Brazil,Lehilton Pedrosa,no info,,,,,,,Universidade de São Paulo,,,,,,,,,,,,,,,,,,,,,,,,,,,,,2023,,,,,,,,,,,,,,,,,,,,,,,,,,,,,,,,,,,,,,Masculino,Feminino,Masculino,não anotado,não anotado,não anotado,não anotado
MESTRADO,https://www.repositorio.unicamp.br/acervo/detalhe/1313341,orcid.org/0000-0003-0467-3133,orcid.org/0000-0002-8385-8859,sem orcid,,,,,Universidade Estadual de Campinas,4,Esther Luna Colombini,no info,sem orcid,Luanna Tomaz,Brazil,sem orcid,sem orcid,,,,,,,Universidade Federal do Pará,,,,,,,,,,,,,,,,,,,,,,,,,,,,,2023,,,,,,,,,,,,,,,,,,,,,,,,,,,,,,,,,,,,,,Feminino,Feminino,sem orcid,não anotado,não anotado,não anotado,não anotado
MESTRADO,https://www.repositorio.unicamp.br/acervo/detalhe/1338672,orcid.org/0000-0002-3372-3366,orcid.org/0000-0001-6305-9059,sem orcid,,,,,Universidade Estadual de Campinas,5,Leandro Villas,Brazil,sem orcid,Luiz Fernando Bittencourt,no info,sem orcid,sem orcid,,,,,,,Universidade Estadual de Campinas,,,,,,,,,,,,,,,,,,,,,,,,,,,,,2023,,,,,,,,,,,,,,,,,,,,,,,,,,,,,,,,,,,,,,Masculino,Masculino,sem orcid,não anotado,não anotado,não anotado,não anotado
MESTRADO,https://www.repositorio.unicamp.br/acervo/detalhe/1341471,orcid.org/0000-0003-1908-4753,orcid.org/0000-0001-9176-8709,orcid.org/0000-0001-8309-6367,,,,,Universidade Estadual de Campinas Instituto de Computação,6,Claudia Medeiros,Brazil,Universidade Estadual de Campinas,Kamila Rios da Hora Rodrigues,no info,Ariadne Carvalho,no info,,,Scientific data management, Data interoperability, Open Science,,Universidade de São Paulo Câmpus de São Carlos,,,,,,,,,,,,,,,,,,,,,,,,,,,,,2023,,,,,,,,,,,,,,,,,,,,,,,,,,,,,,,,,,,,,,Feminino,Feminino,Feminino,não anotado,não anotado,não anotado,não anotado
MESTRADO,https://www.repositorio.unicamp.br/acervo/detalhe/1342249,orcid.org/0000-0003-1214-3431,orcid.org/0000-0002-4694-7182,orcid.org/0000-0001-6305-9059,,,,,Universidade Estadual de Campinas,7,Hervé Yviquel,Brazil,Universidade Estadual de Campinas,Carla Osthoff,no info,Luiz Fernando Bittencourt,no info,,,Parallel Computing,High Performance Computing,Parallel Programming Model,Compilers,National Academy for Scientific Research,,,,,,,,,,,,,,,,,,,,,,,,,,,,,2023,,,,,,,,,,,,,,,,,,,,,,,,,,,,,,,,,,,,,,Masculino,Feminino,Masculino,não anotado,não anotado,não anotado,não anotado
MESTRADO,https://www.repositorio.unicamp.br/acervo/detalhe/1342942,orcid.org/0000-0002-6731-1482,orcid.org/0000-0003-1783-4231,orcid.org/0000-0001-9577-9309,,,,,no info,8,Julio Cesar Lopez Hernandez,Mexico,no info,Edson Borin,no info,Eduardo Morais,no info,,,,,,,Universidade Estadual de Campinas,,,,,,,,,,,,,,,,,,,,,,,,,,,,,2023,,,,,,,,,,,,,,,,,,,,,,,,,,,,,,,,,,,,,,Masculino,Masculino,Masculino,não anotado,não anotado,não anotado,não anotado
MESTRADO,https://www.repositorio.unicamp.br/acervo/detalhe/1344257,orcid.org/0000-0003-0125-630X,sem orcid,orcid.org/0000-0002-1756-4852,,,,,University of Campinas,9,Helio Pedrini,Brazil,Universidade Estadual de Campinas,sem orcid,sem orcid,André Santanchè,no info,,,image and video processing; machine learning; computer vision,,,,sem orcid,,,,,,,,,,,,,,,,,,,,,,,,,,,,,2023,,,,,,,,,,,,,,,,,,,,,,,,,,,,,,,,,,,,,,Masculino,sem orcid,Masculino,não anotado,não anotado,não anotado,não anotado
MESTRADO,https://www.repositorio.unicamp.br/acervo/detalhe/1346037,orcid.org/0000-0002-1756-4852,orcid.org/0000-0002-7941-6281,orcid.org/0000-0001-9772-263X,,,,,Universidade Estadual de Campinas,10,André Santanchè,no info,Universidade Estadual de Campinas,Renato Fileto,no info,Ricardo Torres,Netherlands,multimedia retrieval,multimedia classification,,,,,Universidade Federal de Santa Catarina,,,,,,,,,,,,,machine learning,information visualization,,,,,,data science,,,,,,,,,2023,,,,,,,,,,,,,,,,,,,,,,,,,,,,,,,,,,,,,,Masculino,Masculino,Masculino,não anotado,não anotado,não anotado,não anotado
MESTRADO,https://www.repositorio.unicamp.br/acervo/detalhe/1347033,orcid.org/0000-0003-0467-3133,orcid.org/0000-0002-0968-5320,orcid.org/0000-0003-1323-0502,,,,,Universidade Estadual de Campinas,11,Esther Luna Colombini,no info,Instituto Militar de Engenharia,Anderson Anjos da Silva,no info,Paulo Rosa,no info,,,,,,,no info,,,,,,,,,,,,,,,,,,,,,,,,,,,,,2023,,,,,,,,,,,,,,,,,,,,,,,,,,,,,,,,,,,,,,Feminino,Masculino,Masculino,não anotado,não anotado,não anotado,não anotado
MESTRADO,https://www.repositorio.unicamp.br/acervo/detalhe/1371803,orcid.org/0000-0002-7002-875X,orcid.org/0000-0003-3551-4063,orcid.org/0000-0001-5227-7165,,,,,University of Campinas,12,Ricardo Dahab,Brazil,Universidade de São Paulo,Daniel Panario,no info,Marcos Simplicio,Brazil,,,Cryptography, Graph Theory,,,Carleton University,,,,,,,,,,,,,,,,,,,,,,,,,,,,,2023,,,,,,,,,,,,,,,,,,,,,,,,,,,,,,,,,,,,,,Masculino,Masculino,Masculino,não anotado,não anotado,não anotado,não anotado
MESTRADO,https://www.repositorio.unicamp.br/acervo/detalhe/1371723,orcid.org/0000-0002-4321-9075,orcid.org/0000-0003-2111-1319,,,,,,Universidade Estadual de Campinas,13,Adín Ramírez Rivera,Norway,,"Pardo, T.A.S.",Brazil,,,,,,,,,University of São Paulo,,,,,,,,,,,,,,,,,,,,,,,,,,,,,2023,,,,,,,,,,,,,,,,,,,,,,,,,,,,,,,,,,,,,,Masculino,Masculino,não anotado,não anotado,não anotado,não anotado,não anotado
MESTRADO,https://www.repositorio.unicamp.br/acervo/detalhe/1362019,orcid.org/0000-0001-6305-9059,orcid.org/0000-0002-8781-3914,orcid.org/0000-0002-8603-699X,,,,,Universidade Estadual de Campinas,14,Luiz Fernando Bittencourt,no info,University of Campinas,Rafael Pasquini,no info,Juliana Freitag Borin,Brazil,Internet of Things, Smart Cities,,,,,Federal University of Uberlândia,,,,,,,,,,,,, Computer network protocols,,,,,,,,,,,,,,,,2023,,,,,,,,,,,,,,,,,,,,,,,,,,,,,,,,,,,,,,Masculino,Masculino,Feminino,não anotado,não anotado,não anotado,não anotado
MESTRADO,https://www.repositorio.unicamp.br/acervo/detalhe/1371384,orcid.org/0000-0002-0472-4810,orcid.org/0000-0003-4971-7355,,,,,,Universidade Estadual de Campinas,15,Rafael C. S. Schouery,no info,,Daniel Cordeiro,Brazil,,,,,,,,,Universidade de São Paulo,,,,,,,,,,,,,,,Scheduling, Parallel Computing, Distributed Systems, Grid and Cloud Computing,,,,,,,,,,,2023,,,,,,,,,,,,,,,,,,,,,,,,,,,,,,,,,,,,,,Masculino,Masculino,não anotado,não anotado,não anotado,não anotado,não anotado
MESTRADO,https://www.repositorio.unicamp.br/acervo/detalhe/1372592,orcid.org/0000-0002-8803-0401,orcid.org/0000-0003-4268-9726,orcid.org/0000-0002-9539-6874,,,,,UNICAMP,16,Rodolfo Azevedo,Brazil,Universidade Estadual de Campinas,Eduardo Lima,no info,Sandro Rigo,Brazil,Computer Architecture,Compilers,,,,,no info,,,,,,,,,,,,,Code Optimization,High-Performance Computing,,,,,,,,,,,,,,,2023,,,,,,,,,,,,,,,,,,,,,,,,,,,,,,,,,,,,,,Masculino,Masculino,Masculino,não anotado,não anotado,não anotado,não anotado
MESTRADO,https://repositorio.unicamp.br/acervo/detalhe/1373789,orcid.org/0000-0002-4531-1473,orcid.org/0000-0002-8923-2814,orcid.org/0000-0002-9908-4384,,,,,Universidade Estadual de Campinas,17,Breno Bernard Nicolau de França,Brazil,Universidade Estadual de Campinas,Paulo Meirelles,no info,Bruno Cafeo,Brazil,,,Empirical Software Engineering,Continuous Software Engineering,Software Architecture,,Federal University of São Paulo,,,,,,,,,,,,,,,,,,,,,,,,,,,,,2023,,,,,,,,,,,,,,,,,,,,,,,,,,,,,,,,,,,,,,Masculino,não anotado,Masculino,não anotado,não anotado,não anotado,não anotado
MESTRADO,https://www.repositorio.unicamp.br/acervo/detalhe/1371766,orcid.org/0000-0002-2457-0783,orcid.org/0000-0003-3738-6448,orcid.org/0000-0002-6731-1482,,,,,Aarhus University,18,Diego F. Aranha,Denmark,no info,Bruno Albertini,no info,Julio Cesar Lopez Hernandez,Mexico,,,Cryptography, Computer Security,,,Universidade de São Paulo,,,,,,,,,,,,,,,,,,,,,,,,,,,,,2023,,,,,,,,,,,,,,,,,,,,,,,,,,,,,,,,,,,,,,Masculino,Masculino,Masculino,não anotado,não anotado,não anotado,não anotado
MESTRADO,https://repositorio.unicamp.br/acervo/detalhe/1374170,orcid.org/0000-0003-1783-4231,orcid.org/0000-0002-3434-3074,orcid.org/0000-0003-2608-4807,,,,,Universidade Estadual de Campinas,19,Edson Borin,no info,Universidade Estadual de Campinas,yuri frota,no info,Guilherme P. Telles,Brazil,,,,,,,Universidade Federal Fluminense,,,,,,,,,,,,,,,,,,,,,,,,,,,,,2023,,,,,,,,,,,,,,,,,,,,,,,,,,,,,,,,,,,,,,Masculino,Masculino,Masculino,não anotado,não anotado,não anotado,não anotado
MESTRADO,https://repositorio.unicamp.br/acervo/detalhe/1374913,orcid.org/0000-0003-4549-7105,orcid.org/0000-0003-3888-7340,orcid.org/0000-0003-0499-2564,,,,,no info,20,Cecilia Mary Fischer Rubira Rubira,no info,Universidade Estadual de Campinas (UNICAMP),Fabio Kon,Brazil,Marcos M. Raimundo,no info,,,,,,,University of São Paulo,,,,,,,,,,,,,,,Smart Cities, Software Development, Open Source, Agile Development, Middleware,,,,,,,,,,2023,,,,,,,,,,,,,,,,,,,,,,,,,,,,,,,,,,,,,,Feminino,Masculino,Masculino,não anotado,não anotado,não anotado,não anotado
MESTRADO,https://repositorio.unicamp.br/acervo/detalhe/1384752,orcid.org/0000-0001-9068-938X,orcid.org/0000-0003-2059-9463,orcid.org/0000-0003-0467-3133,,,,,Universidade Estadual de Campinas,21,Sandra Avila,no info,Universidade Estadual de Campinas,Moacir Ponti,no info,Esther Luna Colombini,no info,,,,,,,Universidade de São Paulo,,,,,,,,,,,,,,,,,,,,,,,,,,,,,2023,,,,,,,,,,,,,,,,,,,,,,,,,,,,,,,,,,,,,,Feminino,Masculino,Feminino,não anotado,não anotado,não anotado,não anotado
MESTRADO,https://repositorio.unicamp.br/acervo/detalhe/1376274,orcid.org/0000-0002-9545-2098,orcid.org/0000-0003-3425-0481,orcid.org/0000-0002-1756-4852,,,,,Universidade Estadual de Campinas (UNICAMP),22,Julio Cesar Dos Reis,no info,Universidade Estadual de Campinas,Veruska Zamborlini,no info,André Santanchè,no info,,,,,,,Federal University of Espirito Santo,,,,,,,,,,,,,,,,,,,,,,,,,,,,,2023,,,,,,,,,,,,,,,,,,,,,,,,,,,,,,,,,,,,,,Masculino,não anotado,Masculino,não anotado,não anotado,não anotado,não anotado
MESTRADO,https://repositorio.unicamp.br/acervo/detalhe/1380383,orcid.org/0000-0002-8603-699X,orcid.org/0000-0002-8007-9817,orcid.org/0000-0002-6023-5982,,,,,University of Campinas,23,Juliana Freitag Borin,Brazil,University of Campinas,Markus Endler,Brazil,Islene Calciolari Garcia,no info,,,Internet of Things, Smart Cities, Computer network protocols,,PUC-Rio,,,,,,,,,,,,,,,,,,,,,,,,,,,,,2023,,,,,,,,,,,,,,,,,,,,,,,,,,,,,,,,,,,,,,Feminino,Masculino,Feminino,não anotado,não anotado,não anotado,não anotado
MESTRADO,https://repositorio.unicamp.br/acervo/detalhe/1384107,orcid.org/0000-0002-1180-2637,orcid.org/0000-0002-4034-0021,,,,,,UNICAMP - University of Campinas,24,Edmundo Madeira,no info,,Marcelo Rocha,Brazil,,,,,,,,,Universidade Federal do Tocantins,,,,,,,,,,,,,,,Computational Intelligence; Combinatorial Optimization; High Performance Computing,,,,,,,,,,,,,,2023,,,,,,,,,,,,,,,,,,,,,,,,,,,,,,,,,,,,,,Masculino,não anotado,não anotado,não anotado,não anotado,não anotado,não anotado
MESTRADO,https://repositorio.unicamp.br/acervo/detalhe/1376865,orcid.org/0000-0003-4869-5190,orcid.org/0000-0002-0375-1657,orcid.org/0000-0002-5564-698X,,,,,Universidade Estadual de Campinas,25,Guido Araujo,no info,University of Campinas,Fernando Magno Quintão Pereira,Brazil,Lucas Wanner,no info,,,,,,,Universidade Federal de Minas Gerais,,,,,,,,,,,,,,,Compilers, Programming Languages,,,,,,,,,,,,,2023,,,,,,,,,,,,,,,,,,,,,,,,,,,,,,,,,,,,,,Masculino,Masculino,Masculino,não anotado,não anotado,não anotado,não anotado
MESTRADO,https://repositorio.unicamp.br/acervo/detalhe/1384992,orcid.org/0000-0002-8972-080X,orcid.org/0000-0003-0499-2564,sem orcid,,,,,State University of Campinas,26,Fábio Usberti,no info,sem orcid,Marcos M. Raimundo,no info,sem orcid,sem orcid,,,,,,,Universidade Estadual de Campinas (UNICAMP),,,,,,,,,,,,,,,,,,,,,,,,,,,,,2023,,,,,,,,,,,,,,,,,,,,,,,,,,,,,,,,,,,,,,Masculino,Masculino,sem orcid,não anotado,não anotado,não anotado,não anotado
MESTRADO,https://repositorio.unicamp.br/acervo/detalhe/1376866,orcid.org/0000-0002-6023-5982,orcid.org/0000-0001-9068-938X,orcid.org/0000-0001-8065-1433,,,,,University of Campinas,27,Islene Calciolari Garcia,no info,Universidade de São Paulo Instituto de Matemática e Estatística,Sandra Avila,no info,Renata Wassermann,Brazil,Inteligência Artificial,Lógica,,,,,Universidade Estadual de Campinas,,,,,,,,,,,,,Representação do Conhecimento,Artificial Intelligence,,,,,,Logic,,,,,,,,,2023,,,,,,,,,,,Knowledge Representation,,,,,,,,,,,,,,,,,,,,,,,,,,,Feminino,Feminino,não anotado,não anotado,não anotado,não anotado,não anotado
MESTRADO,https://repositorio.unicamp.br/acervo/detalhe/1380388,orcid.org/0000-0003-4237-4281,orcid.org/0000-0003-4462-3325,orcid.org/0000-0003-0000-6990,,,,,University of Campinas,28,C. N. Campos,Brazil,Rio de Janeiro State University,Orlando Lee,no info,Luerbio Faria,no info,,,,,,,University of Campinas,,,,,,,,,,,,,,,,,,,,,,,,,,,,,2023,,,,,,,,,,,,,,,,,,,,,,,,,,,,,,,,,,,,,,Feminino,Masculino,não anotado,não anotado,não anotado,não anotado,não anotado
DOUTORADO,https://www.repositorio.unicamp.br/acervo/detalhe/1268597,orcid.org/0000-0002-4321-9075,orcid.org/0000-0003-2973-2232,orcid.org/0000-0002-4711-5783,orcid.org/0000-0003-0125-630X,orcid.org/0000-0001-9068-938X,,,Universidade Estadual de Campinas,29,Adín Ramírez Rivera,Norway,Universidade Federal do Rio Grande do Sul,Erickson R. Nascimento,Brazil,Claudio R. Jung,no info,,,,,,,Universidade Federal de Minas Gerais,Universidade Estadual de Campinas,,Helio Pedrini,Brazil,,,,,University of Campinas,Sandra Avila,no info,,,,Computer Vision,Pattern Recognition,Underwater Imaging,,,,image and video processing; machine learning; computer vision,,,,,,,,2023,,,,,,,,,,,,,,,,,,,,,,,,,,,,,,,,,,,,,,Masculino,Masculino,Masculino,Masculino,Feminino,não anotado,não anotado
DOUTORADO,https://www.repositorio.unicamp.br/acervo/detalhe/1266160,orcid.org/0000-0003-4869-5190,orcid.org/0000-0002-9992-8540,orcid.org/0000-0002-6790-5184,orcid.org/0000-0003-1140-4513,orcid.org/0000-0002-3823-8941,,,Universidade Estadual de Campinas,30,Guido Araujo,no info,Universidade Federal de Pelotas,Márcio Castro,Brazil,Andre Rauber Du Bois,no info,,,,,,,Inria Centre de Recherche Grenoble Rhone-Alpes,University of Campinas,,Marcio M. Pereira,Brazil,,,,,no info,Luiz Eduardo Buzato,Brazil,,,,Parallel and Distributed Computing,High Performance Computing,Parallel Architectures,Parallel Programming Languages,,,,,,distributed systems,distributed algorithms,fault tolerance,,,2023,,,,,,,,,,,,,,,,,,,,,,,,,,,,,,,,,,,,,,Masculino,Masculino,Masculino,Masculino,Masculino,não anotado,não anotado
DOUTORADO,https://www.repositorio.unicamp.br/acervo/detalhe/1267978,orcid.org/0000-0003-0125-630X,orcid.org/0000-0001-8597-4987,orcid.org/0000-0002-1756-4852,orcid.org/0000-0002-1546-3740,orcid.org/0000-0002-0512-506X,,,University of Campinas,31,Helio Pedrini,Brazil,Universidade Estadual de Campinas,Ronaldo Prati,no info,André Santanchè,no info,,,image and video processing; machine learning; computer vision,,,,Universidade Federal do ABC,no info,,Carlos Caetano,Brazil,,,,,Universidade Federal de Minas Gerais,Alexandre Ferreira,no info,,,,data mining, machine learning, artificial intelligence,,,,,,,,,,,,2023,,,,,,,,,,,,,,,,,,,,,,,,,,,,,,,,,,,,,,Masculino,Masculino,Masculino,Masculino,Masculino,não anotado,não anotado
DOUTORADO,https://www.repositorio.unicamp.br/acervo/detalhe/1274358,orcid.org/0000-0002-2457-0783,orcid.org/0000-0003-1303-3760,orcid.org/0000-0001-5159-9517,orcid.org/0000-0002-6731-1482,orcid.org/0000-0003-4869-5190,,,Aarhus University,32,Diego F. Aranha,Denmark,Laboratório Nacional de Computação Científica,Hilder Vitor Lima Pereira,no info,Fábio Borges,Brazil,Security,Privacy,Cryptography, Computer Security,,,"imec-COSIC, KU Leuven",Universidade Estadual de Campinas,,Julio Cesar Lopez Hernandez,Mexico,,,,,no info,Guido Araujo,no info,,Algorithms,Smart Grids,,,,,,Artificial Intelligence,,,,,,,,,2023,,,,,,,,,,,,,,,,,,,,,,,,,,,,,,,,,,,,,,Masculino,Masculino,Masculino,Masculino,Masculino,não anotado,não anotado
DOUTORADO,https://www.repositorio.unicamp.br/acervo/detalhe/1338842,orcid.org/0000-0002-5945-0845,orcid.org/0000-0001-5501-9719,orcid.org/0000-0002-9244-9969,orcid.org/0000-0002-1067-6421,orcid.org/0000-0003-2608-4807,,,Universidade Estadual de Campinas,33,Cid de Souza,Brazil,Universidade Federal da Paraíba,Cristiano Arbex Valle,no info,Anand Subramanian,no info,,,Integer Programming,Combinatorial Optimization,Algorithms (design and analysis),Operations Research,Universidade Federal de Minas Gerais,Universidade Estadual de Campinas,,Flávio K. Miyazawa,no info,,,,,no info,Guilherme P. Telles,Brazil,,,,,,,,,,,,,,,,,,2023,,,,,,,,,,,,,,,,,,,,,,,,,,,,,,,,,,,,,,Masculino,Masculino,Masculino,Masculino,Masculino,não anotado,não anotado
DOUTORADO,https://www.repositorio.unicamp.br/acervo/detalhe/1341176,orcid.org/0000-0001-6030-2682,sem orcid,orcid.org/0000-0003-1707-1887,orcid.org/0000-0002-3734-7679,orcid.org/0000-0002-8972-080X,,,University of Campinas,34,Eduardo C. Xavier,Brazil,no info,sem orcid,sem orcid,Celso Cavellucci,no info,,,,,,,sem orcid,State University of Campinas,,Pedro Hokama,no info,,,,,Universidade Federal de Itajubá,Fábio Usberti,no info,,,,,,,,,,,,,,,,,,2023,,,,,,,,,,,,,,,,,,,,,,,,,,,,,,,,,,,,,,Masculino,sem orcid,Masculino,Masculino,Masculino,não anotado,não anotado
DOUTORADO,https://www.repositorio.unicamp.br/acervo/detalhe/1341245,orcid.org/0000-0002-3372-3366,sem orcid,orcid.org/0000-0002-1180-2637,orcid.org/0000-0003-2982-4006,orcid.org/0000-0002-9936-3770,,,Universidade Estadual de Campinas,35,Leandro Villas,Brazil,UNICAMP - University of Campinas,sem orcid,sem orcid,Edmundo Madeira,no info,,,,,,,sem orcid,UFRN,,Rodolfo I. Meneguette,no info,,,,,IFSP,A. Venâncio Neto,Brazil,,,,,,,,,,,,,Computer Networks, Wireless and Mobile Communications, Smart Environments, IoT, Cloud Computing,2023,,,,,,,,,,,,,,,,,,,,,,,,,,,,,,,,,,,,,,Masculino,sem orcid,Masculino,Masculino,Masculino,não anotado,não anotado
DOUTORADO,https://www.repositorio.unicamp.br/acervo/detalhe/1347602,orcid.org/0000-0002-0472-4810,orcid.org/0000-0002-9835-352X,orcid.org/0000-0002-1649-6843,orcid.org/0000-0001-6476-4534,,,,Universidade Estadual de Campinas,36,Rafael C. S. Schouery,no info,Universidade Federal de São Paulo,E. F. Arruda,no info,Kelly Poldi,no info,,,,,,,Federal University of Rio de Janeiro,,,Mário César San Felice,Brazil,,,,,Universidade de São Paulo,,,,,,,,,,,,Approximation Algorithms,Facility Location Problems,Network Design Problems,,,,,,2023,,,,,,,Randomized Algorithms,Combinatorial Optimization,,,,,,,,,,,,,,,,,Online Algorithms,,Competitive Analysis,,,,,,,,,,,Masculino,Masculino,Feminino,Masculino,não anotado,não anotado,não anotado
DOUTORADO,https://www.repositorio.unicamp.br/acervo/detalhe/1347215,orcid.org/0000-0002-0472-4810,orcid.org/0000-0002-3094-6847,orcid.org/0000-0001-9538-9538,orcid.org/0000-0003-0499-2564,,,,Universidade Estadual de Campinas,37,Rafael C. S. Schouery,no info,Universidade Estadual de Campinas,"Nascimento, M. C. V.",no info,Cristiano Torezzan,Brazil,,,,,,,Aeronautics Institute of Technology,,,Marcos M. Raimundo,no info,,,,,Universidade Estadual de Campinas (UNICAMP),,,,,,combinatorial optimization, machine learning, graph theory, spectral analysis,,,,,,,,,,,2023,,,,,,,,,,,,,,,,,,,,,,,,,,,,,,,,,,,,,,Masculino,Feminino,Masculino,Masculino,não anotado,não anotado,não anotado
DOUTORADO,https://www.repositorio.unicamp.br/acervo/detalhe/1345182,orcid.org/0000-0002-5564-698X,orcid.org/0000-0003-4808-4904,orcid.org/0000-0001-5746-4154,orcid.org/0000-0003-4869-5190,orcid.org/0000-0002-9539-6874,,,University of Campinas,38,Lucas Wanner,no info,no info,Jorge Castro-Godínez,Costa Rica,Alfredo Goldman,no info,,,,,,,Instituto Tecnológico de Costa Rica,Universidade Estadual de Campinas,,Guido Araujo,no info,,,,,Universidade Estadual de Campinas,Sandro Rigo,Brazil,,,,,,,,,,,,,Computer Architecture,Compilers,Code Optimization,High-Performance Computing,,2023,,,,,,,,,,,,,,,,,,,,,,,,,,,,,,,,,,,,,,Masculino,Masculino,Masculino,Masculino,Masculino,não anotado,não anotado
DOUTORADO,https://www.repositorio.unicamp.br/acervo/detalhe/1368537,orcid.org/0000-0003-1001-082X,orcid.org/0000-0002-5320-9209,orcid.org/0000-0001-6476-4534,sem orcid,orcid.org/0000-0003-4462-3325,,,University of Campinas,39,Lehilton Pedrosa,no info,Universidade de São Paulo,Ueverton S. Souza,Brazil,Mário César San Felice,Brazil,Approximation Algorithms,Facility Location Problems,,,,,Universidade Federal Fluminense,University of Campinas,,sem orcid,sem orcid,,,,,sem orcid,Orlando Lee,no info,,Network Design Problems,Randomized Algorithms,Algorithms, Graphs, Parameterized Complexity,,,Combinatorial Optimization,,,,,,,,,2023,,,,,,,,,,,Online Algorithms,Competitive Analysis,,,,,,,,,,,,,,,,,,,,,,,,,,Masculino,Masculino,Masculino,sem orcid,Masculino,não anotado,não anotado
DOUTORADO,https://www.repositorio.unicamp.br/acervo/detalhe/1362654,orcid.org/0000-0003-1783-4231,orcid.org/0000-0002-6731-1482,orcid.org/0000-0001-5227-7165,orcid.org/0000-0002-7002-875X,orcid.org/0000-0001-7048-6585,,,Universidade Estadual de Campinas,40,Edson Borin,no info,Universidade de São Paulo,Julio Cesar Lopez Hernandez,Mexico,Marcos Simplicio,Brazil,,,,,,,no info,no info,,Ricardo Dahab,Brazil,,,,,University of Campinas,Jeroen van de Graaf,no info,,,,,,,,,,Cryptography, Graph Theory,,,,,,,2023,,,,,,,,,,,,,,,,,,,,,,,,,,,,,,,,,,,,,,Masculino,Masculino,Masculino,Masculino,Masculino,não anotado,não anotado
DOUTORADO,https://www.repositorio.unicamp.br/acervo/detalhe/1371375,orcid.org/0000-0002-3372-3366,orcid.org/0000-0002-0713-0583,orcid.org/0000-0002-9682-0075,orcid.org/0000-0002-8603-699X,,,,Universidade Estadual de Campinas,41,Leandro Villas,Brazil,Instituto Tecnológico de Aeronáutica,Fabrício Silva,no info,Lourenço Alves Pereira Júnior,Brazil,Computer Networks,Cyber Security,,,,,no info,,,Juliana Freitag Borin,Brazil,,,,,University of Campinas,,,,Performance Evaluation,System Dynamics,,,,,,Operating Systems,Internet of Things, Smart Cities, Computer network protocols,,,,,,2023,,,,,,,,,,,,,,,,,,,,,,,,,,,,,,,,,,,,,,Masculino,Masculino,Masculino,Feminino,não anotado,não anotado,não anotado
DOUTORADO,https://repositorio.unicamp.br/acervo/detalhe/1374643,orcid.org/0000-0003-4869-5190,orcid.org/0000-0002-9992-8540,orcid.org/0000-0001-5746-4154,orcid.org/0000-0003-1214-3431,orcid.org/0000-0002-5564-698X,,,Universidade Estadual de Campinas,42,Guido Araujo,no info,no info,Márcio Castro,Brazil,Alfredo Goldman,no info,,,,,,,Inria Centre de Recherche Grenoble Rhone-Alpes,University of Campinas,,Hervé Yviquel,Brazil,,,,,Universidade Estadual de Campinas,Lucas Wanner,no info,,,,Parallel and Distributed Computing,High Performance Computing,Parallel Architectures,Parallel Programming Languages,,,Parallel Computing,High Performance Computing,Parallel Programming Model,,,,,,2023,,,,,,,Compilers,,,,,,,,,,,,,,,,,,,,,,,,,,,,,,,Masculino,Masculino,Masculino,Masculino,Masculino,não anotado,não anotado
DOUTORADO,https://repositorio.unicamp.br/acervo/detalhe/1376019,orcid.org/0000-0003-2046-602X,orcid.org/0000-0003-2046-602X,orcid.org/0000-0002-9936-3770,orcid.org/0000-0002-7561-5582,orcid.org/0000-0001-6305-9059,orcid.org/0000-0003-1001-082X,,Universidade Estadual de Campinas,43,Nelson L. S. da Fonseca,no info,UFRN,Nelson L. S. da Fonseca,no info,A. Venâncio Neto,Brazil,Computer Networks, Wireless and Mobile Communications,,,,,Universidade Estadual de Campinas,Universidade Estadual de Campinas,University of Campinas,Luciano Gaspary,Brazil,,,Lehilton Pedrosa,no info,no info,Luiz Fernando Bittencourt,no info,, Smart Environments, IoT,,,,,, Cloud Computing,,,,,,,,,2023,,,,,,,,,,,,,,,,,,,,,,,,,,,,,,,,,,,,,,Masculino,Masculino,Masculino,Masculino,Masculino,Masculino,não anotado
DOUTORADO,https://repositorio.unicamp.br/acervo/detalhe/1376656,orcid.org/0000-0002-4830-5298,orcid.org/0000-0001-8556-6473,orcid.org/0000-0002-8922-6975,orcid.org/0000-0003-4290-6508,sem orcid,,,Universidade Estadual de Campinas,44,Maria Cecilia Calani Baranauskas,Brazil,Universidade Federal do Paraná,Roseli de Deus Lopes,no info,Leticia M. Peres,Brazil,,,HCI,Socially Aware Design,Organizational Semiotics,Participatory Design,Universidade de São Paulo,sem orcid,,Eliane Martins,no info,,,,,no info,sem orcid,sem orcid,,,,,,,,,,,,,,,,,,2023,,,,,,,,,,,,,,,,,,,,,,,,,,,,,,,,,,,,,,Feminino,não anotado,não anotado,Feminino,sem orcid,não anotado,não anotado
DOUTORADO,https://repositorio.unicamp.br/acervo/detalhe/480769,orcid.org/0000-0001-5195-0215,sem orcid,sem orcid,orcid.org/0000-0002-9232-2263,orcid.org/0000-0002-8156-7302,,,no info,45,Gastão Campos,no info,sem orcid,sem orcid,sem orcid,sem orcid,sem orcid,,,,,,,sem orcid,no info,,carlos correa,no info,,,,,no info,Marcos Drumond Jr,no info,,,,,,,,,,,,,,,,,,2023,,,,,,,,,,,,,,,,,,,,,,,,,,,,,,,,,,,,,,não anotado,sem orcid,sem orcid,não anotado,não anotado,não anotado,não anotado
DOUTORADO,https://repositorio.unicamp.br/acervo/detalhe/1378810,orcid.org/0000-0002-8972-080X,sem orcid,orcid.org/0000-0002-3734-7679,orcid.org/0000-0002-7100-870X,orcid.org/0000-0002-1649-6843,,,State University of Campinas,46,Fábio Usberti,no info,Universidade Federal de Itajubá,sem orcid,sem orcid,Pedro Hokama,no info,,,,,,,sem orcid,Universidade Federal de São Paulo,,Washington Alves de Oliveira,no info,,,,,no info,Kelly Poldi,no info,,,,,,,,,,,,,,,,,,2023,,,,,,,,,,,,,,,,,,,,,,,,,,,,,,,,,,,,,,Masculino,sem orcid,Masculino,não anotado,Feminino,não anotado,não anotado
DOUTORADO,https://repositorio.unicamp.br/acervo/detalhe/1378893,orcid.org/0000-0002-2914-5380,orcid.org/0000-0003-0125-630X,orcid.org/0000-0003-0467-3133,orcid.org/0000-0001-9722-5764,orcid.org/0000-0002-7271-2774,,,Universidade Estadual de Campinas,47,Alexandre Falcao,Brazil,Universidade Estadual de Campinas,Helio Pedrini,Brazil,Esther Luna Colombini,no info,,,image processing, visualization, and analysis, (interactive) machine learning ,University of Campinas,no info,,Nina S. T. Hirata,no info,,,,,Universidade de São Paulo,"Azevedo-Marques, PM",Brazil,,,,image and video processing; machine learning; computer vision,,,,,,Machine Learning, Deep learning, Pattern Recognition,Medical Image Processing, Pattern Recognition, CAD, PACS, CBIR,2023,,,,,,, Image analysis, Image Processing,, Radiomics,,,,,,,,,,,,,,,,,,,,,,,,,,,,Masculino,Masculino,Feminino,Feminino,não anotado,não anotado,não anotado
MESTRADO,https://repositorio.unicamp.br/acervo/detalhe/1384597,orcid.org/0000-0003-4869-5190,sem orcid,orcid.org/0000-0001-8824-3055,,,,,Universidade Estadual de Campinas,0,Guido Araujo,no info,"Universidade Estadual Paulista, Instituto de Geociências e Ciências Exatas",sem orcid,sem orcid,Alexandro Baldassin,Brazil,Computer architecture,Parallel Programming,,,,,sem orcid,,,,,,,,,,,,,Transactional Memory,Persistent Memory,,,,,,,,,,,,,,,2024,,,,,,,,,,,,,,,,,,,,,,,,,,,,,,,,,,,,,,Masculino,sem orcid,Masculino,não anotado,não anotado,não anotado,não anotado
MESTRADO,https://repositorio.unicamp.br/acervo/detalhe/1089524,orcid.org/0000-0001-7810-0595,orcid.org/0000-0001-8837-5912,orcid.org/0000-0001-9584-9477,,,,,Universidade Federal de Uberlândia,1,"BULGARELI, J V",no info,Universidade Estadual de Campinas Faculdade de Odontologia de Piracicaba,Manoelito Ferreira Silva Junior,Brazil,"Cortellazzi, KL",no info,,,,,,,Universidade Estadual de Ponta Grossa - Campus Uvaranas,,,,,,,,,,,,,,,,,,,,,,,,,,,,,2024,,,,,,,,,,,,,,,,,,,,,,,,,,,,,,,,,,,,,,Feminino,Masculino,Feminino,não anotado,não anotado,não anotado,não anotado
MESTRADO,https://repositorio.unicamp.br/acervo/detalhe/1379182,orcid.org/0000-0003-4869-5190,sem orcid,orcid.org/0000-0002-9539-6874,,,,,Universidade Estadual de Campinas,2,Guido Araujo,no info,Universidade Estadual de Campinas,sem orcid,sem orcid,Sandro Rigo,Brazil,Computer Architecture,Compilers,,,,,sem orcid,,,,,,,,,,,,,Code Optimization,High-Performance Computing,,,,,,,,,,,,,,,2024,,,,,,,,,,,,,,,,,,,,,,,,,,,,,,,,,,,,,,Masculino,sem orcid,Masculino,não anotado,não anotado,não anotado,não anotado
MESTRADO,https://repositorio.unicamp.br/acervo/detalhe/1394327,orcid.org/0000-0003-0125-630X,orcid.org/0000-0002-0173-4140,orcid.org/0000-0002-8253-9004,,,,,University of Campinas,3,Helio Pedrini,Brazil,no info,César Beltrán Castañón,Peru,Helena Maia,no info,,,image and video processing; machine learning; computer vision,,,,Pontificia Universidad Católica del Perú,,,,,,,,,,,,,,,Machine Learning, Pattern Recognition, Computer Vision,,,,,,,,,,,,2024,,,,,,,,,,,,,,,,,,,,,,,,,,,,,,,,,,,,,,Masculino,Masculino,Feminino,não anotado,não anotado,não anotado,não anotado
MESTRADO,https://repositorio.unicamp.br/acervo/detalhe/1393130,orcid.org/0000-0002-1756-4852,orcid.org/0000-0002-4701-2821,orcid.org/0000-0002-8803-0401,,,,,Universidade Estadual de Campinas,4,André Santanchè,no info,UNICAMP,FÁBIO FERRENTINI SAMPAIO,no info,Rodolfo Azevedo,Brazil,,,,,,,Instituto Politécnico de Setúbal Escola Superior de Tecnologia de Setúbal,,,,,,,,,,,,,,,,,,,,,,,,,,,,,2024,,,,,,,,,,,,,,,,,,,,,,,,,,,,,,,,,,,,,,Masculino,Masculino,Masculino,não anotado,não anotado,não anotado,não anotado
MESTRADO,https://repositorio.unicamp.br/acervo/detalhe/1395639,orcid.org/0000-0002-1756-4852,orcid.org/0000-0003-2918-9778,orcid.org/0000-0002-1445-1238,,,,,Universidade Estadual de Campinas,5,André Santanchè,no info,Universidade Estadual de Campinas (UNICAMP),Rafaela Batista dos Santos Pedrosa,Brazil,Emanuel Felipe Duarte,Brazil,,,,,,,State University of Campinas - Clinic Hospital,,,,,,,,,,,,,,,Nursing,Behavior,Evidence-Based Nursing,Tissue and Organ Procurement ,Adult Health ,,,,,,,,,,2024,,,,,,,,,,,,,,,,,,,,,,,,,,,,,,,,,,,,,,Masculino,Feminino,Masculino,não anotado,não anotado,não anotado,não anotado
MESTRADO,https://repositorio.unicamp.br/acervo/detalhe/1394515,orcid.org/0000-0001-5201-1244,orcid.org/0000-0002-3754-9115,orcid.org/0000-0001-8597-4987,,,,,Universidade Estadual de Campinas (UNICAMP),6,Jacques Wainer,Brazil,Universidade Federal do ABC,Marcelo Reis,no info,Ronaldo Prati,no info,data mining, machine learning,,,,,Instituto Butantan,,,,,,,,,,,,, artificial intelligence,,,,,,,,,,,,,,,,2024,,,,,,,,,,,,,,,,,,,,,,,,,,,,,,,,,,,,,,Masculino,Masculino,Masculino,não anotado,não anotado,não anotado,não anotado
MESTRADO,https://repositorio.unicamp.br/acervo/detalhe/1397411,orcid.org/0000-0003-0499-2564,orcid.org/0000-0001-9068-938X,sem orcid,,,,,Universidade Estadual de Campinas (UNICAMP),7,Marcos M. Raimundo,no info,sem orcid,Sandra Avila,no info,sem orcid,sem orcid,,,,,,,Universidade Estadual de Campinas,,,,,,,,,,,,,,,,,,,,,,,,,,,,,2024,,,,,,,,,,,,,,,,,,,,,,,,,,,,,,,,,,,,,,Masculino,Feminino,sem orcid,não anotado,não anotado,não anotado,não anotado
MESTRADO,https://repositorio.unicamp.br/acervo/detalhe/1398308,orcid.org/0000-0003-1783-4231,sem orcid,orcid.org/0000-0002-1534-5744,,,,,Universidade Estadual de Campinas,8,Edson Borin,no info,Universidade Estadual de Campinas (UNICAMP),sem orcid,sem orcid,Paula Dornhofer Paro Costa,Brazil,,,,,,,sem orcid,,,,,,,,,,,,,,,,,,,,,,,,,,,,,2024,,,,,,,,,,,,,,,,,,,,,,,,,,,,,,,,,,,,,,Masculino,sem orcid,Feminino,não anotado,não anotado,não anotado,não anotado
MESTRADO,https://repositorio.unicamp.br/acervo/detalhe/1397017,orcid.org/0000-0002-2914-5380,orcid.org/0000-0002-3754-9115,orcid.org/0000-0003-2430-2030,,,,,Universidade Estadual de Campinas,9,Alexandre Falcao,Brazil,Universidade Federal do Paraná,Marcelo Reis,no info,David Menotti,no info,,,image processing, visualization, and analysis, (interactive) machine learning ,Instituto Butantan,,,,,,,,,,,,,,,,,,,,,,,,,,,,,2024,,,,,,,,,,,,,,,,,,,,,,,,,,,,,,,,,,,,,,Masculino,Masculino,Masculino,não anotado,não anotado,não anotado,não anotado
MESTRADO,https://repositorio.unicamp.br/acervo/detalhe/1394730,orcid.org/0000-0003-3333-6822,orcid.org/0000-0001-7714-2283,orcid.org/0000-0003-0499-2564,,,,,University of Campinas,10,Zanoni Dias,Brazil,Universidade Estadual de Campinas (UNICAMP),George D. C. Cavalcanti,no info,Marcos M. Raimundo,no info,,,,,,,Universidade Federal de Pernambuco,,,,,,,,,,,,,,,,,,,,,,,,,,,,,2024,,,,,,,,,,,,,,,,,,,,,,,,,,,,,,,,,,,,,,Masculino,Masculino,Masculino,não anotado,não anotado,não anotado,não anotado
MESTRADO,https://repositorio.unicamp.br/acervo/detalhe/1395407,orcid.org/0000-0002-8972-080X,orcid.org/0000-0001-5929-593X,orcid.org/0000-0003-1381-4794,,,,,State University of Campinas,11,Fábio Usberti,no info,University of Sao Paulo,Pedro Munari,Brazil,Maycon Sambinelli,no info,,,,,,,Universidade Federal de São Carlos,,,,,,,,,,,,,,,Column generation,Branch-and-price,Interior point methods,Vehicle routing,,,,,,,,,,,2024,,,,,,,,,,,,,,,,,,,,,,,,,,,,,,,,,,,,,,Masculino,Masculino,Masculino,não anotado,não anotado,não anotado,não anotado
MESTRADO,https://repositorio.unicamp.br/acervo/detalhe/1397581,orcid.org/0000-0002-4236-8212,orcid.org/0000-0001-5201-1244,orcid.org/0000-0002-6494-7514,,,,,Universidade Estadual de Campinas,12,Anderson Rocha,Brazil,no info,Jacques Wainer,Brazil,João Paulo Papa,no info,machine learning, image processing,Machine Intelligence; Digital Forensics; Reasoning for Complex Data,,,,Universidade Estadual de Campinas (UNICAMP),,,,,,,,,,,,, computervision, meta-heuristics,,,,,,,,,,,,,,,2024,,,,,,,,,,,,,,,,,,,,,,,,,,,,,,,,,,,,,,Masculino,Masculino,Masculino,não anotado,não anotado,não anotado,não anotado
MESTRADO,https://repositorio.unicamp.br/acervo/detalhe/1394645,orcid.org/0000-0002-4236-8212,orcid.org/0000-0003-4929-7258,orcid.org/0000-0002-8253-9004,,,,,Universidade Estadual de Campinas,13,Anderson Rocha,Brazil,no info,Agma Traina,no info,Helena Maia,no info,,,Machine Intelligence; Digital Forensics; Reasoning for Complex Data,,,,Universidade de São Paulo Instituto de Ciências Matemáticas e de Computação,,,,,,,,,,,,,,,,,,,,,,,,,,,,,2024,,,,,,,,,,,,,,,,,,,,,,,,,,,,,,,,,,,,,,Masculino,Feminino,Feminino,não anotado,não anotado,não anotado,não anotado
MESTRADO,https://repositorio.unicamp.br/acervo/detalhe/1398289,orcid.org/0000-0002-3754-9115,orcid.org/0000-0001-7878-4990,sem orcid,,,,,Instituto Butantan,14,Marcelo Reis,no info,sem orcid,Joao Meidanis,no info,sem orcid,sem orcid,,,,,,,State University of Campinas,,,,,,,,,,,,,,,,,,,,,,,,,,,,,2024,,,,,,,,,,,,,,,,,,,,,,,,,,,,,,,,,,,,,,Masculino,Masculino,sem orcid,não anotado,não anotado,não anotado,não anotado
MESTRADO,https://repositorio.unicamp.br/acervo/detalhe/1411984,orcid.org/0000-0001-6305-9059,orcid.org/0000-0003-1783-4231,orcid.org/0000-0003-0524-3274,,,,,Universidade Estadual de Campinas,15,Luiz Fernando Bittencourt,no info,Univesity of Sao Paulo,Edson Borin,no info,Julio Cezar Estrella,Brazil,Distributed Systems, Cloud Computing,,,,,Universidade Estadual de Campinas,,,,,,,,,,,,, Internet of Things,,,,,,,,,,,,,,,,2024,,,,,,,,,,,,,,,,,,,,,,,,,,,,,,,,,,,,,,Masculino,Masculino,Masculino,não anotado,não anotado,não anotado,não anotado
MESTRADO,https://repositorio.unicamp.br/acervo/detalhe/1409397,orcid.org/0000-0003-0499-2564,orcid.org/0000-0002-8514-8033,orcid.org/0000-0002-3754-9115,,,,,Universidade Estadual de Campinas (UNICAMP),16,Marcos M. Raimundo,no info,Instituto Butantan,Luis Nonato,no info,Marcelo Reis,no info,,,,,,,Universidade de São Paulo,,,,,,,,,,,,,,,,,,,,,,,,,,,,,2024,,,,,,,,,,,,,,,,,,,,,,,,,,,,,,,,,,,,,,Masculino,Masculino,Masculino,não anotado,não anotado,não anotado,não anotado
MESTRADO,https://repositorio.unicamp.br/acervo/detalhe/1409513,orcid.org/0000-0003-0125-630X,orcid.org/0000-0003-0191-582X,orcid.org/0000-0002-4424-0888,,,,,University of Campinas,17,Helio Pedrini,Brazil,Universidade Estadual de Campinas,Mariza Ferro,no info,Marisol Marini,Brazil,,,image and video processing; machine learning; computer vision,,,,Universidade Federal Fluminense,,,,,,,,,,,,,,,,,,,,,,,,,,,,,2024,,,,,,,,,,,,,,,,,,,,,,,,,,,,,,,,,,,,,,Masculino,Feminino,Feminino,não anotado,não anotado,não anotado,não anotado
MESTRADO,https://repositorio.unicamp.br/acervo/detalhe/1456436,orcid.org/0000-0002-3754-9115,orcid.org/0000-0001-9264-5380,orcid.org/0000-0003-0125-630X,,,,,Instituto Butantan,18,Marcelo Reis,no info,University of Campinas,Ivani Rodrigues Silva,Brazil,Helio Pedrini,Brazil,image and video processing; machine learning; computer vision,,,,,,Universidade Estadual de Campinas,,,,,,,,,,,,,,,,,,,,,,,,,,,,,2024,,,,,,,,,,,,,,,,,,,,,,,,,,,,,,,,,,,,,,Masculino,Feminino,Masculino,não anotado,não anotado,não anotado,não anotado
MESTRADO,https://repositorio.unicamp.br/acervo/detalhe/1456655,orcid.org/0000-0002-3754-9115,orcid.org/0000-0003-2111-1319,orcid.org/0000-0002-1756-4852,,,,,Instituto Butantan,19,Marcelo Reis,no info,Universidade Estadual de Campinas,"Pardo, T.A.S.",Brazil,André Santanchè,no info,,,,,,,University of São Paulo,,,,,,,,,,,,,,,,,,,,,,,,,,,,,2024,,,,,,,,,,,,,,,,,,,,,,,,,,,,,,,,,,,,,,Masculino,Masculino,Masculino,não anotado,não anotado,não anotado,não anotado
MESTRADO,https://repositorio.unicamp.br/acervo/detalhe/1455804,orcid.org/0000-0002-9545-2098,orcid.org/0000-0002-7789-3359,orcid.org/0000-0002-8603-699X,,,,,Universidade Estadual de Campinas (UNICAMP),20,Julio Cesar Dos Reis,no info,University of Campinas,Luís Henrique M. K. Costa,no info,Juliana Freitag Borin,Brazil,Internet of Things, Smart Cities,,,,,Universidade Federal do Rio de Janeiro,,,,,,,,,,,,, Computer network protocols,,,,,,,,,,,,,,,,2024,,,,,,,,,,,,,,,,,,,,,,,,,,,,,,,,,,,,,,Masculino,Masculino,Feminino,não anotado,não anotado,não anotado,não anotado
MESTRADO,https://repositorio.unicamp.br/acervo/detalhe/1456431,orcid.org/0000-0001-9068-938X,orcid.org/0000-0002-1534-5744,orcid.org/0000-0003-0993-2798,,,,,Universidade Estadual de Campinas,21,Sandra Avila,no info,no info,Paula Dornhofer Paro Costa,Brazil,Lais Mais,no info,,,,,,,Universidade Estadual de Campinas (UNICAMP),,,,,,,,,,,,,,,,,,,,,,,,,,,,,2024,,,,,,,,,,,,,,,,,,,,,,,,,,,,,,,,,,,,,,Feminino,Feminino,Feminino,não anotado,não anotado,não anotado,não anotado
MESTRADO,https://repositorio.unicamp.br/acervo/detalhe/1456870,orcid.org/0000-0003-4869-5190,orcid.org/0000-0002-5564-698X,orcid.org/0000-0002-5652-0852,orcid.org/0000-0003-1214-3431,,,,Universidade Estadual de Campinas,22,Guido Araujo,no info,Universidade Estadual de Campinas,Lucas Wanner,no info,Roberto Lotufo,no info,,,,,,,University of Campinas,,,Hervé Yviquel,Brazil,,,,,Universidade Estadual de Campinas,,,,,,,,,,,,Parallel Computing,High Performance Computing,Parallel Programming Model,,,,,,2024,,,,,,,Compilers,,,,,,,,,,,,,,,,,,,,,,,,,,,,,,,Masculino,Masculino,Masculino,Masculino,não anotado,não anotado,não anotado
MESTRADO,https://repositorio.unicamp.br/acervo/detalhe/1456218,orcid.org/0000-0002-9545-2098,orcid.org/0000-0002-8253-9004,orcid.org/0000-0001-6994-8076,,,,,Universidade Estadual de Campinas (UNICAMP),23,Julio Cesar Dos Reis,no info,Federal University of Technology – Paraná,Helena Maia,no info,Thiago Henrique Silva,Brazil,Data Mining, Machine  Learning,,,,,no info,,,,,,,,,,,,, Social Networks, Urban Computing,,,,,,,,,,,,,,,2024,,,,,,,,,,,,,,,,,,,,,,,,,,,,,,,,,,,,,,Masculino,Feminino,Masculino,não anotado,não anotado,não anotado,não anotado
MESTRADO,https://repositorio.unicamp.br/acervo/detalhe/1455893,orcid.org/0000-0002-0472-4810,orcid.org/0000-0002-3734-7679,orcid.org/0000-0001-7434-2642,,,,,Universidade Estadual de Campinas,24,Rafael C. S. Schouery,no info,Universidad de la Habana Facultad de Matematica y Computacion,Pedro Hokama,no info,Santiago Ravelo,no info,,,,,,,Universidade Federal de Itajubá,,,,,,,,,,,,,,,,,,,,,,,,,,,,,2024,,,,,,,,,,,,,,,,,,,,,,,,,,,,,,,,,,,,,,Masculino,Masculino,Masculino,não anotado,não anotado,não anotado,não anotado
MESTRADO,https://repositorio.unicamp.br/acervo/detalhe/1456876,orcid.org/0000-0002-9545-2098,orcid.org/0000-0001-9878-0380,orcid.org/0000-0002-9908-4384,,,,,Universidade Estadual de Campinas (UNICAMP),25,Julio Cesar Dos Reis,no info,Universidade Estadual de Campinas,André Constantino da Silva,Brazil,Bruno Cafeo,Brazil,,,,,,,Instituto Federal de Educação Ciência e Tecnologia de São Paulo,,,,,,,,,,,,,,,,,,,,,,,,,,,,,2024,,,,,,,,,,,,,,,,,,,,,,,,,,,,,,,,,,,,,,Masculino,Masculino,Masculino,não anotado,não anotado,não anotado,não anotado
MESTRADO,https://repositorio.unicamp.br/acervo/detalhe/1498636,orcid.org/0000-0003-1783-4231,orcid.org/0000-0003-0290-0080,orcid.org/0000-0002-8253-9004,,,,,Universidade Estadual de Campinas,26,Edson Borin,no info,no info,Leonardo Tomazeli Duarte,no info,Helena Maia,no info,,,,,,,University of Campinas (UNICAMP),,,,,,,,,,,,,,,signal processing,source separation,nonlinear models,Multiple-criteria decision analysis,,,,,,,,,,,2024,,,,,,,,,,,,,,,,,,,,,,,,,,,,,,,,,,,,,,Masculino,Masculino,Feminino,não anotado,não anotado,não anotado,não anotado
MESTRADO,https://repositorio.unicamp.br/acervo/detalhe/1456574,orcid.org/0000-0002-9545-2098,orcid.org/0000-0003-0325-1596,orcid.org/0000-0001-9504-496X,,,,,Universidade Estadual de Campinas (UNICAMP),27,Julio Cesar Dos Reis,no info,Centro de Tecnologia da Informação Renato Archer,Vagner Santana,no info,Ferrucio de Franco Rosa,no info,,,,,,,no info,,,,,,,,,,,,,,,,,,,,,,,,,,,,,2024,,,,,,,,,,,,,,,,,,,,,,,,,,,,,,,,,,,,,,Masculino,Masculino,Masculino,não anotado,não anotado,não anotado,não anotado
MESTRADO,https://repositorio.unicamp.br/acervo/detalhe/1456454,orcid.org/0000-0002-3372-3366,orcid.org/0000-0002-5250-1785,orcid.org/0000-0003-1303-3760,,,,,Universidade Estadual de Campinas,28,Leandro Villas,Brazil,"imec-COSIC, KU Leuven",Antonio A. F. Loureiro,no info,Hilder Vitor Lima Pereira,no info,,,,,,,Universidade Federal de Minas Gerais,,,,,,,,,,,,,,,,,,,,,,,,,,,,,2024,,,,,,,,,,,,,,,,,,,,,,,,,,,,,,,,,,,,,,Masculino,Masculino,Masculino,não anotado,não anotado,não anotado,não anotado
MESTRADO,https://repositorio.unicamp.br/acervo/detalhe/1456454,orcid.org/0000-0002-3372-3366,orcid.org/0000-0002-5250-1785,orcid.org/0000-0003-1303-3760,,,,,Universidade Estadual de Campinas,29,Leandro Villas,Brazil,"imec-COSIC, KU Leuven",Antonio A. F. Loureiro,no info,Hilder Vitor Lima Pereira,no info,,,,,,,Universidade Federal de Minas Gerais,,,,,,,,,,,,,,,,,,,,,,,,,,,,,2024,,,,,,,,,,,,,,,,,,,,,,,,,,,,,,,,,,,,,,Masculino,Masculino,Masculino,não anotado,não anotado,não anotado,não anotado
MESTRADO,https://repositorio.unicamp.br/acervo/detalhe/1456697,orcid.org/0000-0003-1783-4231,orcid.org/0000-0002-0746-4014,orcid.org/0000-0003-1214-3431,orcid.org/0000-0003-3946-979X,,,,Universidade Estadual de Campinas,30,Edson Borin,no info,Universidade Estadual de Campinas,Antonio Tadeu Azevedo Gomes,Brazil,Hervé Yviquel,Brazil,Parallel Computing,High Performance Computing,,,,,Laboratório Nacional de Computação Científica,,,Maicon Melo Alves,no info,,,,,Petrobras,,,,Parallel Programming Model,Compilers,Software architecture,Scientific computing,,,,,,,,,,,,,2024,,,,,,,,,,,,,,,,,,,,,,,,,,,,,,,,,,,,,,Masculino,Masculino,Masculino,Masculino,não anotado,não anotado,não anotado
MESTRADO,https://repositorio.unicamp.br/acervo/detalhe/1456451,orcid.org/0000-0002-6731-1482,orcid.org/0000-0001-9242-2806,orcid.org/0000-0003-1303-3760,,,,,no info,31,Julio Cesar Lopez Hernandez,Mexico,"imec-COSIC, KU Leuven",Routo Terada,Brazil,Hilder Vitor Lima Pereira,no info,,,,,,,Universidade de São Paulo,,,,,,,,,,,,,,,Cryptography,,,,,,,,,,,,,,2024,,,,,,,,,,,,,,,,,,,,,,,,,,,,,,,,,,,,,,Masculino,Masculino,Masculino,não anotado,não anotado,não anotado,não anotado
MESTRADO,https://repositorio.unicamp.br/acervo/detalhe/1490236,orcid.org/0000-0002-6731-1482,orcid.org/0000-0003-1303-3760,orcid.org/0000-0001-5110-6639,,,,,no info,32,Julio Cesar Lopez Hernandez,Mexico,IMDEA Software,Hilder Vitor Lima Pereira,no info,Antonio Guimarães,no info,,,,,,,"imec-COSIC, KU Leuven",,,,,,,,,,,,,,,,,,,,,,,,,,,,,2024,,,,,,,,,,,,,,,,,,,,,,,,,,,,,,,,,,,,,,Masculino,Masculino,Masculino,não anotado,não anotado,não anotado,não anotado
MESTRADO,https://repositorio.unicamp.br/acervo/detalhe/1499435,orcid.org/0000-0002-3754-9115,orcid.org/0000-0002-9666-3954,orcid.org/0000-0002-8786-3313,,,,,Instituto Butantan,33,Marcelo Reis,no info,Universidade Tecnológica Federal do Paraná,Ricardo Gudwin,Brazil,Fabricio Martins Lopes,Brazil,Bioinformatics,Computer Vision,,,,,State University of Campinas,,,,,,,,,,,,,Feature Extraction,Pattern Recognition,Artificial Intelligence,Cognitive Systems,Intelligent Systems,Cognitive Architectures,,Machine Learning,,,,,,,,,2024,,,,,,,,,,,,,,,,,,,,,,,,,,,,,,,,,,,,,,Masculino,Masculino,Masculino,não anotado,não anotado,não anotado,não anotado
DOUTORADO,https://repositorio.unicamp.br/acervo/detalhe/1389654,orcid.org/0000-0002-5564-698X,orcid.org/0000-0002-1927-7398,orcid.org/0000-0002-7418-7918,orcid.org/0000-0002-8603-699X,orcid.org/0000-0002-0517-1496,,,University of Campinas,34,Lucas Wanner,no info,Universidade Tecnológica Federal do Paraná,claudio miceli,no info,Roberto Scheffel,Brazil,,,,,,,no info,no info,,Juliana Freitag Borin,Brazil,,,,,University of Campinas,Gustavo Fraidenraich,Brazil,,,,,,,,,,Internet of Things, Smart Cities, Computer network protocols,,,,,,2024,,,,,,,,,,,,,,,,,,,,,,,,,,,,,,,,,,,,,,Masculino,Masculino,Masculino,Feminino,Masculino,não anotado,não anotado
DOUTORADO,https://repositorio.unicamp.br/acervo/detalhe/1394271,orcid.org/0000-0002-4830-5298,orcid.org/0000-0002-4059-8700,orcid.org/0000-0003-3441-0887,orcid.org/0000-0002-6023-5982,orcid.org/0000-0002-1884-8830,,,Universidade Estadual de Campinas,35,Maria Cecilia Calani Baranauskas,Brazil,Centro de Tecnologia da Informação Renato Archer,Vânia Paula de Almeida Neris,no info,Rodrigo Bonacin,no info,,,HCI,Socially Aware Design,Organizational Semiotics,Participatory Design,Federal University of São Carlos,Universidade Estadual de Campinas,,Islene Calciolari Garcia,no info,,,,,University of Campinas,Flávia Linhalis,Brazil,,,,,,,,,,,,,,,,,,2024,,,,,,,,,,,,,,,,,,,,,,,,,,,,,,,,,,,,,,Feminino,Feminino,Masculino,Feminino,Feminino,não anotado,não anotado
DOUTORADO,https://repositorio.unicamp.br/acervo/detalhe/1394227,orcid.org/0000-0002-2914-5380,orcid.org/0000-0003-0125-630X,orcid.org/0000-0002-6494-7514,orcid.org/0000-0002-0876-0501,orcid.org/0000-0003-0467-3133,,,Universidade Estadual de Campinas,36,Alexandre Falcao,Brazil,no info,Helio Pedrini,Brazil,João Paulo Papa,no info,machine learning, image processing,image processing, visualization, and analysis, (interactive) machine learning ,University of Campinas,Universidade Estadual de Campinas,,Thales Sehn Körting,Brazil,,,,,Instituto Nacional de Pesquisas Espaciais,Esther Luna Colombini,no info,, computervision, meta-heuristics,image and video processing; machine learning; computer vision,,,,,,,,,,,,,,2024,,,,,,,,,,,,,,,,,,,,,,,,,,,,,,,,,,,,,,Masculino,Masculino,Masculino,Masculino,Feminino,não anotado,não anotado
DOUTORADO,https://repositorio.unicamp.br/acervo/detalhe/1394764,orcid.org/0000-0002-3372-3366,orcid.org/0000-0002-8341-8183,orcid.org/0000-0003-2956-6326,orcid.org/0000-0002-9545-2098,orcid.org/0000-0002-3875-2211,,,Universidade Estadual de Campinas,37,Leandro Villas,Brazil,Universidade Federal de São Paulo,Vinicius Mota,no info,"Faria, Fabio A.",Brazil,,,,,,,Federal University of Espírito Santo,no info,,Julio Cesar Dos Reis,no info,,,,,Universidade Estadual de Campinas (UNICAMP),Nádia Silva,no info,,,,,,,,,,,,,,,,,,2024,,,,,,,,,,,,,,,,,,,,,,,,,,,,,,,,,,,,,,Masculino,Masculino,Masculino,Masculino,Feminino,não anotado,não anotado
DOUTORADO,https://repositorio.unicamp.br/acervo/detalhe/1390745,orcid.org/0000-0003-3333-6822,orcid.org/0000-0001-6822-931X,orcid.org/0000-0003-4462-3325,orcid.org/0000-0003-2608-4807,,,,University of Campinas,38,Zanoni Dias,Brazil,University of Campinas,Maria Emilia Walter,Brazil,Orlando Lee,no info,,,,,,,University of Brasilia,,,Guilherme P. Telles,Brazil,,,,,Universidade Estadual de Campinas,,,,,,bioinformatics, non-coding RNAs, genomics, transcriptomics, genome rearrangements,,,,,,,,,,2024,,,,,,,,,,,,,,,,,,,,,,,,,,,,,,,,,,,,,,Masculino,Feminino,Masculino,Masculino,não anotado,não anotado,não anotado
DOUTORADO,https://repositorio.unicamp.br/acervo/detalhe/1394578,orcid.org/0000-0003-0125-630X,orcid.org/0000-0002-2894-3911,orcid.org/0000-0001-9193-2302,orcid.org/0000-0002-3754-9115,orcid.org/0000-0003-1781-2630,,,University of Campinas,39,Helio Pedrini,Brazil,Universidade Federal de Juiz de Fora,Samuel Martins,Netherlands,Luiz Maciel,no info,,,image and video processing; machine learning; computer vision,,,,Federal Institute of São Paulo,no info,,Marcelo Reis,no info,,,,,Instituto Butantan,Leo Sampaio Ferraz Ribeiro,no info,,,,,,,,,,,,,,,,,,2024,,,,,,,,,,,,,,,,,,,,,,,,,,,,,,,,,,,,,,Masculino,Masculino,Masculino,Masculino,Feminino,não anotado,não anotado
DOUTORADO,https://repositorio.unicamp.br/acervo/detalhe/1394128,orcid.org/0000-0002-4236-8212,orcid.org/0000-0002-2497-9140,orcid.org/0000-0002-3385-5780,orcid.org/0000-0003-0467-3133,orcid.org/0000-0002-5446-114X,,,Universidade Estadual de Campinas,40,Anderson Rocha,Brazil,University of Ljubljana,Sébastien Marcel,Switzerland,Vitomir Štruc,no info,biometrics, face recognition,Machine Intelligence; Digital Forensics; Reasoning for Complex Data,,,,Idiap Research Institute,University of Notre Dame,,Esther Luna Colombini,no info,,,,,Universidade Estadual de Campinas,Patrick Flynn,no info,, pattern recognition, machine learning,biometrics,machine learning,face recognition,vein recognition,presentation attack detection, signal processing,,,,,,,,,2024,,,,,,,,,spoofing,,,,,,,,,,anti-spoofing,,speaker recognition,morphing attack detection,deepfakes detection,biometric template protection,,,,,,,,,,,,,,Masculino,Masculino,Masculino,Feminino,Masculino,não anotado,não anotado
DOUTORADO,https://repositorio.unicamp.br/acervo/detalhe/1397795,orcid.org/0000-0001-9068-938X,orcid.org/0000-0003-0087-6806,orcid.org/0000-0003-0117-9308,orcid.org/0000-0003-0467-3133,orcid.org/0000-0001-8182-5554,,,Universidade Estadual de Campinas,41,Sandra Avila,no info,Universidade Federal do Espírito Santo,FLAVIA VASQUES BITTENCOURT,no info,AGC Pacheco,Brazil,,,,,,,no info,University of Campinas,,Esther Luna Colombini,no info,,,,,Universidade Estadual de Campinas,Leticia Rittner,no info,,,,,,,,,,,,,,,,,,2024,,,,,,,,,,,,,,,,,,,,,,,,,,,,,,,,,,,,,,Feminino,Feminino,Masculino,Feminino,Feminino,não anotado,não anotado
DOUTORADO,https://repositorio.unicamp.br/acervo/detalhe/1398630,orcid.org/0000-0002-9545-2098,orcid.org/0000-0002-1756-4852,orcid.org/0000-0002-5233-7639,orcid.org/0000-0001-9305-5323,orcid.org/0000-0002-2316-760X,,,Universidade Estadual de Campinas (UNICAMP),42,Julio Cesar Dos Reis,no info,Universidade de São Paulo Instituto de Ciências Matemáticas e de Computação,André Santanchè,no info,Solange Rezende,no info,,,,,,,Universidade Estadual de Campinas,Dalhousie University,,Damires Souza,no info,,,,,no info,Fernando Paulovich,Netherlands,,,,,,,,,,,,,Information Visualization,Visual Analytics,Visual Data Mining,,,2024,,,,,,,,,,,,,,,,,,,,,,,,,,,,,,,,,,,,,,Masculino,Masculino,Feminino,Feminino,Masculino,não anotado,não anotado
DOUTORADO,https://repositorio.unicamp.br/acervo/detalhe/1398860,orcid.org/0000-0002-9545-2098,orcid.org/0000-0002-5494-319X,orcid.org/0000-0003-4886-7298,sem orcid,orcid.org/0000-0003-4832-9318,,,Universidade Estadual de Campinas (UNICAMP),43,Julio Cesar Dos Reis,no info,Universidade de São Paulo Faculdade de Medicina de Ribeirão Preto,Magdala de Araujo Novaes,Brazil,Renato M.E. Sabbatini,Brazil,Biomedical informatics,Telemedicine,,,,,Universidade Federal de Pernambuco,Universidade Estadual de Campinas,,sem orcid,sem orcid,,,,,sem orcid,Ivan Luiz Marques Ricarte,Brazil,,Distance education,Neuroscience,,,,,,,,,,,,,,,2024,,,,,,,,,,,,,,,,,,,,,,,,,,,,,,,,,,,,,,Masculino,Feminino,Masculino,sem orcid,Masculino,não anotado,não anotado
DOUTORADO,https://repositorio.unicamp.br/acervo/detalhe/1397455,orcid.org/0000-0001-6305-9059,orcid.org/0000-0003-0524-3274,orcid.org/0000-0002-5455-8910,orcid.org/0000-0002-8603-699X,orcid.org/0000-0002-9539-6874,,,Universidade Estadual de Campinas,44,Luiz Fernando Bittencourt,no info,Federal University of São Carlos,Julio Cezar Estrella,Brazil,Fabio Verdi,Brazil,Computer Networks, SDN,,,,,Univesity of Sao Paulo,Universidade Estadual de Campinas,,Juliana Freitag Borin,Brazil,,,,,University of Campinas,Sandro Rigo,Brazil,, Cloud computing, monitoring,Distributed Systems, Cloud Computing, Internet of Things,,, management,Internet of Things, Smart Cities, Computer network protocols,Computer Architecture,Compilers,Code Optimization,High-Performance Computing,,2024,,,,,,,,,,, virtualizatoin,,,,,,,,,,,,,,,,,,,,,,,,,,,Masculino,Masculino,Masculino,Feminino,Masculino,não anotado,não anotado
DOUTORADO,https://repositorio.unicamp.br/acervo/detalhe/1410421,orcid.org/0000-0002-2914-5380,orcid.org/0000-0003-4869-5190,orcid.org/0000-0002-4236-8212,orcid.org/0000-0001-6342-428X,orcid.org/0000-0001-7412-5250,orcid.org/0000-0001-6332-0296,orcid.org/0000-0002-5652-0852,Universidade Estadual de Campinas,45,Alexandre Falcao,Brazil,Universidade Estadual de Campinas,Guido Araujo,no info,Anderson Rocha,Brazil,Machine Intelligence; Digital Forensics; Reasoning for Complex Data,,image processing, visualization, and analysis, (interactive) machine learning ,Universidade Estadual de Campinas,Centrum Wiskunde en Informatica,University of Trento,Albert Ali Salah,Netherlands,Roberto Lotufo,no info,Yannis Velegrakis,Netherlands,Boğaziçi Üniversitesi,Lynda Hardman,no info,Universidade Estadual de Campinas,,,,,,,,,Human behavior understanding,Affective computing,Pattern recognition,,,,,,2024,,,,,,,Multimodal interaction,Computer vision,,,,,,,,,,,,,,,,,Machine learning,,,Big Data, Databases, Data Management, Analytics,,,,,,,Masculino,Masculino,Masculino,Masculino,Feminino,Masculino,Masculino
DOUTORADO,https://repositorio.unicamp.br/acervo/detalhe/1406201,orcid.org/0000-0003-0125-630X,orcid.org/0000-0001-7093-0244,orcid.org/0000-0001-8597-4987,orcid.org/0000-0003-1691-6243,orcid.org/0000-0002-1756-4852,,,University of Campinas,46,Helio Pedrini,Brazil,Universidade Federal do ABC,Camila Duelis Viana,Brazil,Ronaldo Prati,no info,data mining, machine learning,image and video processing; machine learning; computer vision,,,,Tratch Mundi Gerenciamento Ambiental LTDA,Universidade Estadual de Campinas,,Emilson Leite,Brazil,,,,,State University of Campinas,André Santanchè,no info,, artificial intelligence,,Photogrammetry,Remote Sensing,Structural Geology,GIS,Engineering Geology,,Geophysics,Geology,Python,,,,,,2024,,,,,,,Reservoir Characterization,Impact Craters,,,,,,,,,,,,,,,,,,,,,,,,,,,,,,Masculino,Feminino,Masculino,Masculino,Masculino,não anotado,não anotado
DOUTORADO,https://repositorio.unicamp.br/acervo/detalhe/1408046,orcid.org/0000-0002-8803-0401,orcid.org/0000-0003-1840-2895,orcid.org/0000-0003-2970-2084,orcid.org/0000-0001-5201-1244,orcid.org/0000-0002-9545-2098,,,UNICAMP,47,Rodolfo Azevedo,Brazil,Federal University of Amazonas,Rodrigo Duran,Brazil,Leandro Galvao,Brazil,Computer Science Education,,,,,,Federal Institute of Mato Grosso do Sul,Universidade Estadual de Campinas (UNICAMP),,Jacques Wainer,Brazil,,,,,Universidade Estadual de Campinas (UNICAMP),Julio Cesar Dos Reis,no info,,,,,,,,,,,,,,,,,,2024,,,,,,,,,,,,,,,,,,,,,,,,,,,,,,,,,,,,,,Masculino,Masculino,Masculino,Masculino,Masculino,não anotado,não anotado
DOUTORADO,https://repositorio.unicamp.br/acervo/detalhe/1412466,orcid.org/0000-0001-9772-263X,orcid.org/0000-0003-2440-0247,orcid.org/0000-0003-4286-5304,orcid.org/0000-0002-4641-0684,orcid.org/0000-0002-1941-6036,,,Universidade Estadual de Campinas,48,Ricardo Torres,Netherlands,Norwegian University of Science and Technology,Guillermo Camara Chavez,no info,Henrique Gaspar,no info,,,multimedia retrieval,multimedia classification,machine learning,information visualization,Universidade Federal de Ouro Preto,Universidade Estadual de Campinas,,Guilherme Palermo Coelho,Brazil,,,,,Universidade Estadual de Campinas,Marco Antonio Garcia de Carvalho,Brazil,,,,,,,,,,Computational Intelligence,Machine Learning,Multi-objective Optimization,image segmentation,graphs,image processing,digital education,pattern recognition,2024,data science,,,,,,Natural Computing,Meta-heuristics,,,,,,,,,,,,,,,,,Artificial Neural Networks,,Ensembles,,,,,,,,,,,Masculino,Masculino,Masculino,Masculino,Masculino,não anotado,não anotado
DOUTORADO,https://repositorio.unicamp.br/acervo/detalhe/1436248,orcid.org/0000-0002-1180-2637,orcid.org/0000-0001-5746-4154,orcid.org/0000-0002-8781-3914,orcid.org/0000-0002-8111-1719,orcid.org/0000-0002-2407-0981,,,UNICAMP - University of Campinas,49,Edmundo Madeira,no info,Federal University of Uberlândia,Alfredo Goldman,no info,Rafael Pasquini,no info,,,,,,,no info,Universidade Estadual de Campinas,,Magnos Martinello,Brazil,,,,,Universidade Federal do Espírito Santo,Carlos Alberto Astudillo Trujillo,Brazil,,,,,,,,,,Computer networks, Performance Analysis and Software Defined Networking,,Wireless Networking,LTE,M2M,IoT,RoF,2024,,,,,,,,,,,,,,,,,,,,,,,,,,,,,,,,,,,,,,Masculino,Masculino,Masculino,Masculino,Masculino,não anotado,não anotado
DOUTORADO,https://repositorio.unicamp.br/acervo/detalhe/1456019,orcid.org/0000-0002-4236-8212,orcid.org/0000-0003-0158-7432,sem orcid,orcid.org/0000-0001-9722-5764,orcid.org/0000-0002-8727-4500,,,Universidade Estadual de Campinas,50,Anderson Rocha,Brazil,sem orcid,Renan Moritz Varnier Rodrigues de Almeida,no info,sem orcid,sem orcid,,,Machine Intelligence; Digital Forensics; Reasoning for Complex Data,,,,Universidade Federal do Rio de Janeiro,State University of Campinas,,Nina S. T. Hirata,no info,,,,,Universidade de São Paulo,Sergio Salles-Filho,no info,,,,,,,,,,Machine Learning, Deep learning, Pattern Recognition,,,,,,2024,,,,,,, Image analysis, Image Processing,,,,,,,,,,,,,,,,,,,,,,,,,,,,,,Masculino,Masculino,sem orcid,Feminino,Masculino,não anotado,não anotado
DOUTORADO,https://repositorio.unicamp.br/acervo/detalhe/1456447,orcid.org/0000-0002-4236-8212,orcid.org/0000-0003-4929-7258,orcid.org/0000-0003-1574-0362,orcid.org/0000-0002-1534-5744,orcid.org/0000-0002-3754-9115,,,Universidade Estadual de Campinas,51,Anderson Rocha,Brazil,Instituto Tecnológico de Aeronáutica,Agma Traina,no info,Cesar Marcondes,Brazil,,,Machine Intelligence; Digital Forensics; Reasoning for Complex Data,,,,Universidade de São Paulo Instituto de Ciências Matemáticas e de Computação,Instituto Butantan,,Paula Dornhofer Paro Costa,Brazil,,,,,Universidade Estadual de Campinas (UNICAMP),Marcelo Reis,no info,,,,,,,,,,,,,,,,,,2024,,,,,,,,,,,,,,,,,,,,,,,,,,,,,,,,,,,,,,Masculino,Feminino,Masculino,Feminino,Masculino,não anotado,não anotado
DOUTORADO,https://repositorio.unicamp.br/acervo/detalhe/1456290,orcid.org/0000-0002-6731-1482,orcid.org/0000-0002-1310-0997,orcid.org/0000-0001-7048-6585,orcid.org/0000-0001-9241-2229,orcid.org/0000-0001-9577-9309,,,no info,52,Julio Cesar Lopez Hernandez,Mexico,no info,Peter Schwabe,no info,Jeroen van de Graaf,no info,,,,,,,no info,no info,,Marco A. Amaral Henriques,no info,,,,,University of Campinas,Eduardo Morais,no info,,,,,,,,,,,,,,,,,,2024,,,,,,,,,,,,,,,,,,,,,,,,,,,,,,,,,,,,,,Masculino,Masculino,Masculino,Masculino,Masculino,não anotado,não anotado
DOUTORADO,https://repositorio.unicamp.br/acervo/detalhe/1456842,orcid.org/0000-0002-9529-4253,orcid.org/0000-0002-2042-4623,orcid.org/0000-0001-9924-0079,orcid.org/0000-0002-1649-6843,orcid.org/0000-0001-7434-2642,,,University of Campinas,53,Pedro J. de Rezende,no info,no info,Breno Piva,Brazil,Fabio Protti,no info,,,,,,,Universidade Federal de Sergipe,Universidad de la Habana Facultad de Matematica y Computacion,,Kelly Poldi,no info,,,,,Universidade Federal de São Paulo,Santiago Ravelo,no info,,,,,,,,,,,,,,,,,,2024,,,,,,,,,,,,,,,,,,,,,,,,,,,,,,,,,,,,,,Masculino,Masculino,Masculino,Feminino,Masculino,não anotado,não anotado
DOUTORADO,https://repositorio.unicamp.br/acervo/detalhe/1490425,orcid.org/0000-0002-4830-5298,orcid.org/0009-0000-2453-6617,orcid.org/0000-0002-1736-544X,orcid.org/0000-0002-2431-8457,orcid.org/0000-0001-5804-950X,,,Universidade Estadual de Campinas,54,Maria Cecilia Calani Baranauskas,Brazil,Universidade Federal de São Carlos,Amanda Meincke Melo,no info,Luciana Zaina,Brazil,UX design,UX,HCI,Socially Aware Design,Organizational Semiotics,Participatory Design,no info,no info,,Cristiano  Maciel,Brazil,,,,,Sociedade Brasileira de Computação,Alysson Prado,no info,,Agile UX,Agile practices,,,,,,,E-Participation,Citizen Participation,E-Government,,,,,,2024,,,,,,,E-Democracy,Social Networks,,,,,,,,,,,,,,,,,Web 2.0,,Communication,,,,,Human-Computer Interaction,Social Network Analysis,Information and Communication Technology,Death and Technologies,Gender, race and Technology,Feminino,Feminino,Feminino,Masculino,Masculino,não anotado,não anotado
